2025-01-07 11:25:34 [main] INFO  o.s.c.c.c.ConfigServerConfigDataLoader - Fetching config from server at : http://localhost:8888/ %PARSER_ERROR[nMDC]:[traceId=, spanId=]
2025-01-07 11:25:34 [main] INFO  o.s.c.c.c.ConfigServerConfigDataLoader - Located environment: name=product-manage-service, profiles=[default], label=null, version=null, state=null %PARSER_ERROR[nMDC]:[traceId=, spanId=]
2025-01-07 11:25:34 [main] ERROR o.s.boot.SpringApplication - Application run failed %PARSER_ERROR[nMDC]:[traceId=, spanId=]
java.lang.IllegalStateException: java.lang.IllegalStateException: Logback configuration error detected: 
ERROR in ch.qos.logback.core.pattern.parser.Compiler@4f824872 - There is no conversion class registered for conversion word [nMDC]
ERROR in ch.qos.logback.core.pattern.parser.Compiler@4f824872 - [nMDC] is not a valid conversion word
ERROR in ch.qos.logback.core.pattern.parser.Compiler@b016b4e - There is no conversion class registered for conversion word [nMDC]
ERROR in ch.qos.logback.core.pattern.parser.Compiler@b016b4e - [nMDC] is not a valid conversion word
ERROR in ch.qos.logback.core.pattern.parser.Compiler@29629fbb - There is no conversion class registered for conversion word [nMDC]
ERROR in ch.qos.logback.core.pattern.parser.Compiler@29629fbb - [nMDC] is not a valid conversion word
ERROR in ch.qos.logback.core.pattern.parser.Compiler@681adc8f - There is no conversion class registered for conversion word [nMDC]
ERROR in ch.qos.logback.core.pattern.parser.Compiler@681adc8f - [nMDC] is not a valid conversion word
	at org.springframework.boot.context.logging.LoggingApplicationListener.initializeSystem(LoggingApplicationListener.java:347)
	at org.springframework.boot.context.logging.LoggingApplicationListener.initialize(LoggingApplicationListener.java:298)
	at org.springframework.boot.context.logging.LoggingApplicationListener.onApplicationEnvironmentPreparedEvent(LoggingApplicationListener.java:246)
	at org.springframework.boot.context.logging.LoggingApplicationListener.onApplicationEvent(LoggingApplicationListener.java:223)
	at org.springframework.context.event.SimpleApplicationEventMulticaster.doInvokeListener(SimpleApplicationEventMulticaster.java:185)
	at org.springframework.context.event.SimpleApplicationEventMulticaster.invokeListener(SimpleApplicationEventMulticaster.java:178)
	at org.springframework.context.event.SimpleApplicationEventMulticaster.multicastEvent(SimpleApplicationEventMulticaster.java:156)
	at org.springframework.context.event.SimpleApplicationEventMulticaster.multicastEvent(SimpleApplicationEventMulticaster.java:138)
	at org.springframework.boot.context.event.EventPublishingRunListener.multicastInitialEvent(EventPublishingRunListener.java:136)
	at org.springframework.boot.context.event.EventPublishingRunListener.environmentPrepared(EventPublishingRunListener.java:81)
	at org.springframework.boot.SpringApplicationRunListeners.lambda$environmentPrepared$2(SpringApplicationRunListeners.java:64)
	at java.base/java.lang.Iterable.forEach(Iterable.java:75)
	at org.springframework.boot.SpringApplicationRunListeners.doWithListeners(SpringApplicationRunListeners.java:118)
	at org.springframework.boot.SpringApplicationRunListeners.doWithListeners(SpringApplicationRunListeners.java:112)
	at org.springframework.boot.SpringApplicationRunListeners.environmentPrepared(SpringApplicationRunListeners.java:63)
	at org.springframework.boot.SpringApplication.prepareEnvironment(SpringApplication.java:353)
	at org.springframework.boot.SpringApplication.run(SpringApplication.java:313)
	at org.springframework.boot.SpringApplication.run(SpringApplication.java:1361)
	at org.springframework.boot.SpringApplication.run(SpringApplication.java:1350)
	at org.vdt.productmanagementservice.ProductManagementServiceApplication.main(ProductManagementServiceApplication.java:12)
Caused by: java.lang.IllegalStateException: Logback configuration error detected: 
ERROR in ch.qos.logback.core.pattern.parser.Compiler@4f824872 - There is no conversion class registered for conversion word [nMDC]
ERROR in ch.qos.logback.core.pattern.parser.Compiler@4f824872 - [nMDC] is not a valid conversion word
ERROR in ch.qos.logback.core.pattern.parser.Compiler@b016b4e - There is no conversion class registered for conversion word [nMDC]
ERROR in ch.qos.logback.core.pattern.parser.Compiler@b016b4e - [nMDC] is not a valid conversion word
ERROR in ch.qos.logback.core.pattern.parser.Compiler@29629fbb - There is no conversion class registered for conversion word [nMDC]
ERROR in ch.qos.logback.core.pattern.parser.Compiler@29629fbb - [nMDC] is not a valid conversion word
ERROR in ch.qos.logback.core.pattern.parser.Compiler@681adc8f - There is no conversion class registered for conversion word [nMDC]
ERROR in ch.qos.logback.core.pattern.parser.Compiler@681adc8f - [nMDC] is not a valid conversion word
	at org.springframework.boot.logging.logback.LogbackLoggingSystem.reportConfigurationErrorsIfNecessary(LogbackLoggingSystem.java:291)
	at org.springframework.boot.logging.logback.LogbackLoggingSystem.loadConfiguration(LogbackLoggingSystem.java:269)
	at org.springframework.boot.logging.AbstractLoggingSystem.initializeWithConventions(AbstractLoggingSystem.java:81)
	at org.springframework.boot.logging.AbstractLoggingSystem.initialize(AbstractLoggingSystem.java:61)
	at org.springframework.boot.logging.logback.LogbackLoggingSystem.initialize(LogbackLoggingSystem.java:197)
	at org.springframework.boot.context.logging.LoggingApplicationListener.initializeSystem(LoggingApplicationListener.java:332)
	... 19 common frames omitted
2025-01-07 11:28:06 [main] INFO  o.s.c.c.c.ConfigServerConfigDataLoader - Fetching config from server at : http://localhost:8888/ %PARSER_ERROR[nMDC]:[traceId=, spanId=]
2025-01-07 11:28:06 [main] INFO  o.s.c.c.c.ConfigServerConfigDataLoader - Located environment: name=product-manage-service, profiles=[default], label=null, version=null, state=null %PARSER_ERROR[nMDC]:[traceId=, spanId=]
2025-01-07 11:28:06 [main] ERROR o.s.boot.SpringApplication - Application run failed %PARSER_ERROR[nMDC]:[traceId=, spanId=]
java.lang.IllegalStateException: java.lang.IllegalStateException: Logback configuration error detected: 
ERROR in ch.qos.logback.core.pattern.parser.Compiler@29629fbb - There is no conversion class registered for conversion word [nMDC]
ERROR in ch.qos.logback.core.pattern.parser.Compiler@29629fbb - [nMDC] is not a valid conversion word
ERROR in ch.qos.logback.core.pattern.parser.Compiler@681adc8f - There is no conversion class registered for conversion word [nMDC]
ERROR in ch.qos.logback.core.pattern.parser.Compiler@681adc8f - [nMDC] is not a valid conversion word
ERROR in ch.qos.logback.core.pattern.parser.Compiler@3506d826 - There is no conversion class registered for conversion word [nMDC]
ERROR in ch.qos.logback.core.pattern.parser.Compiler@3506d826 - [nMDC] is not a valid conversion word
ERROR in ch.qos.logback.core.pattern.parser.Compiler@35dd9ed3 - There is no conversion class registered for conversion word [MDC]
ERROR in ch.qos.logback.core.pattern.parser.Compiler@35dd9ed3 - [MDC] is not a valid conversion word
	at org.springframework.boot.context.logging.LoggingApplicationListener.initializeSystem(LoggingApplicationListener.java:347)
	at org.springframework.boot.context.logging.LoggingApplicationListener.initialize(LoggingApplicationListener.java:298)
	at org.springframework.boot.context.logging.LoggingApplicationListener.onApplicationEnvironmentPreparedEvent(LoggingApplicationListener.java:246)
	at org.springframework.boot.context.logging.LoggingApplicationListener.onApplicationEvent(LoggingApplicationListener.java:223)
	at org.springframework.context.event.SimpleApplicationEventMulticaster.doInvokeListener(SimpleApplicationEventMulticaster.java:185)
	at org.springframework.context.event.SimpleApplicationEventMulticaster.invokeListener(SimpleApplicationEventMulticaster.java:178)
	at org.springframework.context.event.SimpleApplicationEventMulticaster.multicastEvent(SimpleApplicationEventMulticaster.java:156)
	at org.springframework.context.event.SimpleApplicationEventMulticaster.multicastEvent(SimpleApplicationEventMulticaster.java:138)
	at org.springframework.boot.context.event.EventPublishingRunListener.multicastInitialEvent(EventPublishingRunListener.java:136)
	at org.springframework.boot.context.event.EventPublishingRunListener.environmentPrepared(EventPublishingRunListener.java:81)
	at org.springframework.boot.SpringApplicationRunListeners.lambda$environmentPrepared$2(SpringApplicationRunListeners.java:64)
	at java.base/java.lang.Iterable.forEach(Iterable.java:75)
	at org.springframework.boot.SpringApplicationRunListeners.doWithListeners(SpringApplicationRunListeners.java:118)
	at org.springframework.boot.SpringApplicationRunListeners.doWithListeners(SpringApplicationRunListeners.java:112)
	at org.springframework.boot.SpringApplicationRunListeners.environmentPrepared(SpringApplicationRunListeners.java:63)
	at org.springframework.boot.SpringApplication.prepareEnvironment(SpringApplication.java:353)
	at org.springframework.boot.SpringApplication.run(SpringApplication.java:313)
	at org.springframework.boot.SpringApplication.run(SpringApplication.java:1361)
	at org.springframework.boot.SpringApplication.run(SpringApplication.java:1350)
	at org.vdt.productmanagementservice.ProductManagementServiceApplication.main(ProductManagementServiceApplication.java:12)
Caused by: java.lang.IllegalStateException: Logback configuration error detected: 
ERROR in ch.qos.logback.core.pattern.parser.Compiler@29629fbb - There is no conversion class registered for conversion word [nMDC]
ERROR in ch.qos.logback.core.pattern.parser.Compiler@29629fbb - [nMDC] is not a valid conversion word
ERROR in ch.qos.logback.core.pattern.parser.Compiler@681adc8f - There is no conversion class registered for conversion word [nMDC]
ERROR in ch.qos.logback.core.pattern.parser.Compiler@681adc8f - [nMDC] is not a valid conversion word
ERROR in ch.qos.logback.core.pattern.parser.Compiler@3506d826 - There is no conversion class registered for conversion word [nMDC]
ERROR in ch.qos.logback.core.pattern.parser.Compiler@3506d826 - [nMDC] is not a valid conversion word
ERROR in ch.qos.logback.core.pattern.parser.Compiler@35dd9ed3 - There is no conversion class registered for conversion word [MDC]
ERROR in ch.qos.logback.core.pattern.parser.Compiler@35dd9ed3 - [MDC] is not a valid conversion word
	at org.springframework.boot.logging.logback.LogbackLoggingSystem.reportConfigurationErrorsIfNecessary(LogbackLoggingSystem.java:291)
	at org.springframework.boot.logging.logback.LogbackLoggingSystem.loadConfiguration(LogbackLoggingSystem.java:269)
	at org.springframework.boot.logging.AbstractLoggingSystem.initializeWithConventions(AbstractLoggingSystem.java:81)
	at org.springframework.boot.logging.AbstractLoggingSystem.initialize(AbstractLoggingSystem.java:61)
	at org.springframework.boot.logging.logback.LogbackLoggingSystem.initialize(LogbackLoggingSystem.java:197)
	at org.springframework.boot.context.logging.LoggingApplicationListener.initializeSystem(LoggingApplicationListener.java:332)
	... 19 common frames omitted
2025-01-07 11:28:59 [main] INFO  o.s.c.c.c.ConfigServerConfigDataLoader - Fetching config from server at : http://localhost:8888/ %PARSER_ERROR[MDC]:[traceId=, spanId=]
2025-01-07 11:28:59 [main] INFO  o.s.c.c.c.ConfigServerConfigDataLoader - Located environment: name=product-manage-service, profiles=[default], label=null, version=null, state=null %PARSER_ERROR[MDC]:[traceId=, spanId=]
2025-01-07 11:28:59 [main] ERROR o.s.boot.SpringApplication - Application run failed %PARSER_ERROR[MDC]:[traceId=, spanId=]
java.lang.IllegalStateException: java.lang.IllegalStateException: Logback configuration error detected: 
ERROR in ch.qos.logback.core.pattern.parser.Compiler@5782d777 - There is no conversion class registered for conversion word [MDC]
ERROR in ch.qos.logback.core.pattern.parser.Compiler@5782d777 - [MDC] is not a valid conversion word
ERROR in ch.qos.logback.core.pattern.parser.Compiler@4f824872 - There is no conversion class registered for conversion word [MDC]
ERROR in ch.qos.logback.core.pattern.parser.Compiler@4f824872 - [MDC] is not a valid conversion word
ERROR in ch.qos.logback.core.pattern.parser.Compiler@b016b4e - There is no conversion class registered for conversion word [MDC]
ERROR in ch.qos.logback.core.pattern.parser.Compiler@b016b4e - [MDC] is not a valid conversion word
ERROR in ch.qos.logback.core.pattern.parser.Compiler@29629fbb - There is no conversion class registered for conversion word [MDC]
ERROR in ch.qos.logback.core.pattern.parser.Compiler@29629fbb - [MDC] is not a valid conversion word
	at org.springframework.boot.context.logging.LoggingApplicationListener.initializeSystem(LoggingApplicationListener.java:347)
	at org.springframework.boot.context.logging.LoggingApplicationListener.initialize(LoggingApplicationListener.java:298)
	at org.springframework.boot.context.logging.LoggingApplicationListener.onApplicationEnvironmentPreparedEvent(LoggingApplicationListener.java:246)
	at org.springframework.boot.context.logging.LoggingApplicationListener.onApplicationEvent(LoggingApplicationListener.java:223)
	at org.springframework.context.event.SimpleApplicationEventMulticaster.doInvokeListener(SimpleApplicationEventMulticaster.java:185)
	at org.springframework.context.event.SimpleApplicationEventMulticaster.invokeListener(SimpleApplicationEventMulticaster.java:178)
	at org.springframework.context.event.SimpleApplicationEventMulticaster.multicastEvent(SimpleApplicationEventMulticaster.java:156)
	at org.springframework.context.event.SimpleApplicationEventMulticaster.multicastEvent(SimpleApplicationEventMulticaster.java:138)
	at org.springframework.boot.context.event.EventPublishingRunListener.multicastInitialEvent(EventPublishingRunListener.java:136)
	at org.springframework.boot.context.event.EventPublishingRunListener.environmentPrepared(EventPublishingRunListener.java:81)
	at org.springframework.boot.SpringApplicationRunListeners.lambda$environmentPrepared$2(SpringApplicationRunListeners.java:64)
	at java.base/java.lang.Iterable.forEach(Iterable.java:75)
	at org.springframework.boot.SpringApplicationRunListeners.doWithListeners(SpringApplicationRunListeners.java:118)
	at org.springframework.boot.SpringApplicationRunListeners.doWithListeners(SpringApplicationRunListeners.java:112)
	at org.springframework.boot.SpringApplicationRunListeners.environmentPrepared(SpringApplicationRunListeners.java:63)
	at org.springframework.boot.SpringApplication.prepareEnvironment(SpringApplication.java:353)
	at org.springframework.boot.SpringApplication.run(SpringApplication.java:313)
	at org.springframework.boot.SpringApplication.run(SpringApplication.java:1361)
	at org.springframework.boot.SpringApplication.run(SpringApplication.java:1350)
	at org.vdt.productmanagementservice.ProductManagementServiceApplication.main(ProductManagementServiceApplication.java:12)
Caused by: java.lang.IllegalStateException: Logback configuration error detected: 
ERROR in ch.qos.logback.core.pattern.parser.Compiler@5782d777 - There is no conversion class registered for conversion word [MDC]
ERROR in ch.qos.logback.core.pattern.parser.Compiler@5782d777 - [MDC] is not a valid conversion word
ERROR in ch.qos.logback.core.pattern.parser.Compiler@4f824872 - There is no conversion class registered for conversion word [MDC]
ERROR in ch.qos.logback.core.pattern.parser.Compiler@4f824872 - [MDC] is not a valid conversion word
ERROR in ch.qos.logback.core.pattern.parser.Compiler@b016b4e - There is no conversion class registered for conversion word [MDC]
ERROR in ch.qos.logback.core.pattern.parser.Compiler@b016b4e - [MDC] is not a valid conversion word
ERROR in ch.qos.logback.core.pattern.parser.Compiler@29629fbb - There is no conversion class registered for conversion word [MDC]
ERROR in ch.qos.logback.core.pattern.parser.Compiler@29629fbb - [MDC] is not a valid conversion word
	at org.springframework.boot.logging.logback.LogbackLoggingSystem.reportConfigurationErrorsIfNecessary(LogbackLoggingSystem.java:291)
	at org.springframework.boot.logging.logback.LogbackLoggingSystem.loadConfiguration(LogbackLoggingSystem.java:269)
	at org.springframework.boot.logging.AbstractLoggingSystem.initializeWithConventions(AbstractLoggingSystem.java:81)
	at org.springframework.boot.logging.AbstractLoggingSystem.initialize(AbstractLoggingSystem.java:61)
	at org.springframework.boot.logging.logback.LogbackLoggingSystem.initialize(LogbackLoggingSystem.java:197)
	at org.springframework.boot.context.logging.LoggingApplicationListener.initializeSystem(LoggingApplicationListener.java:332)
	... 19 common frames omitted
2025-01-07 11:32:27 [main] INFO  o.s.c.c.c.ConfigServerConfigDataLoader - Fetching config from server at : http://localhost:8888/ %PARSER_ERROR[nMDC]:[traceId=, spanId=]
2025-01-07 11:32:27 [main] INFO  o.s.c.c.c.ConfigServerConfigDataLoader - Located environment: name=product-manage-service, profiles=[default], label=null, version=null, state=null %PARSER_ERROR[nMDC]:[traceId=, spanId=]
2025-01-07 11:32:27 [main] ERROR o.s.boot.SpringApplication - Application run failed %PARSER_ERROR[nMDC]:[traceId=, spanId=]
java.lang.IllegalStateException: java.lang.IllegalStateException: Logback configuration error detected: 
ERROR in ch.qos.logback.core.pattern.parser.Compiler@3506d826 - There is no conversion class registered for conversion word [nMDC]
ERROR in ch.qos.logback.core.pattern.parser.Compiler@3506d826 - [nMDC] is not a valid conversion word
ERROR in ch.qos.logback.core.pattern.parser.Compiler@35dd9ed3 - There is no conversion class registered for conversion word [nMDC]
ERROR in ch.qos.logback.core.pattern.parser.Compiler@35dd9ed3 - [nMDC] is not a valid conversion word
ERROR in ch.qos.logback.core.pattern.parser.Compiler@8ff5094 - There is no conversion class registered for conversion word [nMDC]
ERROR in ch.qos.logback.core.pattern.parser.Compiler@8ff5094 - [nMDC] is not a valid conversion word
ERROR in ch.qos.logback.core.pattern.parser.Compiler@363f0ba0 - There is no conversion class registered for conversion word [nMDC]
ERROR in ch.qos.logback.core.pattern.parser.Compiler@363f0ba0 - [nMDC] is not a valid conversion word
	at org.springframework.boot.context.logging.LoggingApplicationListener.initializeSystem(LoggingApplicationListener.java:347)
	at org.springframework.boot.context.logging.LoggingApplicationListener.initialize(LoggingApplicationListener.java:298)
	at org.springframework.boot.context.logging.LoggingApplicationListener.onApplicationEnvironmentPreparedEvent(LoggingApplicationListener.java:246)
	at org.springframework.boot.context.logging.LoggingApplicationListener.onApplicationEvent(LoggingApplicationListener.java:223)
	at org.springframework.context.event.SimpleApplicationEventMulticaster.doInvokeListener(SimpleApplicationEventMulticaster.java:185)
	at org.springframework.context.event.SimpleApplicationEventMulticaster.invokeListener(SimpleApplicationEventMulticaster.java:178)
	at org.springframework.context.event.SimpleApplicationEventMulticaster.multicastEvent(SimpleApplicationEventMulticaster.java:156)
	at org.springframework.context.event.SimpleApplicationEventMulticaster.multicastEvent(SimpleApplicationEventMulticaster.java:138)
	at org.springframework.boot.context.event.EventPublishingRunListener.multicastInitialEvent(EventPublishingRunListener.java:136)
	at org.springframework.boot.context.event.EventPublishingRunListener.environmentPrepared(EventPublishingRunListener.java:81)
	at org.springframework.boot.SpringApplicationRunListeners.lambda$environmentPrepared$2(SpringApplicationRunListeners.java:64)
	at java.base/java.lang.Iterable.forEach(Iterable.java:75)
	at org.springframework.boot.SpringApplicationRunListeners.doWithListeners(SpringApplicationRunListeners.java:118)
	at org.springframework.boot.SpringApplicationRunListeners.doWithListeners(SpringApplicationRunListeners.java:112)
	at org.springframework.boot.SpringApplicationRunListeners.environmentPrepared(SpringApplicationRunListeners.java:63)
	at org.springframework.boot.SpringApplication.prepareEnvironment(SpringApplication.java:353)
	at org.springframework.boot.SpringApplication.run(SpringApplication.java:313)
	at org.springframework.boot.SpringApplication.run(SpringApplication.java:1361)
	at org.springframework.boot.SpringApplication.run(SpringApplication.java:1350)
	at org.vdt.productmanagementservice.ProductManagementServiceApplication.main(ProductManagementServiceApplication.java:12)
Caused by: java.lang.IllegalStateException: Logback configuration error detected: 
ERROR in ch.qos.logback.core.pattern.parser.Compiler@3506d826 - There is no conversion class registered for conversion word [nMDC]
ERROR in ch.qos.logback.core.pattern.parser.Compiler@3506d826 - [nMDC] is not a valid conversion word
ERROR in ch.qos.logback.core.pattern.parser.Compiler@35dd9ed3 - There is no conversion class registered for conversion word [nMDC]
ERROR in ch.qos.logback.core.pattern.parser.Compiler@35dd9ed3 - [nMDC] is not a valid conversion word
ERROR in ch.qos.logback.core.pattern.parser.Compiler@8ff5094 - There is no conversion class registered for conversion word [nMDC]
ERROR in ch.qos.logback.core.pattern.parser.Compiler@8ff5094 - [nMDC] is not a valid conversion word
ERROR in ch.qos.logback.core.pattern.parser.Compiler@363f0ba0 - There is no conversion class registered for conversion word [nMDC]
ERROR in ch.qos.logback.core.pattern.parser.Compiler@363f0ba0 - [nMDC] is not a valid conversion word
	at org.springframework.boot.logging.logback.LogbackLoggingSystem.reportConfigurationErrorsIfNecessary(LogbackLoggingSystem.java:291)
	at org.springframework.boot.logging.logback.LogbackLoggingSystem.loadConfiguration(LogbackLoggingSystem.java:269)
	at org.springframework.boot.logging.AbstractLoggingSystem.initializeWithConventions(AbstractLoggingSystem.java:81)
	at org.springframework.boot.logging.AbstractLoggingSystem.initialize(AbstractLoggingSystem.java:61)
	at org.springframework.boot.logging.logback.LogbackLoggingSystem.initialize(LogbackLoggingSystem.java:197)
	at org.springframework.boot.context.logging.LoggingApplicationListener.initializeSystem(LoggingApplicationListener.java:332)
	... 19 common frames omitted
2025-01-07 11:33:25 [main] INFO  o.s.c.c.c.ConfigServerConfigDataLoader - Fetching config from server at : http://localhost:8888/ %PARSER_ERROR[nMDC]:[traceId=, spanId=]
2025-01-07 11:33:25 [main] INFO  o.s.c.c.c.ConfigServerConfigDataLoader - Located environment: name=product-manage-service, profiles=[default], label=null, version=null, state=null %PARSER_ERROR[nMDC]:[traceId=, spanId=]
2025-01-07 11:33:25 [main] ERROR o.s.boot.SpringApplication - Application run failed %PARSER_ERROR[nMDC]:[traceId=, spanId=]
java.lang.IllegalStateException: java.lang.IllegalStateException: Logback configuration error detected: 
ERROR in ch.qos.logback.core.pattern.parser.Compiler@3506d826 - There is no conversion class registered for conversion word [nMDC]
ERROR in ch.qos.logback.core.pattern.parser.Compiler@3506d826 - [nMDC] is not a valid conversion word
ERROR in ch.qos.logback.core.pattern.parser.Compiler@35dd9ed3 - There is no conversion class registered for conversion word [nMDC]
ERROR in ch.qos.logback.core.pattern.parser.Compiler@35dd9ed3 - [nMDC] is not a valid conversion word
ERROR in ch.qos.logback.core.pattern.parser.Compiler@8ff5094 - There is no conversion class registered for conversion word [nMDC]
ERROR in ch.qos.logback.core.pattern.parser.Compiler@8ff5094 - [nMDC] is not a valid conversion word
ERROR in ch.qos.logback.core.pattern.parser.Compiler@363f0ba0 - There is no conversion class registered for conversion word [nMDC]
ERROR in ch.qos.logback.core.pattern.parser.Compiler@363f0ba0 - [nMDC] is not a valid conversion word
	at org.springframework.boot.context.logging.LoggingApplicationListener.initializeSystem(LoggingApplicationListener.java:347)
	at org.springframework.boot.context.logging.LoggingApplicationListener.initialize(LoggingApplicationListener.java:298)
	at org.springframework.boot.context.logging.LoggingApplicationListener.onApplicationEnvironmentPreparedEvent(LoggingApplicationListener.java:246)
	at org.springframework.boot.context.logging.LoggingApplicationListener.onApplicationEvent(LoggingApplicationListener.java:223)
	at org.springframework.context.event.SimpleApplicationEventMulticaster.doInvokeListener(SimpleApplicationEventMulticaster.java:185)
	at org.springframework.context.event.SimpleApplicationEventMulticaster.invokeListener(SimpleApplicationEventMulticaster.java:178)
	at org.springframework.context.event.SimpleApplicationEventMulticaster.multicastEvent(SimpleApplicationEventMulticaster.java:156)
	at org.springframework.context.event.SimpleApplicationEventMulticaster.multicastEvent(SimpleApplicationEventMulticaster.java:138)
	at org.springframework.boot.context.event.EventPublishingRunListener.multicastInitialEvent(EventPublishingRunListener.java:136)
	at org.springframework.boot.context.event.EventPublishingRunListener.environmentPrepared(EventPublishingRunListener.java:81)
	at org.springframework.boot.SpringApplicationRunListeners.lambda$environmentPrepared$2(SpringApplicationRunListeners.java:64)
	at java.base/java.lang.Iterable.forEach(Iterable.java:75)
	at org.springframework.boot.SpringApplicationRunListeners.doWithListeners(SpringApplicationRunListeners.java:118)
	at org.springframework.boot.SpringApplicationRunListeners.doWithListeners(SpringApplicationRunListeners.java:112)
	at org.springframework.boot.SpringApplicationRunListeners.environmentPrepared(SpringApplicationRunListeners.java:63)
	at org.springframework.boot.SpringApplication.prepareEnvironment(SpringApplication.java:353)
	at org.springframework.boot.SpringApplication.run(SpringApplication.java:313)
	at org.springframework.boot.SpringApplication.run(SpringApplication.java:1361)
	at org.springframework.boot.SpringApplication.run(SpringApplication.java:1350)
	at org.vdt.productmanagementservice.ProductManagementServiceApplication.main(ProductManagementServiceApplication.java:12)
Caused by: java.lang.IllegalStateException: Logback configuration error detected: 
ERROR in ch.qos.logback.core.pattern.parser.Compiler@3506d826 - There is no conversion class registered for conversion word [nMDC]
ERROR in ch.qos.logback.core.pattern.parser.Compiler@3506d826 - [nMDC] is not a valid conversion word
ERROR in ch.qos.logback.core.pattern.parser.Compiler@35dd9ed3 - There is no conversion class registered for conversion word [nMDC]
ERROR in ch.qos.logback.core.pattern.parser.Compiler@35dd9ed3 - [nMDC] is not a valid conversion word
ERROR in ch.qos.logback.core.pattern.parser.Compiler@8ff5094 - There is no conversion class registered for conversion word [nMDC]
ERROR in ch.qos.logback.core.pattern.parser.Compiler@8ff5094 - [nMDC] is not a valid conversion word
ERROR in ch.qos.logback.core.pattern.parser.Compiler@363f0ba0 - There is no conversion class registered for conversion word [nMDC]
ERROR in ch.qos.logback.core.pattern.parser.Compiler@363f0ba0 - [nMDC] is not a valid conversion word
	at org.springframework.boot.logging.logback.LogbackLoggingSystem.reportConfigurationErrorsIfNecessary(LogbackLoggingSystem.java:291)
	at org.springframework.boot.logging.logback.LogbackLoggingSystem.loadConfiguration(LogbackLoggingSystem.java:269)
	at org.springframework.boot.logging.AbstractLoggingSystem.initializeWithConventions(AbstractLoggingSystem.java:81)
	at org.springframework.boot.logging.AbstractLoggingSystem.initialize(AbstractLoggingSystem.java:61)
	at org.springframework.boot.logging.logback.LogbackLoggingSystem.initialize(LogbackLoggingSystem.java:197)
	at org.springframework.boot.context.logging.LoggingApplicationListener.initializeSystem(LoggingApplicationListener.java:332)
	... 19 common frames omitted
2025-01-07 11:34:08 [main] INFO  o.s.c.c.c.ConfigServerConfigDataLoader - Fetching config from server at : http://localhost:8888/ %PARSER_ERROR[nMDC]:[traceId=, spanId=]
2025-01-07 11:34:08 [main] INFO  o.s.c.c.c.ConfigServerConfigDataLoader - Located environment: name=product-manage-service, profiles=[default], label=null, version=null, state=null %PARSER_ERROR[nMDC]:[traceId=, spanId=]
2025-01-07 11:34:08 [main] ERROR o.s.boot.SpringApplication - Application run failed %PARSER_ERROR[nMDC]:[traceId=, spanId=]
java.lang.IllegalStateException: java.lang.IllegalStateException: Logback configuration error detected: 
ERROR in ch.qos.logback.core.pattern.parser.Compiler@4f824872 - There is no conversion class registered for conversion word [nMDC]
ERROR in ch.qos.logback.core.pattern.parser.Compiler@4f824872 - [nMDC] is not a valid conversion word
ERROR in ch.qos.logback.core.pattern.parser.Compiler@b016b4e - There is no conversion class registered for conversion word [nMDC]
ERROR in ch.qos.logback.core.pattern.parser.Compiler@b016b4e - [nMDC] is not a valid conversion word
ERROR in ch.qos.logback.core.pattern.parser.Compiler@29629fbb - There is no conversion class registered for conversion word [nMDC]
ERROR in ch.qos.logback.core.pattern.parser.Compiler@29629fbb - [nMDC] is not a valid conversion word
ERROR in ch.qos.logback.core.pattern.parser.Compiler@681adc8f - There is no conversion class registered for conversion word [nMDC]
ERROR in ch.qos.logback.core.pattern.parser.Compiler@681adc8f - [nMDC] is not a valid conversion word
	at org.springframework.boot.context.logging.LoggingApplicationListener.initializeSystem(LoggingApplicationListener.java:347)
	at org.springframework.boot.context.logging.LoggingApplicationListener.initialize(LoggingApplicationListener.java:298)
	at org.springframework.boot.context.logging.LoggingApplicationListener.onApplicationEnvironmentPreparedEvent(LoggingApplicationListener.java:246)
	at org.springframework.boot.context.logging.LoggingApplicationListener.onApplicationEvent(LoggingApplicationListener.java:223)
	at org.springframework.context.event.SimpleApplicationEventMulticaster.doInvokeListener(SimpleApplicationEventMulticaster.java:185)
	at org.springframework.context.event.SimpleApplicationEventMulticaster.invokeListener(SimpleApplicationEventMulticaster.java:178)
	at org.springframework.context.event.SimpleApplicationEventMulticaster.multicastEvent(SimpleApplicationEventMulticaster.java:156)
	at org.springframework.context.event.SimpleApplicationEventMulticaster.multicastEvent(SimpleApplicationEventMulticaster.java:138)
	at org.springframework.boot.context.event.EventPublishingRunListener.multicastInitialEvent(EventPublishingRunListener.java:136)
	at org.springframework.boot.context.event.EventPublishingRunListener.environmentPrepared(EventPublishingRunListener.java:81)
	at org.springframework.boot.SpringApplicationRunListeners.lambda$environmentPrepared$2(SpringApplicationRunListeners.java:64)
	at java.base/java.lang.Iterable.forEach(Iterable.java:75)
	at org.springframework.boot.SpringApplicationRunListeners.doWithListeners(SpringApplicationRunListeners.java:118)
	at org.springframework.boot.SpringApplicationRunListeners.doWithListeners(SpringApplicationRunListeners.java:112)
	at org.springframework.boot.SpringApplicationRunListeners.environmentPrepared(SpringApplicationRunListeners.java:63)
	at org.springframework.boot.SpringApplication.prepareEnvironment(SpringApplication.java:353)
	at org.springframework.boot.SpringApplication.run(SpringApplication.java:313)
	at org.springframework.boot.SpringApplication.run(SpringApplication.java:1361)
	at org.springframework.boot.SpringApplication.run(SpringApplication.java:1350)
	at org.vdt.productmanagementservice.ProductManagementServiceApplication.main(ProductManagementServiceApplication.java:12)
Caused by: java.lang.IllegalStateException: Logback configuration error detected: 
ERROR in ch.qos.logback.core.pattern.parser.Compiler@4f824872 - There is no conversion class registered for conversion word [nMDC]
ERROR in ch.qos.logback.core.pattern.parser.Compiler@4f824872 - [nMDC] is not a valid conversion word
ERROR in ch.qos.logback.core.pattern.parser.Compiler@b016b4e - There is no conversion class registered for conversion word [nMDC]
ERROR in ch.qos.logback.core.pattern.parser.Compiler@b016b4e - [nMDC] is not a valid conversion word
ERROR in ch.qos.logback.core.pattern.parser.Compiler@29629fbb - There is no conversion class registered for conversion word [nMDC]
ERROR in ch.qos.logback.core.pattern.parser.Compiler@29629fbb - [nMDC] is not a valid conversion word
ERROR in ch.qos.logback.core.pattern.parser.Compiler@681adc8f - There is no conversion class registered for conversion word [nMDC]
ERROR in ch.qos.logback.core.pattern.parser.Compiler@681adc8f - [nMDC] is not a valid conversion word
	at org.springframework.boot.logging.logback.LogbackLoggingSystem.reportConfigurationErrorsIfNecessary(LogbackLoggingSystem.java:291)
	at org.springframework.boot.logging.logback.LogbackLoggingSystem.loadConfiguration(LogbackLoggingSystem.java:269)
	at org.springframework.boot.logging.AbstractLoggingSystem.initializeWithConventions(AbstractLoggingSystem.java:81)
	at org.springframework.boot.logging.AbstractLoggingSystem.initialize(AbstractLoggingSystem.java:61)
	at org.springframework.boot.logging.logback.LogbackLoggingSystem.initialize(LogbackLoggingSystem.java:197)
	at org.springframework.boot.context.logging.LoggingApplicationListener.initializeSystem(LoggingApplicationListener.java:332)
	... 19 common frames omitted
2025-01-07 11:34:40 [main] INFO  o.v.p.ProductManagementServiceApplication - Starting ProductManagementServiceApplication using Java 17.0.2 with PID 28132 (D:\java\Springboot\HyggeEcommerce\ProductManagementService\target\classes started by PC in D:\java\Springboot\HyggeEcommerce) MDC:[traceId=, spanId=]
2025-01-07 11:34:40 [main] INFO  o.v.p.ProductManagementServiceApplication - No active profile set, falling back to 1 default profile: "default" MDC:[traceId=, spanId=]
2025-01-07 11:34:40 [main] INFO  o.s.c.c.c.ConfigServerConfigDataLoader - Fetching config from server at : http://localhost:8888/ MDC:[traceId=, spanId=]
2025-01-07 11:34:40 [main] INFO  o.s.c.c.c.ConfigServerConfigDataLoader - Located environment: name=product-manage-service, profiles=[default], label=null, version=null, state=null MDC:[traceId=, spanId=]
2025-01-07 11:34:41 [main] INFO  o.s.d.r.c.RepositoryConfigurationDelegate - Multiple Spring Data modules found, entering strict repository configuration mode MDC:[traceId=, spanId=]
2025-01-07 11:34:41 [main] INFO  o.s.d.r.c.RepositoryConfigurationDelegate - Bootstrapping Spring Data JPA repositories in DEFAULT mode. MDC:[traceId=, spanId=]
2025-01-07 11:34:41 [main] INFO  o.s.d.r.c.RepositoryConfigurationDelegate - Finished Spring Data repository scanning in 99 ms. Found 1 JPA repository interface. MDC:[traceId=, spanId=]
2025-01-07 11:34:41 [main] INFO  o.s.d.r.c.RepositoryConfigurationDelegate - Multiple Spring Data modules found, entering strict repository configuration mode MDC:[traceId=, spanId=]
2025-01-07 11:34:41 [main] INFO  o.s.d.r.c.RepositoryConfigurationDelegate - Bootstrapping Spring Data Redis repositories in DEFAULT mode. MDC:[traceId=, spanId=]
2025-01-07 11:34:41 [main] INFO  o.s.d.r.c.RepositoryConfigurationExtensionSupport - Spring Data Redis - Could not safely identify store assignment for repository candidate interface org.vdt.productmanagementservice.repositories.CategoryRepository; If you want this repository to be a Redis repository, consider annotating your entities with one of these annotations: org.springframework.data.redis.core.RedisHash (preferred), or consider extending one of the following types with your repository: org.springframework.data.keyvalue.repository.KeyValueRepository MDC:[traceId=, spanId=]
2025-01-07 11:34:41 [main] INFO  o.s.d.r.c.RepositoryConfigurationDelegate - Finished Spring Data repository scanning in 5 ms. Found 0 Redis repository interfaces. MDC:[traceId=, spanId=]
2025-01-07 11:34:41 [main] INFO  o.s.cloud.context.scope.GenericScope - BeanFactory id=18d760da-8ba8-3d64-bed4-db54346997d9 MDC:[traceId=, spanId=]
2025-01-07 11:34:42 [main] INFO  o.s.b.w.e.tomcat.TomcatWebServer - Tomcat initialized with port 8081 (http) MDC:[traceId=, spanId=]
2025-01-07 11:34:42 [main] INFO  o.a.coyote.http11.Http11NioProtocol - Initializing ProtocolHandler ["http-nio-8081"] MDC:[traceId=, spanId=]
2025-01-07 11:34:42 [main] INFO  o.a.catalina.core.StandardService - Starting service [Tomcat] MDC:[traceId=, spanId=]
2025-01-07 11:34:42 [main] INFO  o.a.catalina.core.StandardEngine - Starting Servlet engine: [Apache Tomcat/10.1.34] MDC:[traceId=, spanId=]
2025-01-07 11:34:42 [main] INFO  o.a.c.c.C.[Tomcat].[localhost].[/] - Initializing Spring embedded WebApplicationContext MDC:[traceId=, spanId=]
2025-01-07 11:34:42 [main] INFO  o.s.b.w.s.c.ServletWebServerApplicationContext - Root WebApplicationContext: initialization completed in 1392 ms MDC:[traceId=, spanId=]
2025-01-07 11:34:42 [main] DEBUG o.s.w.f.CommonsRequestLoggingFilter - Filter 'requestLoggingFilter' configured for use MDC:[traceId=, spanId=]
2025-01-07 11:34:42 [main] INFO  o.s.o.j.p.SpringPersistenceUnitInfo - No LoadTimeWeaver setup: ignoring JPA class transformer MDC:[traceId=, spanId=]
2025-01-07 11:34:42 [main] INFO  com.zaxxer.hikari.HikariDataSource - HikariPool-1 - Starting... MDC:[traceId=, spanId=]
2025-01-07 11:34:43 [main] INFO  com.zaxxer.hikari.pool.HikariPool - HikariPool-1 - Added connection com.mysql.cj.jdbc.ConnectionImpl@1db9c2cf MDC:[traceId=, spanId=]
2025-01-07 11:34:43 [main] INFO  com.zaxxer.hikari.HikariDataSource - HikariPool-1 - Start completed. MDC:[traceId=, spanId=]
2025-01-07 11:34:44 [main] INFO  o.s.o.j.LocalContainerEntityManagerFactoryBean - Initialized JPA EntityManagerFactory for persistence unit 'default' MDC:[traceId=, spanId=]
2025-01-07 11:34:45 [main] WARN  o.s.b.a.o.j.JpaBaseConfiguration$JpaWebConfiguration - spring.jpa.open-in-view is enabled by default. Therefore, database queries may be performed during view rendering. Explicitly configure spring.jpa.open-in-view to disable this warning MDC:[traceId=, spanId=]
2025-01-07 11:34:46 [main] INFO  o.a.coyote.http11.Http11NioProtocol - Starting ProtocolHandler ["http-nio-8081"] MDC:[traceId=, spanId=]
2025-01-07 11:34:46 [main] INFO  o.s.b.w.e.tomcat.TomcatWebServer - Tomcat started on port 8081 (http) with context path '/' MDC:[traceId=, spanId=]
2025-01-07 11:34:46 [main] INFO  o.v.p.ProductManagementServiceApplication - Started ProductManagementServiceApplication in 6.84 seconds (process running for 7.507) MDC:[traceId=, spanId=]
2025-01-07 13:53:36 [http-nio-8081-exec-3] INFO  o.a.c.c.C.[Tomcat].[localhost].[/] - Initializing Spring DispatcherServlet 'dispatcherServlet' MDC:[traceId=, spanId=]
2025-01-07 13:53:36 [http-nio-8081-exec-3] INFO  o.s.web.servlet.DispatcherServlet - Initializing Servlet 'dispatcherServlet' MDC:[traceId=, spanId=]
2025-01-07 13:53:36 [http-nio-8081-exec-3] INFO  o.s.web.servlet.DispatcherServlet - Completed initialization in 4 ms MDC:[traceId=, spanId=]
2025-01-07 13:53:36 [http-nio-8081-exec-3] DEBUG o.s.w.f.CommonsRequestLoggingFilter - Before request [POST /category/create, headers=[user-agent:"PostmanRuntime/7.43.0", accept:"*/*", postman-token:"b26be891-9f40-4618-9ccb-e3d8b0095ce8", host:"localhost:8081", accept-encoding:"gzip, deflate, br", connection:"keep-alive", content-length:"145940", Content-Type:"multipart/form-data;boundary=--------------------------171761762114620824356743;charset=UTF-8"]] MDC:[traceId=, spanId=]
2025-01-07 13:53:37 [http-nio-8081-exec-3] DEBUG o.s.w.f.CommonsRequestLoggingFilter - DATA REQUEST: POST /category/create, headers=[user-agent:"PostmanRuntime/7.43.0", accept:"*/*", postman-token:"b26be891-9f40-4618-9ccb-e3d8b0095ce8", host:"localhost:8081", accept-encoding:"gzip, deflate, br", connection:"keep-alive", content-length:"145940", Content-Type:"multipart/form-data;boundary=--------------------------171761762114620824356743;charset=UTF-8"]] MDC:[traceId=, spanId=]
2025-01-07 13:53:38 [HikariPool-1 housekeeper] WARN  com.zaxxer.hikari.pool.HikariPool - HikariPool-1 - Thread starvation or clock leap detected (housekeeper delta=2h8m54s761ms568µs700ns). MDC:[traceId=, spanId=]
2025-01-07 14:08:03 [http-nio-8081-exec-4] DEBUG o.s.w.f.CommonsRequestLoggingFilter - Before request [GET /category/bfdf10ef-cd5c-468c-976b-35b201f065a2?transactionId=hehehe, headers=[host:"localhost:8081", connection:"keep-alive", sec-ch-ua-platform:""Windows"", user-agent:"Mozilla/5.0 (Windows NT 10.0; Win64; x64) AppleWebKit/537.36 (KHTML, like Gecko) Chrome/131.0.0.0 Safari/537.36 Edg/131.0.0.0", accept:"application/json", sec-ch-ua:""Microsoft Edge";v="131", "Chromium";v="131", "Not_A Brand";v="24"", sec-ch-ua-mobile:"?0", sec-fetch-site:"same-origin", sec-fetch-mode:"cors", sec-fetch-dest:"empty", referer:"http://localhost:8081/swagger-ui/index.html", accept-encoding:"gzip, deflate, br, zstd", accept-language:"en-US,en;q=0.9"]] MDC:[traceId=, spanId=]
2025-01-07 14:08:04 [http-nio-8081-exec-4] DEBUG o.s.w.f.CommonsRequestLoggingFilter - DATA REQUEST: GET /category/bfdf10ef-cd5c-468c-976b-35b201f065a2?transactionId=hehehe, headers=[host:"localhost:8081", connection:"keep-alive", sec-ch-ua-platform:""Windows"", user-agent:"Mozilla/5.0 (Windows NT 10.0; Win64; x64) AppleWebKit/537.36 (KHTML, like Gecko) Chrome/131.0.0.0 Safari/537.36 Edg/131.0.0.0", accept:"application/json", sec-ch-ua:""Microsoft Edge";v="131", "Chromium";v="131", "Not_A Brand";v="24"", sec-ch-ua-mobile:"?0", sec-fetch-site:"same-origin", sec-fetch-mode:"cors", sec-fetch-dest:"empty", referer:"http://localhost:8081/swagger-ui/index.html", accept-encoding:"gzip, deflate, br, zstd", accept-language:"en-US,en;q=0.9"]] MDC:[traceId=, spanId=]
2025-01-07 14:08:10 [http-nio-8081-exec-5] DEBUG o.s.w.f.CommonsRequestLoggingFilter - Before request [POST /category/create, headers=[host:"localhost:8081", connection:"keep-alive", content-length:"51886", sec-ch-ua-platform:""Windows"", user-agent:"Mozilla/5.0 (Windows NT 10.0; Win64; x64) AppleWebKit/537.36 (KHTML, like Gecko) Chrome/131.0.0.0 Safari/537.36 Edg/131.0.0.0", accept:"application/json", sec-ch-ua:""Microsoft Edge";v="131", "Chromium";v="131", "Not_A Brand";v="24"", sec-ch-ua-mobile:"?0", origin:"http://localhost:8081", sec-fetch-site:"same-origin", sec-fetch-mode:"cors", sec-fetch-dest:"empty", referer:"http://localhost:8081/swagger-ui/index.html", accept-encoding:"gzip, deflate, br, zstd", accept-language:"en-US,en;q=0.9", Content-Type:"multipart/form-data;boundary=----WebKitFormBoundarygpYTXTDFVeay7Ygn;charset=UTF-8"]] MDC:[traceId=, spanId=]
2025-01-07 14:08:10 [http-nio-8081-exec-5] WARN  o.s.w.s.m.s.DefaultHandlerExceptionResolver - Resolved [org.springframework.web.HttpMediaTypeNotSupportedException: Content-Type 'application/octet-stream' is not supported] MDC:[traceId=, spanId=]
2025-01-07 14:08:10 [http-nio-8081-exec-5] DEBUG o.s.w.f.CommonsRequestLoggingFilter - DATA REQUEST: POST /category/create, headers=[host:"localhost:8081", connection:"keep-alive", content-length:"51886", sec-ch-ua-platform:""Windows"", user-agent:"Mozilla/5.0 (Windows NT 10.0; Win64; x64) AppleWebKit/537.36 (KHTML, like Gecko) Chrome/131.0.0.0 Safari/537.36 Edg/131.0.0.0", accept:"application/json", sec-ch-ua:""Microsoft Edge";v="131", "Chromium";v="131", "Not_A Brand";v="24"", sec-ch-ua-mobile:"?0", origin:"http://localhost:8081", sec-fetch-site:"same-origin", sec-fetch-mode:"cors", sec-fetch-dest:"empty", referer:"http://localhost:8081/swagger-ui/index.html", accept-encoding:"gzip, deflate, br, zstd", accept-language:"en-US,en;q=0.9", Content-Type:"multipart/form-data;boundary=----WebKitFormBoundarygpYTXTDFVeay7Ygn;charset=UTF-8"]] MDC:[traceId=, spanId=]
2025-01-07 14:09:04 [http-nio-8081-exec-6] DEBUG o.s.w.f.CommonsRequestLoggingFilter - Before request [POST /category/create, headers=[host:"localhost:8081", connection:"keep-alive", content-length:"51886", sec-ch-ua-platform:""Windows"", user-agent:"Mozilla/5.0 (Windows NT 10.0; Win64; x64) AppleWebKit/537.36 (KHTML, like Gecko) Chrome/131.0.0.0 Safari/537.36 Edg/131.0.0.0", accept:"application/json", sec-ch-ua:""Microsoft Edge";v="131", "Chromium";v="131", "Not_A Brand";v="24"", sec-ch-ua-mobile:"?0", origin:"http://localhost:8081", sec-fetch-site:"same-origin", sec-fetch-mode:"cors", sec-fetch-dest:"empty", referer:"http://localhost:8081/swagger-ui/index.html", accept-encoding:"gzip, deflate, br, zstd", accept-language:"en-US,en;q=0.9", Content-Type:"multipart/form-data;boundary=----WebKitFormBoundary7IbOqvUJA9LhRuBP;charset=UTF-8"]] MDC:[traceId=, spanId=]
2025-01-07 14:09:04 [http-nio-8081-exec-6] WARN  o.s.w.s.m.s.DefaultHandlerExceptionResolver - Resolved [org.springframework.web.HttpMediaTypeNotSupportedException: Content-Type 'application/octet-stream' is not supported] MDC:[traceId=, spanId=]
2025-01-07 14:09:04 [http-nio-8081-exec-6] DEBUG o.s.w.f.CommonsRequestLoggingFilter - DATA REQUEST: POST /category/create, headers=[host:"localhost:8081", connection:"keep-alive", content-length:"51886", sec-ch-ua-platform:""Windows"", user-agent:"Mozilla/5.0 (Windows NT 10.0; Win64; x64) AppleWebKit/537.36 (KHTML, like Gecko) Chrome/131.0.0.0 Safari/537.36 Edg/131.0.0.0", accept:"application/json", sec-ch-ua:""Microsoft Edge";v="131", "Chromium";v="131", "Not_A Brand";v="24"", sec-ch-ua-mobile:"?0", origin:"http://localhost:8081", sec-fetch-site:"same-origin", sec-fetch-mode:"cors", sec-fetch-dest:"empty", referer:"http://localhost:8081/swagger-ui/index.html", accept-encoding:"gzip, deflate, br, zstd", accept-language:"en-US,en;q=0.9", Content-Type:"multipart/form-data;boundary=----WebKitFormBoundary7IbOqvUJA9LhRuBP;charset=UTF-8"]] MDC:[traceId=, spanId=]
2025-01-07 14:20:32 [SpringApplicationShutdownHook] INFO  o.s.b.w.e.tomcat.GracefulShutdown - Commencing graceful shutdown. Waiting for active requests to complete MDC:[traceId=, spanId=]
2025-01-07 14:20:32 [tomcat-shutdown] INFO  o.s.b.w.e.tomcat.GracefulShutdown - Graceful shutdown complete MDC:[traceId=, spanId=]
2025-01-07 14:20:32 [SpringApplicationShutdownHook] INFO  o.s.o.j.LocalContainerEntityManagerFactoryBean - Closing JPA EntityManagerFactory for persistence unit 'default' MDC:[traceId=, spanId=]
2025-01-07 14:20:32 [SpringApplicationShutdownHook] INFO  com.zaxxer.hikari.HikariDataSource - HikariPool-1 - Shutdown initiated... MDC:[traceId=, spanId=]
2025-01-07 14:20:32 [SpringApplicationShutdownHook] INFO  com.zaxxer.hikari.HikariDataSource - HikariPool-1 - Shutdown completed. MDC:[traceId=, spanId=]
2025-01-07 14:20:37 [main] INFO  o.v.p.ProductManagementServiceApplication - Starting ProductManagementServiceApplication using Java 17.0.2 with PID 24392 (D:\java\Springboot\HyggeEcommerce\ProductManagementService\target\classes started by PC in D:\java\Springboot\HyggeEcommerce) MDC:[traceId=, spanId=]
2025-01-07 14:20:37 [main] INFO  o.v.p.ProductManagementServiceApplication - No active profile set, falling back to 1 default profile: "default" MDC:[traceId=, spanId=]
2025-01-07 14:20:37 [main] INFO  o.s.c.c.c.ConfigServerConfigDataLoader - Fetching config from server at : http://localhost:8888/ MDC:[traceId=, spanId=]
2025-01-07 14:20:37 [main] INFO  o.s.c.c.c.ConfigServerConfigDataLoader - Located environment: name=product-manage-service, profiles=[default], label=null, version=null, state=null MDC:[traceId=, spanId=]
2025-01-07 14:20:38 [main] INFO  o.s.d.r.c.RepositoryConfigurationDelegate - Multiple Spring Data modules found, entering strict repository configuration mode MDC:[traceId=, spanId=]
2025-01-07 14:20:38 [main] INFO  o.s.d.r.c.RepositoryConfigurationDelegate - Bootstrapping Spring Data JPA repositories in DEFAULT mode. MDC:[traceId=, spanId=]
2025-01-07 14:20:38 [main] INFO  o.s.d.r.c.RepositoryConfigurationDelegate - Finished Spring Data repository scanning in 124 ms. Found 1 JPA repository interface. MDC:[traceId=, spanId=]
2025-01-07 14:20:38 [main] INFO  o.s.d.r.c.RepositoryConfigurationDelegate - Multiple Spring Data modules found, entering strict repository configuration mode MDC:[traceId=, spanId=]
2025-01-07 14:20:38 [main] INFO  o.s.d.r.c.RepositoryConfigurationDelegate - Bootstrapping Spring Data Redis repositories in DEFAULT mode. MDC:[traceId=, spanId=]
2025-01-07 14:20:38 [main] INFO  o.s.d.r.c.RepositoryConfigurationExtensionSupport - Spring Data Redis - Could not safely identify store assignment for repository candidate interface org.vdt.productmanagementservice.repositories.CategoryRepository; If you want this repository to be a Redis repository, consider annotating your entities with one of these annotations: org.springframework.data.redis.core.RedisHash (preferred), or consider extending one of the following types with your repository: org.springframework.data.keyvalue.repository.KeyValueRepository MDC:[traceId=, spanId=]
2025-01-07 14:20:38 [main] INFO  o.s.d.r.c.RepositoryConfigurationDelegate - Finished Spring Data repository scanning in 6 ms. Found 0 Redis repository interfaces. MDC:[traceId=, spanId=]
2025-01-07 14:20:38 [main] INFO  o.s.cloud.context.scope.GenericScope - BeanFactory id=18d760da-8ba8-3d64-bed4-db54346997d9 MDC:[traceId=, spanId=]
2025-01-07 14:20:38 [main] INFO  o.s.b.w.e.tomcat.TomcatWebServer - Tomcat initialized with port 8081 (http) MDC:[traceId=, spanId=]
2025-01-07 14:20:39 [main] INFO  o.a.coyote.http11.Http11NioProtocol - Initializing ProtocolHandler ["http-nio-8081"] MDC:[traceId=, spanId=]
2025-01-07 14:20:39 [main] INFO  o.a.catalina.core.StandardService - Starting service [Tomcat] MDC:[traceId=, spanId=]
2025-01-07 14:20:39 [main] INFO  o.a.catalina.core.StandardEngine - Starting Servlet engine: [Apache Tomcat/10.1.34] MDC:[traceId=, spanId=]
2025-01-07 14:20:39 [main] INFO  o.a.c.c.C.[Tomcat].[localhost].[/] - Initializing Spring embedded WebApplicationContext MDC:[traceId=, spanId=]
2025-01-07 14:20:39 [main] INFO  o.s.b.w.s.c.ServletWebServerApplicationContext - Root WebApplicationContext: initialization completed in 1456 ms MDC:[traceId=, spanId=]
2025-01-07 14:20:39 [main] DEBUG o.s.w.f.CommonsRequestLoggingFilter - Filter 'requestLoggingFilter' configured for use MDC:[traceId=, spanId=]
2025-01-07 14:20:39 [main] INFO  o.s.o.j.p.SpringPersistenceUnitInfo - No LoadTimeWeaver setup: ignoring JPA class transformer MDC:[traceId=, spanId=]
2025-01-07 14:20:39 [main] INFO  com.zaxxer.hikari.HikariDataSource - HikariPool-1 - Starting... MDC:[traceId=, spanId=]
2025-01-07 14:20:39 [main] INFO  com.zaxxer.hikari.pool.HikariPool - HikariPool-1 - Added connection com.mysql.cj.jdbc.ConnectionImpl@14ee143a MDC:[traceId=, spanId=]
2025-01-07 14:20:39 [main] INFO  com.zaxxer.hikari.HikariDataSource - HikariPool-1 - Start completed. MDC:[traceId=, spanId=]
2025-01-07 14:20:41 [main] INFO  o.s.o.j.LocalContainerEntityManagerFactoryBean - Initialized JPA EntityManagerFactory for persistence unit 'default' MDC:[traceId=, spanId=]
2025-01-07 14:20:41 [main] WARN  o.s.b.a.o.j.JpaBaseConfiguration$JpaWebConfiguration - spring.jpa.open-in-view is enabled by default. Therefore, database queries may be performed during view rendering. Explicitly configure spring.jpa.open-in-view to disable this warning MDC:[traceId=, spanId=]
2025-01-07 14:20:42 [main] INFO  o.a.coyote.http11.Http11NioProtocol - Starting ProtocolHandler ["http-nio-8081"] MDC:[traceId=, spanId=]
2025-01-07 14:20:42 [main] INFO  o.s.b.w.e.tomcat.TomcatWebServer - Tomcat started on port 8081 (http) with context path '/' MDC:[traceId=, spanId=]
2025-01-07 14:20:42 [main] INFO  o.v.p.ProductManagementServiceApplication - Started ProductManagementServiceApplication in 5.992 seconds (process running for 6.765) MDC:[traceId=, spanId=]
2025-01-07 14:20:46 [http-nio-8081-exec-1] INFO  o.a.c.c.C.[Tomcat].[localhost].[/] - Initializing Spring DispatcherServlet 'dispatcherServlet' MDC:[traceId=, spanId=]
2025-01-07 14:20:46 [http-nio-8081-exec-1] INFO  o.s.web.servlet.DispatcherServlet - Initializing Servlet 'dispatcherServlet' MDC:[traceId=, spanId=]
2025-01-07 14:20:46 [http-nio-8081-exec-1] INFO  o.s.web.servlet.DispatcherServlet - Completed initialization in 1 ms MDC:[traceId=, spanId=]
2025-01-07 14:20:46 [http-nio-8081-exec-1] DEBUG o.s.w.f.CommonsRequestLoggingFilter - Before request [GET /swagger-ui/index.html, headers=[host:"localhost:8081", connection:"keep-alive", cache-control:"max-age=0", sec-ch-ua:""Microsoft Edge";v="131", "Chromium";v="131", "Not_A Brand";v="24"", sec-ch-ua-mobile:"?0", sec-ch-ua-platform:""Windows"", upgrade-insecure-requests:"1", user-agent:"Mozilla/5.0 (Windows NT 10.0; Win64; x64) AppleWebKit/537.36 (KHTML, like Gecko) Chrome/131.0.0.0 Safari/537.36 Edg/131.0.0.0", accept:"text/html,application/xhtml+xml,application/xml;q=0.9,image/avif,image/webp,image/apng,*/*;q=0.8,application/signed-exchange;v=b3;q=0.7", sec-fetch-site:"same-origin", sec-fetch-mode:"navigate", sec-fetch-user:"?1", sec-fetch-dest:"document", accept-encoding:"gzip, deflate, br, zstd", accept-language:"en-US,en;q=0.9", if-modified-since:"Fri, 31 Mar 2023 14:44:14 GMT"]] MDC:[traceId=, spanId=]
2025-01-07 14:20:46 [http-nio-8081-exec-1] DEBUG o.s.w.f.CommonsRequestLoggingFilter - DATA REQUEST: GET /swagger-ui/index.html, headers=[host:"localhost:8081", connection:"keep-alive", cache-control:"max-age=0", sec-ch-ua:""Microsoft Edge";v="131", "Chromium";v="131", "Not_A Brand";v="24"", sec-ch-ua-mobile:"?0", sec-ch-ua-platform:""Windows"", upgrade-insecure-requests:"1", user-agent:"Mozilla/5.0 (Windows NT 10.0; Win64; x64) AppleWebKit/537.36 (KHTML, like Gecko) Chrome/131.0.0.0 Safari/537.36 Edg/131.0.0.0", accept:"text/html,application/xhtml+xml,application/xml;q=0.9,image/avif,image/webp,image/apng,*/*;q=0.8,application/signed-exchange;v=b3;q=0.7", sec-fetch-site:"same-origin", sec-fetch-mode:"navigate", sec-fetch-user:"?1", sec-fetch-dest:"document", accept-encoding:"gzip, deflate, br, zstd", accept-language:"en-US,en;q=0.9", if-modified-since:"Fri, 31 Mar 2023 14:44:14 GMT"]] MDC:[traceId=, spanId=]
2025-01-07 14:20:47 [http-nio-8081-exec-2] DEBUG o.s.w.f.CommonsRequestLoggingFilter - Before request [GET /swagger-ui/swagger-initializer.js, headers=[host:"localhost:8081", connection:"keep-alive", sec-ch-ua-platform:""Windows"", user-agent:"Mozilla/5.0 (Windows NT 10.0; Win64; x64) AppleWebKit/537.36 (KHTML, like Gecko) Chrome/131.0.0.0 Safari/537.36 Edg/131.0.0.0", sec-ch-ua:""Microsoft Edge";v="131", "Chromium";v="131", "Not_A Brand";v="24"", sec-ch-ua-mobile:"?0", accept:"*/*", sec-fetch-site:"same-origin", sec-fetch-mode:"no-cors", sec-fetch-dest:"script", referer:"http://localhost:8081/swagger-ui/index.html", accept-encoding:"gzip, deflate, br, zstd", accept-language:"en-US,en;q=0.9"]] MDC:[traceId=, spanId=]
2025-01-07 14:20:47 [http-nio-8081-exec-2] DEBUG o.s.w.f.CommonsRequestLoggingFilter - DATA REQUEST: GET /swagger-ui/swagger-initializer.js, headers=[host:"localhost:8081", connection:"keep-alive", sec-ch-ua-platform:""Windows"", user-agent:"Mozilla/5.0 (Windows NT 10.0; Win64; x64) AppleWebKit/537.36 (KHTML, like Gecko) Chrome/131.0.0.0 Safari/537.36 Edg/131.0.0.0", sec-ch-ua:""Microsoft Edge";v="131", "Chromium";v="131", "Not_A Brand";v="24"", sec-ch-ua-mobile:"?0", accept:"*/*", sec-fetch-site:"same-origin", sec-fetch-mode:"no-cors", sec-fetch-dest:"script", referer:"http://localhost:8081/swagger-ui/index.html", accept-encoding:"gzip, deflate, br, zstd", accept-language:"en-US,en;q=0.9"]] MDC:[traceId=, spanId=]
2025-01-07 14:20:47 [http-nio-8081-exec-3] DEBUG o.s.w.f.CommonsRequestLoggingFilter - Before request [GET /v3/api-docs/swagger-config, headers=[host:"localhost:8081", connection:"keep-alive", sec-ch-ua-platform:""Windows"", user-agent:"Mozilla/5.0 (Windows NT 10.0; Win64; x64) AppleWebKit/537.36 (KHTML, like Gecko) Chrome/131.0.0.0 Safari/537.36 Edg/131.0.0.0", sec-ch-ua:""Microsoft Edge";v="131", "Chromium";v="131", "Not_A Brand";v="24"", sec-ch-ua-mobile:"?0", accept:"*/*", sec-fetch-site:"same-origin", sec-fetch-mode:"cors", sec-fetch-dest:"empty", referer:"http://localhost:8081/swagger-ui/index.html", accept-encoding:"gzip, deflate, br, zstd", accept-language:"en-US,en;q=0.9"]] MDC:[traceId=, spanId=]
2025-01-07 14:20:47 [http-nio-8081-exec-3] DEBUG o.s.w.f.CommonsRequestLoggingFilter - DATA REQUEST: GET /v3/api-docs/swagger-config, headers=[host:"localhost:8081", connection:"keep-alive", sec-ch-ua-platform:""Windows"", user-agent:"Mozilla/5.0 (Windows NT 10.0; Win64; x64) AppleWebKit/537.36 (KHTML, like Gecko) Chrome/131.0.0.0 Safari/537.36 Edg/131.0.0.0", sec-ch-ua:""Microsoft Edge";v="131", "Chromium";v="131", "Not_A Brand";v="24"", sec-ch-ua-mobile:"?0", accept:"*/*", sec-fetch-site:"same-origin", sec-fetch-mode:"cors", sec-fetch-dest:"empty", referer:"http://localhost:8081/swagger-ui/index.html", accept-encoding:"gzip, deflate, br, zstd", accept-language:"en-US,en;q=0.9"]] MDC:[traceId=, spanId=]
2025-01-07 14:20:47 [http-nio-8081-exec-4] DEBUG o.s.w.f.CommonsRequestLoggingFilter - Before request [GET /v3/api-docs, headers=[host:"localhost:8081", connection:"keep-alive", sec-ch-ua-platform:""Windows"", user-agent:"Mozilla/5.0 (Windows NT 10.0; Win64; x64) AppleWebKit/537.36 (KHTML, like Gecko) Chrome/131.0.0.0 Safari/537.36 Edg/131.0.0.0", accept:"application/json,*/*", sec-ch-ua:""Microsoft Edge";v="131", "Chromium";v="131", "Not_A Brand";v="24"", sec-ch-ua-mobile:"?0", sec-fetch-site:"same-origin", sec-fetch-mode:"cors", sec-fetch-dest:"empty", referer:"http://localhost:8081/swagger-ui/index.html", accept-encoding:"gzip, deflate, br, zstd", accept-language:"en-US,en;q=0.9"]] MDC:[traceId=, spanId=]
2025-01-07 14:20:47 [http-nio-8081-exec-4] INFO  o.s.api.AbstractOpenApiResource - Init duration for springdoc-openapi is: 193 ms MDC:[traceId=, spanId=]
2025-01-07 14:20:47 [http-nio-8081-exec-4] DEBUG o.s.w.f.CommonsRequestLoggingFilter - DATA REQUEST: GET /v3/api-docs, headers=[host:"localhost:8081", connection:"keep-alive", sec-ch-ua-platform:""Windows"", user-agent:"Mozilla/5.0 (Windows NT 10.0; Win64; x64) AppleWebKit/537.36 (KHTML, like Gecko) Chrome/131.0.0.0 Safari/537.36 Edg/131.0.0.0", accept:"application/json,*/*", sec-ch-ua:""Microsoft Edge";v="131", "Chromium";v="131", "Not_A Brand";v="24"", sec-ch-ua-mobile:"?0", sec-fetch-site:"same-origin", sec-fetch-mode:"cors", sec-fetch-dest:"empty", referer:"http://localhost:8081/swagger-ui/index.html", accept-encoding:"gzip, deflate, br, zstd", accept-language:"en-US,en;q=0.9"]] MDC:[traceId=, spanId=]
2025-01-07 14:21:00 [http-nio-8081-exec-6] DEBUG o.s.w.f.CommonsRequestLoggingFilter - Before request [POST /category/create, headers=[host:"localhost:8081", connection:"keep-alive", content-length:"51847", sec-ch-ua-platform:""Windows"", user-agent:"Mozilla/5.0 (Windows NT 10.0; Win64; x64) AppleWebKit/537.36 (KHTML, like Gecko) Chrome/131.0.0.0 Safari/537.36 Edg/131.0.0.0", accept:"application/json", sec-ch-ua:""Microsoft Edge";v="131", "Chromium";v="131", "Not_A Brand";v="24"", sec-ch-ua-mobile:"?0", origin:"http://localhost:8081", sec-fetch-site:"same-origin", sec-fetch-mode:"cors", sec-fetch-dest:"empty", referer:"http://localhost:8081/swagger-ui/index.html", accept-encoding:"gzip, deflate, br, zstd", accept-language:"en-US,en;q=0.9", Content-Type:"multipart/form-data;boundary=----WebKitFormBoundaryEPnz7EOoiZ6p5I57;charset=UTF-8"]] MDC:[traceId=, spanId=]
2025-01-07 14:21:00 [http-nio-8081-exec-6] WARN  o.s.w.s.m.s.DefaultHandlerExceptionResolver - Resolved [org.springframework.web.HttpMediaTypeNotSupportedException: Content-Type 'application/octet-stream' is not supported] MDC:[traceId=, spanId=]
2025-01-07 14:21:00 [http-nio-8081-exec-6] DEBUG o.s.w.f.CommonsRequestLoggingFilter - DATA REQUEST: POST /category/create, headers=[host:"localhost:8081", connection:"keep-alive", content-length:"51847", sec-ch-ua-platform:""Windows"", user-agent:"Mozilla/5.0 (Windows NT 10.0; Win64; x64) AppleWebKit/537.36 (KHTML, like Gecko) Chrome/131.0.0.0 Safari/537.36 Edg/131.0.0.0", accept:"application/json", sec-ch-ua:""Microsoft Edge";v="131", "Chromium";v="131", "Not_A Brand";v="24"", sec-ch-ua-mobile:"?0", origin:"http://localhost:8081", sec-fetch-site:"same-origin", sec-fetch-mode:"cors", sec-fetch-dest:"empty", referer:"http://localhost:8081/swagger-ui/index.html", accept-encoding:"gzip, deflate, br, zstd", accept-language:"en-US,en;q=0.9", Content-Type:"multipart/form-data;boundary=----WebKitFormBoundaryEPnz7EOoiZ6p5I57;charset=UTF-8"]] MDC:[traceId=, spanId=]
2025-01-07 14:21:02 [http-nio-8081-exec-5] DEBUG o.s.w.f.CommonsRequestLoggingFilter - Before request [POST /category/create, headers=[host:"localhost:8081", connection:"keep-alive", content-length:"51847", sec-ch-ua-platform:""Windows"", user-agent:"Mozilla/5.0 (Windows NT 10.0; Win64; x64) AppleWebKit/537.36 (KHTML, like Gecko) Chrome/131.0.0.0 Safari/537.36 Edg/131.0.0.0", accept:"application/json", sec-ch-ua:""Microsoft Edge";v="131", "Chromium";v="131", "Not_A Brand";v="24"", sec-ch-ua-mobile:"?0", origin:"http://localhost:8081", sec-fetch-site:"same-origin", sec-fetch-mode:"cors", sec-fetch-dest:"empty", referer:"http://localhost:8081/swagger-ui/index.html", accept-encoding:"gzip, deflate, br, zstd", accept-language:"en-US,en;q=0.9", Content-Type:"multipart/form-data;boundary=----WebKitFormBoundary5Iz8nBNGXyzXLQCx;charset=UTF-8"]] MDC:[traceId=, spanId=]
2025-01-07 14:21:02 [http-nio-8081-exec-5] WARN  o.s.w.s.m.s.DefaultHandlerExceptionResolver - Resolved [org.springframework.web.HttpMediaTypeNotSupportedException: Content-Type 'application/octet-stream' is not supported] MDC:[traceId=, spanId=]
2025-01-07 14:21:02 [http-nio-8081-exec-5] DEBUG o.s.w.f.CommonsRequestLoggingFilter - DATA REQUEST: POST /category/create, headers=[host:"localhost:8081", connection:"keep-alive", content-length:"51847", sec-ch-ua-platform:""Windows"", user-agent:"Mozilla/5.0 (Windows NT 10.0; Win64; x64) AppleWebKit/537.36 (KHTML, like Gecko) Chrome/131.0.0.0 Safari/537.36 Edg/131.0.0.0", accept:"application/json", sec-ch-ua:""Microsoft Edge";v="131", "Chromium";v="131", "Not_A Brand";v="24"", sec-ch-ua-mobile:"?0", origin:"http://localhost:8081", sec-fetch-site:"same-origin", sec-fetch-mode:"cors", sec-fetch-dest:"empty", referer:"http://localhost:8081/swagger-ui/index.html", accept-encoding:"gzip, deflate, br, zstd", accept-language:"en-US,en;q=0.9", Content-Type:"multipart/form-data;boundary=----WebKitFormBoundary5Iz8nBNGXyzXLQCx;charset=UTF-8"]] MDC:[traceId=, spanId=]
2025-01-07 14:24:36 [SpringApplicationShutdownHook] INFO  o.s.b.w.e.tomcat.GracefulShutdown - Commencing graceful shutdown. Waiting for active requests to complete MDC:[traceId=, spanId=]
2025-01-07 14:24:36 [tomcat-shutdown] INFO  o.s.b.w.e.tomcat.GracefulShutdown - Graceful shutdown complete MDC:[traceId=, spanId=]
2025-01-07 14:24:36 [SpringApplicationShutdownHook] INFO  o.s.o.j.LocalContainerEntityManagerFactoryBean - Closing JPA EntityManagerFactory for persistence unit 'default' MDC:[traceId=, spanId=]
2025-01-07 14:24:36 [SpringApplicationShutdownHook] INFO  com.zaxxer.hikari.HikariDataSource - HikariPool-1 - Shutdown initiated... MDC:[traceId=, spanId=]
2025-01-07 14:24:36 [SpringApplicationShutdownHook] INFO  com.zaxxer.hikari.HikariDataSource - HikariPool-1 - Shutdown completed. MDC:[traceId=, spanId=]
2025-01-07 14:24:41 [main] INFO  o.v.p.ProductManagementServiceApplication - Starting ProductManagementServiceApplication using Java 17.0.2 with PID 5712 (D:\java\Springboot\HyggeEcommerce\ProductManagementService\target\classes started by PC in D:\java\Springboot\HyggeEcommerce) MDC:[traceId=, spanId=]
2025-01-07 14:24:41 [main] INFO  o.v.p.ProductManagementServiceApplication - No active profile set, falling back to 1 default profile: "default" MDC:[traceId=, spanId=]
2025-01-07 14:24:41 [main] INFO  o.s.c.c.c.ConfigServerConfigDataLoader - Fetching config from server at : http://localhost:8888/ MDC:[traceId=, spanId=]
2025-01-07 14:24:41 [main] INFO  o.s.c.c.c.ConfigServerConfigDataLoader - Located environment: name=product-manage-service, profiles=[default], label=null, version=null, state=null MDC:[traceId=, spanId=]
2025-01-07 14:24:42 [main] INFO  o.s.d.r.c.RepositoryConfigurationDelegate - Multiple Spring Data modules found, entering strict repository configuration mode MDC:[traceId=, spanId=]
2025-01-07 14:24:42 [main] INFO  o.s.d.r.c.RepositoryConfigurationDelegate - Bootstrapping Spring Data JPA repositories in DEFAULT mode. MDC:[traceId=, spanId=]
2025-01-07 14:24:42 [main] INFO  o.s.d.r.c.RepositoryConfigurationDelegate - Finished Spring Data repository scanning in 100 ms. Found 1 JPA repository interface. MDC:[traceId=, spanId=]
2025-01-07 14:24:42 [main] INFO  o.s.d.r.c.RepositoryConfigurationDelegate - Multiple Spring Data modules found, entering strict repository configuration mode MDC:[traceId=, spanId=]
2025-01-07 14:24:42 [main] INFO  o.s.d.r.c.RepositoryConfigurationDelegate - Bootstrapping Spring Data Redis repositories in DEFAULT mode. MDC:[traceId=, spanId=]
2025-01-07 14:24:42 [main] INFO  o.s.d.r.c.RepositoryConfigurationExtensionSupport - Spring Data Redis - Could not safely identify store assignment for repository candidate interface org.vdt.productmanagementservice.repositories.CategoryRepository; If you want this repository to be a Redis repository, consider annotating your entities with one of these annotations: org.springframework.data.redis.core.RedisHash (preferred), or consider extending one of the following types with your repository: org.springframework.data.keyvalue.repository.KeyValueRepository MDC:[traceId=, spanId=]
2025-01-07 14:24:42 [main] INFO  o.s.d.r.c.RepositoryConfigurationDelegate - Finished Spring Data repository scanning in 4 ms. Found 0 Redis repository interfaces. MDC:[traceId=, spanId=]
2025-01-07 14:24:42 [main] INFO  o.s.cloud.context.scope.GenericScope - BeanFactory id=18d760da-8ba8-3d64-bed4-db54346997d9 MDC:[traceId=, spanId=]
2025-01-07 14:24:42 [main] INFO  o.s.b.w.e.tomcat.TomcatWebServer - Tomcat initialized with port 8081 (http) MDC:[traceId=, spanId=]
2025-01-07 14:24:42 [main] INFO  o.a.coyote.http11.Http11NioProtocol - Initializing ProtocolHandler ["http-nio-8081"] MDC:[traceId=, spanId=]
2025-01-07 14:24:42 [main] INFO  o.a.catalina.core.StandardService - Starting service [Tomcat] MDC:[traceId=, spanId=]
2025-01-07 14:24:42 [main] INFO  o.a.catalina.core.StandardEngine - Starting Servlet engine: [Apache Tomcat/10.1.34] MDC:[traceId=, spanId=]
2025-01-07 14:24:42 [main] INFO  o.a.c.c.C.[Tomcat].[localhost].[/] - Initializing Spring embedded WebApplicationContext MDC:[traceId=, spanId=]
2025-01-07 14:24:42 [main] INFO  o.s.b.w.s.c.ServletWebServerApplicationContext - Root WebApplicationContext: initialization completed in 1234 ms MDC:[traceId=, spanId=]
2025-01-07 14:24:43 [main] DEBUG o.s.w.f.CommonsRequestLoggingFilter - Filter 'requestLoggingFilter' configured for use MDC:[traceId=, spanId=]
2025-01-07 14:24:43 [main] INFO  o.s.o.j.p.SpringPersistenceUnitInfo - No LoadTimeWeaver setup: ignoring JPA class transformer MDC:[traceId=, spanId=]
2025-01-07 14:24:43 [main] INFO  com.zaxxer.hikari.HikariDataSource - HikariPool-1 - Starting... MDC:[traceId=, spanId=]
2025-01-07 14:24:43 [main] INFO  com.zaxxer.hikari.pool.HikariPool - HikariPool-1 - Added connection com.mysql.cj.jdbc.ConnectionImpl@44df834c MDC:[traceId=, spanId=]
2025-01-07 14:24:43 [main] INFO  com.zaxxer.hikari.HikariDataSource - HikariPool-1 - Start completed. MDC:[traceId=, spanId=]
2025-01-07 14:24:44 [main] INFO  o.s.o.j.LocalContainerEntityManagerFactoryBean - Initialized JPA EntityManagerFactory for persistence unit 'default' MDC:[traceId=, spanId=]
2025-01-07 14:24:45 [main] WARN  o.s.b.a.o.j.JpaBaseConfiguration$JpaWebConfiguration - spring.jpa.open-in-view is enabled by default. Therefore, database queries may be performed during view rendering. Explicitly configure spring.jpa.open-in-view to disable this warning MDC:[traceId=, spanId=]
2025-01-07 14:24:45 [main] INFO  o.a.coyote.http11.Http11NioProtocol - Starting ProtocolHandler ["http-nio-8081"] MDC:[traceId=, spanId=]
2025-01-07 14:24:45 [main] INFO  o.s.b.w.e.tomcat.TomcatWebServer - Tomcat started on port 8081 (http) with context path '/' MDC:[traceId=, spanId=]
2025-01-07 14:24:45 [main] INFO  o.v.p.ProductManagementServiceApplication - Started ProductManagementServiceApplication in 5.29 seconds (process running for 6.034) MDC:[traceId=, spanId=]
2025-01-07 14:24:48 [http-nio-8081-exec-1] INFO  o.a.c.c.C.[Tomcat].[localhost].[/] - Initializing Spring DispatcherServlet 'dispatcherServlet' MDC:[traceId=, spanId=]
2025-01-07 14:24:48 [http-nio-8081-exec-1] INFO  o.s.web.servlet.DispatcherServlet - Initializing Servlet 'dispatcherServlet' MDC:[traceId=, spanId=]
2025-01-07 14:24:48 [http-nio-8081-exec-1] INFO  o.s.web.servlet.DispatcherServlet - Completed initialization in 1 ms MDC:[traceId=, spanId=]
2025-01-07 14:24:48 [http-nio-8081-exec-1] DEBUG o.s.w.f.CommonsRequestLoggingFilter - Before request [GET /swagger-ui/index.html, headers=[host:"localhost:8081", connection:"keep-alive", cache-control:"max-age=0", sec-ch-ua:""Microsoft Edge";v="131", "Chromium";v="131", "Not_A Brand";v="24"", sec-ch-ua-mobile:"?0", sec-ch-ua-platform:""Windows"", upgrade-insecure-requests:"1", user-agent:"Mozilla/5.0 (Windows NT 10.0; Win64; x64) AppleWebKit/537.36 (KHTML, like Gecko) Chrome/131.0.0.0 Safari/537.36 Edg/131.0.0.0", accept:"text/html,application/xhtml+xml,application/xml;q=0.9,image/avif,image/webp,image/apng,*/*;q=0.8,application/signed-exchange;v=b3;q=0.7", sec-fetch-site:"same-origin", sec-fetch-mode:"navigate", sec-fetch-user:"?1", sec-fetch-dest:"document", accept-encoding:"gzip, deflate, br, zstd", accept-language:"en-US,en;q=0.9", if-modified-since:"Fri, 31 Mar 2023 14:44:14 GMT"]] MDC:[traceId=, spanId=]
2025-01-07 14:24:48 [http-nio-8081-exec-1] DEBUG o.s.w.f.CommonsRequestLoggingFilter - DATA REQUEST: GET /swagger-ui/index.html, headers=[host:"localhost:8081", connection:"keep-alive", cache-control:"max-age=0", sec-ch-ua:""Microsoft Edge";v="131", "Chromium";v="131", "Not_A Brand";v="24"", sec-ch-ua-mobile:"?0", sec-ch-ua-platform:""Windows"", upgrade-insecure-requests:"1", user-agent:"Mozilla/5.0 (Windows NT 10.0; Win64; x64) AppleWebKit/537.36 (KHTML, like Gecko) Chrome/131.0.0.0 Safari/537.36 Edg/131.0.0.0", accept:"text/html,application/xhtml+xml,application/xml;q=0.9,image/avif,image/webp,image/apng,*/*;q=0.8,application/signed-exchange;v=b3;q=0.7", sec-fetch-site:"same-origin", sec-fetch-mode:"navigate", sec-fetch-user:"?1", sec-fetch-dest:"document", accept-encoding:"gzip, deflate, br, zstd", accept-language:"en-US,en;q=0.9", if-modified-since:"Fri, 31 Mar 2023 14:44:14 GMT"]] MDC:[traceId=, spanId=]
2025-01-07 14:24:48 [http-nio-8081-exec-2] DEBUG o.s.w.f.CommonsRequestLoggingFilter - Before request [GET /swagger-ui/swagger-initializer.js, headers=[host:"localhost:8081", connection:"keep-alive", sec-ch-ua-platform:""Windows"", user-agent:"Mozilla/5.0 (Windows NT 10.0; Win64; x64) AppleWebKit/537.36 (KHTML, like Gecko) Chrome/131.0.0.0 Safari/537.36 Edg/131.0.0.0", sec-ch-ua:""Microsoft Edge";v="131", "Chromium";v="131", "Not_A Brand";v="24"", sec-ch-ua-mobile:"?0", accept:"*/*", sec-fetch-site:"same-origin", sec-fetch-mode:"no-cors", sec-fetch-dest:"script", referer:"http://localhost:8081/swagger-ui/index.html", accept-encoding:"gzip, deflate, br, zstd", accept-language:"en-US,en;q=0.9"]] MDC:[traceId=, spanId=]
2025-01-07 14:24:48 [http-nio-8081-exec-2] DEBUG o.s.w.f.CommonsRequestLoggingFilter - DATA REQUEST: GET /swagger-ui/swagger-initializer.js, headers=[host:"localhost:8081", connection:"keep-alive", sec-ch-ua-platform:""Windows"", user-agent:"Mozilla/5.0 (Windows NT 10.0; Win64; x64) AppleWebKit/537.36 (KHTML, like Gecko) Chrome/131.0.0.0 Safari/537.36 Edg/131.0.0.0", sec-ch-ua:""Microsoft Edge";v="131", "Chromium";v="131", "Not_A Brand";v="24"", sec-ch-ua-mobile:"?0", accept:"*/*", sec-fetch-site:"same-origin", sec-fetch-mode:"no-cors", sec-fetch-dest:"script", referer:"http://localhost:8081/swagger-ui/index.html", accept-encoding:"gzip, deflate, br, zstd", accept-language:"en-US,en;q=0.9"]] MDC:[traceId=, spanId=]
2025-01-07 14:24:48 [http-nio-8081-exec-3] DEBUG o.s.w.f.CommonsRequestLoggingFilter - Before request [GET /v3/api-docs/swagger-config, headers=[host:"localhost:8081", connection:"keep-alive", sec-ch-ua-platform:""Windows"", user-agent:"Mozilla/5.0 (Windows NT 10.0; Win64; x64) AppleWebKit/537.36 (KHTML, like Gecko) Chrome/131.0.0.0 Safari/537.36 Edg/131.0.0.0", sec-ch-ua:""Microsoft Edge";v="131", "Chromium";v="131", "Not_A Brand";v="24"", sec-ch-ua-mobile:"?0", accept:"*/*", sec-fetch-site:"same-origin", sec-fetch-mode:"cors", sec-fetch-dest:"empty", referer:"http://localhost:8081/swagger-ui/index.html", accept-encoding:"gzip, deflate, br, zstd", accept-language:"en-US,en;q=0.9"]] MDC:[traceId=, spanId=]
2025-01-07 14:24:48 [http-nio-8081-exec-3] DEBUG o.s.w.f.CommonsRequestLoggingFilter - DATA REQUEST: GET /v3/api-docs/swagger-config, headers=[host:"localhost:8081", connection:"keep-alive", sec-ch-ua-platform:""Windows"", user-agent:"Mozilla/5.0 (Windows NT 10.0; Win64; x64) AppleWebKit/537.36 (KHTML, like Gecko) Chrome/131.0.0.0 Safari/537.36 Edg/131.0.0.0", sec-ch-ua:""Microsoft Edge";v="131", "Chromium";v="131", "Not_A Brand";v="24"", sec-ch-ua-mobile:"?0", accept:"*/*", sec-fetch-site:"same-origin", sec-fetch-mode:"cors", sec-fetch-dest:"empty", referer:"http://localhost:8081/swagger-ui/index.html", accept-encoding:"gzip, deflate, br, zstd", accept-language:"en-US,en;q=0.9"]] MDC:[traceId=, spanId=]
2025-01-07 14:24:48 [http-nio-8081-exec-4] DEBUG o.s.w.f.CommonsRequestLoggingFilter - Before request [GET /v3/api-docs, headers=[host:"localhost:8081", connection:"keep-alive", sec-ch-ua-platform:""Windows"", user-agent:"Mozilla/5.0 (Windows NT 10.0; Win64; x64) AppleWebKit/537.36 (KHTML, like Gecko) Chrome/131.0.0.0 Safari/537.36 Edg/131.0.0.0", accept:"application/json,*/*", sec-ch-ua:""Microsoft Edge";v="131", "Chromium";v="131", "Not_A Brand";v="24"", sec-ch-ua-mobile:"?0", sec-fetch-site:"same-origin", sec-fetch-mode:"cors", sec-fetch-dest:"empty", referer:"http://localhost:8081/swagger-ui/index.html", accept-encoding:"gzip, deflate, br, zstd", accept-language:"en-US,en;q=0.9"]] MDC:[traceId=, spanId=]
2025-01-07 14:24:48 [http-nio-8081-exec-4] INFO  o.s.api.AbstractOpenApiResource - Init duration for springdoc-openapi is: 225 ms MDC:[traceId=, spanId=]
2025-01-07 14:24:48 [http-nio-8081-exec-4] DEBUG o.s.w.f.CommonsRequestLoggingFilter - DATA REQUEST: GET /v3/api-docs, headers=[host:"localhost:8081", connection:"keep-alive", sec-ch-ua-platform:""Windows"", user-agent:"Mozilla/5.0 (Windows NT 10.0; Win64; x64) AppleWebKit/537.36 (KHTML, like Gecko) Chrome/131.0.0.0 Safari/537.36 Edg/131.0.0.0", accept:"application/json,*/*", sec-ch-ua:""Microsoft Edge";v="131", "Chromium";v="131", "Not_A Brand";v="24"", sec-ch-ua-mobile:"?0", sec-fetch-site:"same-origin", sec-fetch-mode:"cors", sec-fetch-dest:"empty", referer:"http://localhost:8081/swagger-ui/index.html", accept-encoding:"gzip, deflate, br, zstd", accept-language:"en-US,en;q=0.9"]] MDC:[traceId=, spanId=]
2025-01-07 14:25:01 [http-nio-8081-exec-5] DEBUG o.s.w.f.CommonsRequestLoggingFilter - Before request [POST /category/create, headers=[host:"localhost:8081", connection:"keep-alive", content-length:"145823", sec-ch-ua-platform:""Windows"", user-agent:"Mozilla/5.0 (Windows NT 10.0; Win64; x64) AppleWebKit/537.36 (KHTML, like Gecko) Chrome/131.0.0.0 Safari/537.36 Edg/131.0.0.0", accept:"application/json", sec-ch-ua:""Microsoft Edge";v="131", "Chromium";v="131", "Not_A Brand";v="24"", sec-ch-ua-mobile:"?0", origin:"http://localhost:8081", sec-fetch-site:"same-origin", sec-fetch-mode:"cors", sec-fetch-dest:"empty", referer:"http://localhost:8081/swagger-ui/index.html", accept-encoding:"gzip, deflate, br, zstd", accept-language:"en-US,en;q=0.9", Content-Type:"multipart/form-data;boundary=----WebKitFormBoundaryOy1pAB44Ty5t9qey;charset=UTF-8"]] MDC:[traceId=, spanId=]
2025-01-07 14:25:01 [http-nio-8081-exec-5] WARN  o.s.w.s.m.s.DefaultHandlerExceptionResolver - Resolved [org.springframework.web.HttpMediaTypeNotSupportedException: Content-Type 'application/octet-stream' is not supported] MDC:[traceId=, spanId=]
2025-01-07 14:25:01 [http-nio-8081-exec-5] DEBUG o.s.w.f.CommonsRequestLoggingFilter - DATA REQUEST: POST /category/create, headers=[host:"localhost:8081", connection:"keep-alive", content-length:"145823", sec-ch-ua-platform:""Windows"", user-agent:"Mozilla/5.0 (Windows NT 10.0; Win64; x64) AppleWebKit/537.36 (KHTML, like Gecko) Chrome/131.0.0.0 Safari/537.36 Edg/131.0.0.0", accept:"application/json", sec-ch-ua:""Microsoft Edge";v="131", "Chromium";v="131", "Not_A Brand";v="24"", sec-ch-ua-mobile:"?0", origin:"http://localhost:8081", sec-fetch-site:"same-origin", sec-fetch-mode:"cors", sec-fetch-dest:"empty", referer:"http://localhost:8081/swagger-ui/index.html", accept-encoding:"gzip, deflate, br, zstd", accept-language:"en-US,en;q=0.9", Content-Type:"multipart/form-data;boundary=----WebKitFormBoundaryOy1pAB44Ty5t9qey;charset=UTF-8"]] MDC:[traceId=, spanId=]
2025-01-07 14:25:05 [http-nio-8081-exec-6] DEBUG o.s.w.f.CommonsRequestLoggingFilter - Before request [POST /category/create, headers=[host:"localhost:8081", connection:"keep-alive", content-length:"145823", sec-ch-ua-platform:""Windows"", user-agent:"Mozilla/5.0 (Windows NT 10.0; Win64; x64) AppleWebKit/537.36 (KHTML, like Gecko) Chrome/131.0.0.0 Safari/537.36 Edg/131.0.0.0", accept:"application/json", sec-ch-ua:""Microsoft Edge";v="131", "Chromium";v="131", "Not_A Brand";v="24"", sec-ch-ua-mobile:"?0", origin:"http://localhost:8081", sec-fetch-site:"same-origin", sec-fetch-mode:"cors", sec-fetch-dest:"empty", referer:"http://localhost:8081/swagger-ui/index.html", accept-encoding:"gzip, deflate, br, zstd", accept-language:"en-US,en;q=0.9", Content-Type:"multipart/form-data;boundary=----WebKitFormBoundaryFmMbelqkgvgYYpmJ;charset=UTF-8"]] MDC:[traceId=, spanId=]
2025-01-07 14:25:05 [http-nio-8081-exec-6] WARN  o.s.w.s.m.s.DefaultHandlerExceptionResolver - Resolved [org.springframework.web.HttpMediaTypeNotSupportedException: Content-Type 'application/octet-stream' is not supported] MDC:[traceId=, spanId=]
2025-01-07 14:25:05 [http-nio-8081-exec-6] DEBUG o.s.w.f.CommonsRequestLoggingFilter - DATA REQUEST: POST /category/create, headers=[host:"localhost:8081", connection:"keep-alive", content-length:"145823", sec-ch-ua-platform:""Windows"", user-agent:"Mozilla/5.0 (Windows NT 10.0; Win64; x64) AppleWebKit/537.36 (KHTML, like Gecko) Chrome/131.0.0.0 Safari/537.36 Edg/131.0.0.0", accept:"application/json", sec-ch-ua:""Microsoft Edge";v="131", "Chromium";v="131", "Not_A Brand";v="24"", sec-ch-ua-mobile:"?0", origin:"http://localhost:8081", sec-fetch-site:"same-origin", sec-fetch-mode:"cors", sec-fetch-dest:"empty", referer:"http://localhost:8081/swagger-ui/index.html", accept-encoding:"gzip, deflate, br, zstd", accept-language:"en-US,en;q=0.9", Content-Type:"multipart/form-data;boundary=----WebKitFormBoundaryFmMbelqkgvgYYpmJ;charset=UTF-8"]] MDC:[traceId=, spanId=]
2025-01-07 14:27:31 [SpringApplicationShutdownHook] INFO  o.s.b.w.e.tomcat.GracefulShutdown - Commencing graceful shutdown. Waiting for active requests to complete MDC:[traceId=, spanId=]
2025-01-07 14:27:31 [tomcat-shutdown] INFO  o.s.b.w.e.tomcat.GracefulShutdown - Graceful shutdown complete MDC:[traceId=, spanId=]
2025-01-07 14:27:31 [SpringApplicationShutdownHook] INFO  o.s.o.j.LocalContainerEntityManagerFactoryBean - Closing JPA EntityManagerFactory for persistence unit 'default' MDC:[traceId=, spanId=]
2025-01-07 14:27:31 [SpringApplicationShutdownHook] INFO  com.zaxxer.hikari.HikariDataSource - HikariPool-1 - Shutdown initiated... MDC:[traceId=, spanId=]
2025-01-07 14:27:31 [SpringApplicationShutdownHook] INFO  com.zaxxer.hikari.HikariDataSource - HikariPool-1 - Shutdown completed. MDC:[traceId=, spanId=]
2025-01-07 14:27:36 [main] INFO  o.v.p.ProductManagementServiceApplication - Starting ProductManagementServiceApplication using Java 17.0.2 with PID 21700 (D:\java\Springboot\HyggeEcommerce\ProductManagementService\target\classes started by PC in D:\java\Springboot\HyggeEcommerce) MDC:[traceId=, spanId=]
2025-01-07 14:27:36 [main] INFO  o.v.p.ProductManagementServiceApplication - No active profile set, falling back to 1 default profile: "default" MDC:[traceId=, spanId=]
2025-01-07 14:27:36 [main] INFO  o.s.c.c.c.ConfigServerConfigDataLoader - Fetching config from server at : http://localhost:8888/ MDC:[traceId=, spanId=]
2025-01-07 14:27:36 [main] INFO  o.s.c.c.c.ConfigServerConfigDataLoader - Located environment: name=product-manage-service, profiles=[default], label=null, version=null, state=null MDC:[traceId=, spanId=]
2025-01-07 14:27:37 [main] INFO  o.s.d.r.c.RepositoryConfigurationDelegate - Multiple Spring Data modules found, entering strict repository configuration mode MDC:[traceId=, spanId=]
2025-01-07 14:27:37 [main] INFO  o.s.d.r.c.RepositoryConfigurationDelegate - Bootstrapping Spring Data JPA repositories in DEFAULT mode. MDC:[traceId=, spanId=]
2025-01-07 14:27:37 [main] INFO  o.s.d.r.c.RepositoryConfigurationDelegate - Finished Spring Data repository scanning in 89 ms. Found 1 JPA repository interface. MDC:[traceId=, spanId=]
2025-01-07 14:27:37 [main] INFO  o.s.d.r.c.RepositoryConfigurationDelegate - Multiple Spring Data modules found, entering strict repository configuration mode MDC:[traceId=, spanId=]
2025-01-07 14:27:37 [main] INFO  o.s.d.r.c.RepositoryConfigurationDelegate - Bootstrapping Spring Data Redis repositories in DEFAULT mode. MDC:[traceId=, spanId=]
2025-01-07 14:27:37 [main] INFO  o.s.d.r.c.RepositoryConfigurationExtensionSupport - Spring Data Redis - Could not safely identify store assignment for repository candidate interface org.vdt.productmanagementservice.repositories.CategoryRepository; If you want this repository to be a Redis repository, consider annotating your entities with one of these annotations: org.springframework.data.redis.core.RedisHash (preferred), or consider extending one of the following types with your repository: org.springframework.data.keyvalue.repository.KeyValueRepository MDC:[traceId=, spanId=]
2025-01-07 14:27:37 [main] INFO  o.s.d.r.c.RepositoryConfigurationDelegate - Finished Spring Data repository scanning in 5 ms. Found 0 Redis repository interfaces. MDC:[traceId=, spanId=]
2025-01-07 14:27:37 [main] INFO  o.s.cloud.context.scope.GenericScope - BeanFactory id=751b2700-0bd6-37b3-98e1-88b2b6092cd5 MDC:[traceId=, spanId=]
2025-01-07 14:27:37 [main] INFO  o.s.b.w.e.tomcat.TomcatWebServer - Tomcat initialized with port 8081 (http) MDC:[traceId=, spanId=]
2025-01-07 14:27:37 [main] INFO  o.a.coyote.http11.Http11NioProtocol - Initializing ProtocolHandler ["http-nio-8081"] MDC:[traceId=, spanId=]
2025-01-07 14:27:37 [main] INFO  o.a.catalina.core.StandardService - Starting service [Tomcat] MDC:[traceId=, spanId=]
2025-01-07 14:27:37 [main] INFO  o.a.catalina.core.StandardEngine - Starting Servlet engine: [Apache Tomcat/10.1.34] MDC:[traceId=, spanId=]
2025-01-07 14:27:37 [main] INFO  o.a.c.c.C.[Tomcat].[localhost].[/] - Initializing Spring embedded WebApplicationContext MDC:[traceId=, spanId=]
2025-01-07 14:27:37 [main] INFO  o.s.b.w.s.c.ServletWebServerApplicationContext - Root WebApplicationContext: initialization completed in 1268 ms MDC:[traceId=, spanId=]
2025-01-07 14:27:37 [main] DEBUG o.s.w.f.CommonsRequestLoggingFilter - Filter 'requestLoggingFilter' configured for use MDC:[traceId=, spanId=]
2025-01-07 14:27:38 [main] INFO  o.s.o.j.p.SpringPersistenceUnitInfo - No LoadTimeWeaver setup: ignoring JPA class transformer MDC:[traceId=, spanId=]
2025-01-07 14:27:38 [main] INFO  com.zaxxer.hikari.HikariDataSource - HikariPool-1 - Starting... MDC:[traceId=, spanId=]
2025-01-07 14:27:38 [main] INFO  com.zaxxer.hikari.pool.HikariPool - HikariPool-1 - Added connection com.mysql.cj.jdbc.ConnectionImpl@421d7900 MDC:[traceId=, spanId=]
2025-01-07 14:27:38 [main] INFO  com.zaxxer.hikari.HikariDataSource - HikariPool-1 - Start completed. MDC:[traceId=, spanId=]
2025-01-07 14:27:39 [main] INFO  o.s.o.j.LocalContainerEntityManagerFactoryBean - Initialized JPA EntityManagerFactory for persistence unit 'default' MDC:[traceId=, spanId=]
2025-01-07 14:27:39 [main] WARN  o.s.b.a.o.j.JpaBaseConfiguration$JpaWebConfiguration - spring.jpa.open-in-view is enabled by default. Therefore, database queries may be performed during view rendering. Explicitly configure spring.jpa.open-in-view to disable this warning MDC:[traceId=, spanId=]
2025-01-07 14:27:40 [main] INFO  o.a.coyote.http11.Http11NioProtocol - Starting ProtocolHandler ["http-nio-8081"] MDC:[traceId=, spanId=]
2025-01-07 14:27:40 [main] INFO  o.s.b.w.e.tomcat.TomcatWebServer - Tomcat started on port 8081 (http) with context path '/' MDC:[traceId=, spanId=]
2025-01-07 14:27:40 [main] INFO  o.v.p.ProductManagementServiceApplication - Started ProductManagementServiceApplication in 5.358 seconds (process running for 6.038) MDC:[traceId=, spanId=]
2025-01-07 14:27:45 [http-nio-8081-exec-1] INFO  o.a.c.c.C.[Tomcat].[localhost].[/] - Initializing Spring DispatcherServlet 'dispatcherServlet' MDC:[traceId=, spanId=]
2025-01-07 14:27:45 [http-nio-8081-exec-1] INFO  o.s.web.servlet.DispatcherServlet - Initializing Servlet 'dispatcherServlet' MDC:[traceId=, spanId=]
2025-01-07 14:27:45 [http-nio-8081-exec-1] INFO  o.s.web.servlet.DispatcherServlet - Completed initialization in 3 ms MDC:[traceId=, spanId=]
2025-01-07 14:27:45 [http-nio-8081-exec-1] DEBUG o.s.w.f.CommonsRequestLoggingFilter - Before request [GET /swagger-ui/index.html, headers=[host:"localhost:8081", connection:"keep-alive", cache-control:"max-age=0", sec-ch-ua:""Microsoft Edge";v="131", "Chromium";v="131", "Not_A Brand";v="24"", sec-ch-ua-mobile:"?0", sec-ch-ua-platform:""Windows"", upgrade-insecure-requests:"1", user-agent:"Mozilla/5.0 (Windows NT 10.0; Win64; x64) AppleWebKit/537.36 (KHTML, like Gecko) Chrome/131.0.0.0 Safari/537.36 Edg/131.0.0.0", accept:"text/html,application/xhtml+xml,application/xml;q=0.9,image/avif,image/webp,image/apng,*/*;q=0.8,application/signed-exchange;v=b3;q=0.7", sec-fetch-site:"same-origin", sec-fetch-mode:"navigate", sec-fetch-user:"?1", sec-fetch-dest:"document", accept-encoding:"gzip, deflate, br, zstd", accept-language:"en-US,en;q=0.9", if-modified-since:"Fri, 31 Mar 2023 14:44:14 GMT"]] MDC:[traceId=, spanId=]
2025-01-07 14:27:45 [http-nio-8081-exec-1] DEBUG o.s.w.f.CommonsRequestLoggingFilter - DATA REQUEST: GET /swagger-ui/index.html, headers=[host:"localhost:8081", connection:"keep-alive", cache-control:"max-age=0", sec-ch-ua:""Microsoft Edge";v="131", "Chromium";v="131", "Not_A Brand";v="24"", sec-ch-ua-mobile:"?0", sec-ch-ua-platform:""Windows"", upgrade-insecure-requests:"1", user-agent:"Mozilla/5.0 (Windows NT 10.0; Win64; x64) AppleWebKit/537.36 (KHTML, like Gecko) Chrome/131.0.0.0 Safari/537.36 Edg/131.0.0.0", accept:"text/html,application/xhtml+xml,application/xml;q=0.9,image/avif,image/webp,image/apng,*/*;q=0.8,application/signed-exchange;v=b3;q=0.7", sec-fetch-site:"same-origin", sec-fetch-mode:"navigate", sec-fetch-user:"?1", sec-fetch-dest:"document", accept-encoding:"gzip, deflate, br, zstd", accept-language:"en-US,en;q=0.9", if-modified-since:"Fri, 31 Mar 2023 14:44:14 GMT"]] MDC:[traceId=, spanId=]
2025-01-07 14:27:45 [http-nio-8081-exec-6] DEBUG o.s.w.f.CommonsRequestLoggingFilter - Before request [GET /swagger-ui/swagger-initializer.js, headers=[host:"localhost:8081", connection:"keep-alive", sec-ch-ua-platform:""Windows"", user-agent:"Mozilla/5.0 (Windows NT 10.0; Win64; x64) AppleWebKit/537.36 (KHTML, like Gecko) Chrome/131.0.0.0 Safari/537.36 Edg/131.0.0.0", sec-ch-ua:""Microsoft Edge";v="131", "Chromium";v="131", "Not_A Brand";v="24"", sec-ch-ua-mobile:"?0", accept:"*/*", sec-fetch-site:"same-origin", sec-fetch-mode:"no-cors", sec-fetch-dest:"script", referer:"http://localhost:8081/swagger-ui/index.html", accept-encoding:"gzip, deflate, br, zstd", accept-language:"en-US,en;q=0.9"]] MDC:[traceId=, spanId=]
2025-01-07 14:27:45 [http-nio-8081-exec-6] DEBUG o.s.w.f.CommonsRequestLoggingFilter - DATA REQUEST: GET /swagger-ui/swagger-initializer.js, headers=[host:"localhost:8081", connection:"keep-alive", sec-ch-ua-platform:""Windows"", user-agent:"Mozilla/5.0 (Windows NT 10.0; Win64; x64) AppleWebKit/537.36 (KHTML, like Gecko) Chrome/131.0.0.0 Safari/537.36 Edg/131.0.0.0", sec-ch-ua:""Microsoft Edge";v="131", "Chromium";v="131", "Not_A Brand";v="24"", sec-ch-ua-mobile:"?0", accept:"*/*", sec-fetch-site:"same-origin", sec-fetch-mode:"no-cors", sec-fetch-dest:"script", referer:"http://localhost:8081/swagger-ui/index.html", accept-encoding:"gzip, deflate, br, zstd", accept-language:"en-US,en;q=0.9"]] MDC:[traceId=, spanId=]
2025-01-07 14:27:45 [http-nio-8081-exec-3] DEBUG o.s.w.f.CommonsRequestLoggingFilter - Before request [GET /v3/api-docs/swagger-config, headers=[host:"localhost:8081", connection:"keep-alive", sec-ch-ua-platform:""Windows"", user-agent:"Mozilla/5.0 (Windows NT 10.0; Win64; x64) AppleWebKit/537.36 (KHTML, like Gecko) Chrome/131.0.0.0 Safari/537.36 Edg/131.0.0.0", sec-ch-ua:""Microsoft Edge";v="131", "Chromium";v="131", "Not_A Brand";v="24"", sec-ch-ua-mobile:"?0", accept:"*/*", sec-fetch-site:"same-origin", sec-fetch-mode:"cors", sec-fetch-dest:"empty", referer:"http://localhost:8081/swagger-ui/index.html", accept-encoding:"gzip, deflate, br, zstd", accept-language:"en-US,en;q=0.9"]] MDC:[traceId=, spanId=]
2025-01-07 14:27:46 [http-nio-8081-exec-3] DEBUG o.s.w.f.CommonsRequestLoggingFilter - DATA REQUEST: GET /v3/api-docs/swagger-config, headers=[host:"localhost:8081", connection:"keep-alive", sec-ch-ua-platform:""Windows"", user-agent:"Mozilla/5.0 (Windows NT 10.0; Win64; x64) AppleWebKit/537.36 (KHTML, like Gecko) Chrome/131.0.0.0 Safari/537.36 Edg/131.0.0.0", sec-ch-ua:""Microsoft Edge";v="131", "Chromium";v="131", "Not_A Brand";v="24"", sec-ch-ua-mobile:"?0", accept:"*/*", sec-fetch-site:"same-origin", sec-fetch-mode:"cors", sec-fetch-dest:"empty", referer:"http://localhost:8081/swagger-ui/index.html", accept-encoding:"gzip, deflate, br, zstd", accept-language:"en-US,en;q=0.9"]] MDC:[traceId=, spanId=]
2025-01-07 14:27:46 [http-nio-8081-exec-4] DEBUG o.s.w.f.CommonsRequestLoggingFilter - Before request [GET /v3/api-docs, headers=[host:"localhost:8081", connection:"keep-alive", sec-ch-ua-platform:""Windows"", user-agent:"Mozilla/5.0 (Windows NT 10.0; Win64; x64) AppleWebKit/537.36 (KHTML, like Gecko) Chrome/131.0.0.0 Safari/537.36 Edg/131.0.0.0", accept:"application/json,*/*", sec-ch-ua:""Microsoft Edge";v="131", "Chromium";v="131", "Not_A Brand";v="24"", sec-ch-ua-mobile:"?0", sec-fetch-site:"same-origin", sec-fetch-mode:"cors", sec-fetch-dest:"empty", referer:"http://localhost:8081/swagger-ui/index.html", accept-encoding:"gzip, deflate, br, zstd", accept-language:"en-US,en;q=0.9"]] MDC:[traceId=, spanId=]
2025-01-07 14:27:46 [http-nio-8081-exec-4] INFO  o.s.api.AbstractOpenApiResource - Init duration for springdoc-openapi is: 306 ms MDC:[traceId=, spanId=]
2025-01-07 14:27:46 [http-nio-8081-exec-4] DEBUG o.s.w.f.CommonsRequestLoggingFilter - DATA REQUEST: GET /v3/api-docs, headers=[host:"localhost:8081", connection:"keep-alive", sec-ch-ua-platform:""Windows"", user-agent:"Mozilla/5.0 (Windows NT 10.0; Win64; x64) AppleWebKit/537.36 (KHTML, like Gecko) Chrome/131.0.0.0 Safari/537.36 Edg/131.0.0.0", accept:"application/json,*/*", sec-ch-ua:""Microsoft Edge";v="131", "Chromium";v="131", "Not_A Brand";v="24"", sec-ch-ua-mobile:"?0", sec-fetch-site:"same-origin", sec-fetch-mode:"cors", sec-fetch-dest:"empty", referer:"http://localhost:8081/swagger-ui/index.html", accept-encoding:"gzip, deflate, br, zstd", accept-language:"en-US,en;q=0.9"]] MDC:[traceId=, spanId=]
2025-01-07 14:27:56 [http-nio-8081-exec-5] DEBUG o.s.w.f.CommonsRequestLoggingFilter - Before request [POST /category/create, headers=[host:"localhost:8081", connection:"keep-alive", content-length:"145823", sec-ch-ua-platform:""Windows"", user-agent:"Mozilla/5.0 (Windows NT 10.0; Win64; x64) AppleWebKit/537.36 (KHTML, like Gecko) Chrome/131.0.0.0 Safari/537.36 Edg/131.0.0.0", accept:"application/json", sec-ch-ua:""Microsoft Edge";v="131", "Chromium";v="131", "Not_A Brand";v="24"", sec-ch-ua-mobile:"?0", origin:"http://localhost:8081", sec-fetch-site:"same-origin", sec-fetch-mode:"cors", sec-fetch-dest:"empty", referer:"http://localhost:8081/swagger-ui/index.html", accept-encoding:"gzip, deflate, br, zstd", accept-language:"en-US,en;q=0.9", Content-Type:"multipart/form-data;boundary=----WebKitFormBoundaryWJ9LGLDyygijFBqh;charset=UTF-8"]] MDC:[traceId=, spanId=]
2025-01-07 14:27:56 [http-nio-8081-exec-5] WARN  o.s.w.s.m.s.DefaultHandlerExceptionResolver - Resolved [org.springframework.web.HttpMediaTypeNotSupportedException: Content-Type 'application/octet-stream' is not supported] MDC:[traceId=, spanId=]
2025-01-07 14:27:56 [http-nio-8081-exec-5] DEBUG o.s.w.f.CommonsRequestLoggingFilter - DATA REQUEST: POST /category/create, headers=[host:"localhost:8081", connection:"keep-alive", content-length:"145823", sec-ch-ua-platform:""Windows"", user-agent:"Mozilla/5.0 (Windows NT 10.0; Win64; x64) AppleWebKit/537.36 (KHTML, like Gecko) Chrome/131.0.0.0 Safari/537.36 Edg/131.0.0.0", accept:"application/json", sec-ch-ua:""Microsoft Edge";v="131", "Chromium";v="131", "Not_A Brand";v="24"", sec-ch-ua-mobile:"?0", origin:"http://localhost:8081", sec-fetch-site:"same-origin", sec-fetch-mode:"cors", sec-fetch-dest:"empty", referer:"http://localhost:8081/swagger-ui/index.html", accept-encoding:"gzip, deflate, br, zstd", accept-language:"en-US,en;q=0.9", Content-Type:"multipart/form-data;boundary=----WebKitFormBoundaryWJ9LGLDyygijFBqh;charset=UTF-8"]] MDC:[traceId=, spanId=]
2025-01-07 14:27:57 [http-nio-8081-exec-2] DEBUG o.s.w.f.CommonsRequestLoggingFilter - Before request [POST /category/create, headers=[host:"localhost:8081", connection:"keep-alive", content-length:"145823", sec-ch-ua-platform:""Windows"", user-agent:"Mozilla/5.0 (Windows NT 10.0; Win64; x64) AppleWebKit/537.36 (KHTML, like Gecko) Chrome/131.0.0.0 Safari/537.36 Edg/131.0.0.0", accept:"application/json", sec-ch-ua:""Microsoft Edge";v="131", "Chromium";v="131", "Not_A Brand";v="24"", sec-ch-ua-mobile:"?0", origin:"http://localhost:8081", sec-fetch-site:"same-origin", sec-fetch-mode:"cors", sec-fetch-dest:"empty", referer:"http://localhost:8081/swagger-ui/index.html", accept-encoding:"gzip, deflate, br, zstd", accept-language:"en-US,en;q=0.9", Content-Type:"multipart/form-data;boundary=----WebKitFormBoundaryysJNnPfRe6okrfWb;charset=UTF-8"]] MDC:[traceId=, spanId=]
2025-01-07 14:27:57 [http-nio-8081-exec-2] WARN  o.s.w.s.m.s.DefaultHandlerExceptionResolver - Resolved [org.springframework.web.HttpMediaTypeNotSupportedException: Content-Type 'application/octet-stream' is not supported] MDC:[traceId=, spanId=]
2025-01-07 14:27:57 [http-nio-8081-exec-2] DEBUG o.s.w.f.CommonsRequestLoggingFilter - DATA REQUEST: POST /category/create, headers=[host:"localhost:8081", connection:"keep-alive", content-length:"145823", sec-ch-ua-platform:""Windows"", user-agent:"Mozilla/5.0 (Windows NT 10.0; Win64; x64) AppleWebKit/537.36 (KHTML, like Gecko) Chrome/131.0.0.0 Safari/537.36 Edg/131.0.0.0", accept:"application/json", sec-ch-ua:""Microsoft Edge";v="131", "Chromium";v="131", "Not_A Brand";v="24"", sec-ch-ua-mobile:"?0", origin:"http://localhost:8081", sec-fetch-site:"same-origin", sec-fetch-mode:"cors", sec-fetch-dest:"empty", referer:"http://localhost:8081/swagger-ui/index.html", accept-encoding:"gzip, deflate, br, zstd", accept-language:"en-US,en;q=0.9", Content-Type:"multipart/form-data;boundary=----WebKitFormBoundaryysJNnPfRe6okrfWb;charset=UTF-8"]] MDC:[traceId=, spanId=]
2025-01-07 14:30:49 [SpringApplicationShutdownHook] INFO  o.s.b.w.e.tomcat.GracefulShutdown - Commencing graceful shutdown. Waiting for active requests to complete MDC:[traceId=, spanId=]
2025-01-07 14:30:49 [tomcat-shutdown] INFO  o.s.b.w.e.tomcat.GracefulShutdown - Graceful shutdown complete MDC:[traceId=, spanId=]
2025-01-07 14:30:49 [SpringApplicationShutdownHook] INFO  o.s.o.j.LocalContainerEntityManagerFactoryBean - Closing JPA EntityManagerFactory for persistence unit 'default' MDC:[traceId=, spanId=]
2025-01-07 14:30:49 [SpringApplicationShutdownHook] INFO  com.zaxxer.hikari.HikariDataSource - HikariPool-1 - Shutdown initiated... MDC:[traceId=, spanId=]
2025-01-07 14:30:49 [SpringApplicationShutdownHook] INFO  com.zaxxer.hikari.HikariDataSource - HikariPool-1 - Shutdown completed. MDC:[traceId=, spanId=]
2025-01-07 14:30:55 [main] INFO  o.v.p.ProductManagementServiceApplication - Starting ProductManagementServiceApplication using Java 17.0.2 with PID 26720 (D:\java\Springboot\HyggeEcommerce\ProductManagementService\target\classes started by PC in D:\java\Springboot\HyggeEcommerce) MDC:[traceId=, spanId=]
2025-01-07 14:30:55 [main] INFO  o.v.p.ProductManagementServiceApplication - No active profile set, falling back to 1 default profile: "default" MDC:[traceId=, spanId=]
2025-01-07 14:30:55 [main] INFO  o.s.c.c.c.ConfigServerConfigDataLoader - Fetching config from server at : http://localhost:8888/ MDC:[traceId=, spanId=]
2025-01-07 14:30:55 [main] INFO  o.s.c.c.c.ConfigServerConfigDataLoader - Located environment: name=product-manage-service, profiles=[default], label=null, version=null, state=null MDC:[traceId=, spanId=]
2025-01-07 14:30:55 [main] INFO  o.s.d.r.c.RepositoryConfigurationDelegate - Multiple Spring Data modules found, entering strict repository configuration mode MDC:[traceId=, spanId=]
2025-01-07 14:30:55 [main] INFO  o.s.d.r.c.RepositoryConfigurationDelegate - Bootstrapping Spring Data JPA repositories in DEFAULT mode. MDC:[traceId=, spanId=]
2025-01-07 14:30:55 [main] INFO  o.s.d.r.c.RepositoryConfigurationDelegate - Finished Spring Data repository scanning in 101 ms. Found 1 JPA repository interface. MDC:[traceId=, spanId=]
2025-01-07 14:30:55 [main] INFO  o.s.d.r.c.RepositoryConfigurationDelegate - Multiple Spring Data modules found, entering strict repository configuration mode MDC:[traceId=, spanId=]
2025-01-07 14:30:55 [main] INFO  o.s.d.r.c.RepositoryConfigurationDelegate - Bootstrapping Spring Data Redis repositories in DEFAULT mode. MDC:[traceId=, spanId=]
2025-01-07 14:30:55 [main] INFO  o.s.d.r.c.RepositoryConfigurationExtensionSupport - Spring Data Redis - Could not safely identify store assignment for repository candidate interface org.vdt.productmanagementservice.repositories.CategoryRepository; If you want this repository to be a Redis repository, consider annotating your entities with one of these annotations: org.springframework.data.redis.core.RedisHash (preferred), or consider extending one of the following types with your repository: org.springframework.data.keyvalue.repository.KeyValueRepository MDC:[traceId=, spanId=]
2025-01-07 14:30:55 [main] INFO  o.s.d.r.c.RepositoryConfigurationDelegate - Finished Spring Data repository scanning in 5 ms. Found 0 Redis repository interfaces. MDC:[traceId=, spanId=]
2025-01-07 14:30:56 [main] INFO  o.s.cloud.context.scope.GenericScope - BeanFactory id=751b2700-0bd6-37b3-98e1-88b2b6092cd5 MDC:[traceId=, spanId=]
2025-01-07 14:30:56 [main] INFO  o.s.b.w.e.tomcat.TomcatWebServer - Tomcat initialized with port 8081 (http) MDC:[traceId=, spanId=]
2025-01-07 14:30:56 [main] INFO  o.a.coyote.http11.Http11NioProtocol - Initializing ProtocolHandler ["http-nio-8081"] MDC:[traceId=, spanId=]
2025-01-07 14:30:56 [main] INFO  o.a.catalina.core.StandardService - Starting service [Tomcat] MDC:[traceId=, spanId=]
2025-01-07 14:30:56 [main] INFO  o.a.catalina.core.StandardEngine - Starting Servlet engine: [Apache Tomcat/10.1.34] MDC:[traceId=, spanId=]
2025-01-07 14:30:56 [main] INFO  o.a.c.c.C.[Tomcat].[localhost].[/] - Initializing Spring embedded WebApplicationContext MDC:[traceId=, spanId=]
2025-01-07 14:30:56 [main] INFO  o.s.b.w.s.c.ServletWebServerApplicationContext - Root WebApplicationContext: initialization completed in 1528 ms MDC:[traceId=, spanId=]
2025-01-07 14:30:56 [main] DEBUG o.s.w.f.CommonsRequestLoggingFilter - Filter 'requestLoggingFilter' configured for use MDC:[traceId=, spanId=]
2025-01-07 14:30:57 [main] INFO  o.s.o.j.p.SpringPersistenceUnitInfo - No LoadTimeWeaver setup: ignoring JPA class transformer MDC:[traceId=, spanId=]
2025-01-07 14:30:57 [main] INFO  com.zaxxer.hikari.HikariDataSource - HikariPool-1 - Starting... MDC:[traceId=, spanId=]
2025-01-07 14:30:57 [main] INFO  com.zaxxer.hikari.pool.HikariPool - HikariPool-1 - Added connection com.mysql.cj.jdbc.ConnectionImpl@fa689db MDC:[traceId=, spanId=]
2025-01-07 14:30:57 [main] INFO  com.zaxxer.hikari.HikariDataSource - HikariPool-1 - Start completed. MDC:[traceId=, spanId=]
2025-01-07 14:30:58 [main] INFO  o.s.o.j.LocalContainerEntityManagerFactoryBean - Initialized JPA EntityManagerFactory for persistence unit 'default' MDC:[traceId=, spanId=]
2025-01-07 14:30:58 [main] WARN  o.s.b.a.o.j.JpaBaseConfiguration$JpaWebConfiguration - spring.jpa.open-in-view is enabled by default. Therefore, database queries may be performed during view rendering. Explicitly configure spring.jpa.open-in-view to disable this warning MDC:[traceId=, spanId=]
2025-01-07 14:30:59 [main] INFO  o.a.coyote.http11.Http11NioProtocol - Starting ProtocolHandler ["http-nio-8081"] MDC:[traceId=, spanId=]
2025-01-07 14:30:59 [main] INFO  o.s.b.w.e.tomcat.TomcatWebServer - Tomcat started on port 8081 (http) with context path '/' MDC:[traceId=, spanId=]
2025-01-07 14:30:59 [main] INFO  o.v.p.ProductManagementServiceApplication - Started ProductManagementServiceApplication in 6.435 seconds (process running for 7.217) MDC:[traceId=, spanId=]
2025-01-07 14:31:19 [http-nio-8081-exec-1] INFO  o.a.c.c.C.[Tomcat].[localhost].[/] - Initializing Spring DispatcherServlet 'dispatcherServlet' MDC:[traceId=, spanId=]
2025-01-07 14:31:19 [http-nio-8081-exec-1] INFO  o.s.web.servlet.DispatcherServlet - Initializing Servlet 'dispatcherServlet' MDC:[traceId=, spanId=]
2025-01-07 14:31:19 [http-nio-8081-exec-1] INFO  o.s.web.servlet.DispatcherServlet - Completed initialization in 1 ms MDC:[traceId=, spanId=]
2025-01-07 14:31:19 [http-nio-8081-exec-1] DEBUG o.s.w.f.CommonsRequestLoggingFilter - Before request [GET /swagger-ui/index.html, headers=[host:"localhost:8081", connection:"keep-alive", cache-control:"max-age=0", sec-ch-ua:""Microsoft Edge";v="131", "Chromium";v="131", "Not_A Brand";v="24"", sec-ch-ua-mobile:"?0", sec-ch-ua-platform:""Windows"", upgrade-insecure-requests:"1", user-agent:"Mozilla/5.0 (Windows NT 10.0; Win64; x64) AppleWebKit/537.36 (KHTML, like Gecko) Chrome/131.0.0.0 Safari/537.36 Edg/131.0.0.0", accept:"text/html,application/xhtml+xml,application/xml;q=0.9,image/avif,image/webp,image/apng,*/*;q=0.8,application/signed-exchange;v=b3;q=0.7", sec-fetch-site:"same-origin", sec-fetch-mode:"navigate", sec-fetch-user:"?1", sec-fetch-dest:"document", accept-encoding:"gzip, deflate, br, zstd", accept-language:"en-US,en;q=0.9", if-modified-since:"Fri, 31 Mar 2023 14:44:14 GMT"]] MDC:[traceId=, spanId=]
2025-01-07 14:31:19 [http-nio-8081-exec-1] DEBUG o.s.w.f.CommonsRequestLoggingFilter - DATA REQUEST: GET /swagger-ui/index.html, headers=[host:"localhost:8081", connection:"keep-alive", cache-control:"max-age=0", sec-ch-ua:""Microsoft Edge";v="131", "Chromium";v="131", "Not_A Brand";v="24"", sec-ch-ua-mobile:"?0", sec-ch-ua-platform:""Windows"", upgrade-insecure-requests:"1", user-agent:"Mozilla/5.0 (Windows NT 10.0; Win64; x64) AppleWebKit/537.36 (KHTML, like Gecko) Chrome/131.0.0.0 Safari/537.36 Edg/131.0.0.0", accept:"text/html,application/xhtml+xml,application/xml;q=0.9,image/avif,image/webp,image/apng,*/*;q=0.8,application/signed-exchange;v=b3;q=0.7", sec-fetch-site:"same-origin", sec-fetch-mode:"navigate", sec-fetch-user:"?1", sec-fetch-dest:"document", accept-encoding:"gzip, deflate, br, zstd", accept-language:"en-US,en;q=0.9", if-modified-since:"Fri, 31 Mar 2023 14:44:14 GMT"]] MDC:[traceId=, spanId=]
2025-01-07 14:31:19 [http-nio-8081-exec-2] DEBUG o.s.w.f.CommonsRequestLoggingFilter - Before request [GET /swagger-ui/swagger-initializer.js, headers=[host:"localhost:8081", connection:"keep-alive", sec-ch-ua-platform:""Windows"", user-agent:"Mozilla/5.0 (Windows NT 10.0; Win64; x64) AppleWebKit/537.36 (KHTML, like Gecko) Chrome/131.0.0.0 Safari/537.36 Edg/131.0.0.0", sec-ch-ua:""Microsoft Edge";v="131", "Chromium";v="131", "Not_A Brand";v="24"", sec-ch-ua-mobile:"?0", accept:"*/*", sec-fetch-site:"same-origin", sec-fetch-mode:"no-cors", sec-fetch-dest:"script", referer:"http://localhost:8081/swagger-ui/index.html", accept-encoding:"gzip, deflate, br, zstd", accept-language:"en-US,en;q=0.9"]] MDC:[traceId=, spanId=]
2025-01-07 14:31:19 [http-nio-8081-exec-2] DEBUG o.s.w.f.CommonsRequestLoggingFilter - DATA REQUEST: GET /swagger-ui/swagger-initializer.js, headers=[host:"localhost:8081", connection:"keep-alive", sec-ch-ua-platform:""Windows"", user-agent:"Mozilla/5.0 (Windows NT 10.0; Win64; x64) AppleWebKit/537.36 (KHTML, like Gecko) Chrome/131.0.0.0 Safari/537.36 Edg/131.0.0.0", sec-ch-ua:""Microsoft Edge";v="131", "Chromium";v="131", "Not_A Brand";v="24"", sec-ch-ua-mobile:"?0", accept:"*/*", sec-fetch-site:"same-origin", sec-fetch-mode:"no-cors", sec-fetch-dest:"script", referer:"http://localhost:8081/swagger-ui/index.html", accept-encoding:"gzip, deflate, br, zstd", accept-language:"en-US,en;q=0.9"]] MDC:[traceId=, spanId=]
2025-01-07 14:31:20 [http-nio-8081-exec-7] DEBUG o.s.w.f.CommonsRequestLoggingFilter - Before request [GET /v3/api-docs/swagger-config, headers=[host:"localhost:8081", connection:"keep-alive", sec-ch-ua-platform:""Windows"", user-agent:"Mozilla/5.0 (Windows NT 10.0; Win64; x64) AppleWebKit/537.36 (KHTML, like Gecko) Chrome/131.0.0.0 Safari/537.36 Edg/131.0.0.0", sec-ch-ua:""Microsoft Edge";v="131", "Chromium";v="131", "Not_A Brand";v="24"", sec-ch-ua-mobile:"?0", accept:"*/*", sec-fetch-site:"same-origin", sec-fetch-mode:"cors", sec-fetch-dest:"empty", referer:"http://localhost:8081/swagger-ui/index.html", accept-encoding:"gzip, deflate, br, zstd", accept-language:"en-US,en;q=0.9"]] MDC:[traceId=, spanId=]
2025-01-07 14:31:20 [http-nio-8081-exec-7] DEBUG o.s.w.f.CommonsRequestLoggingFilter - DATA REQUEST: GET /v3/api-docs/swagger-config, headers=[host:"localhost:8081", connection:"keep-alive", sec-ch-ua-platform:""Windows"", user-agent:"Mozilla/5.0 (Windows NT 10.0; Win64; x64) AppleWebKit/537.36 (KHTML, like Gecko) Chrome/131.0.0.0 Safari/537.36 Edg/131.0.0.0", sec-ch-ua:""Microsoft Edge";v="131", "Chromium";v="131", "Not_A Brand";v="24"", sec-ch-ua-mobile:"?0", accept:"*/*", sec-fetch-site:"same-origin", sec-fetch-mode:"cors", sec-fetch-dest:"empty", referer:"http://localhost:8081/swagger-ui/index.html", accept-encoding:"gzip, deflate, br, zstd", accept-language:"en-US,en;q=0.9"]] MDC:[traceId=, spanId=]
2025-01-07 14:31:20 [http-nio-8081-exec-4] DEBUG o.s.w.f.CommonsRequestLoggingFilter - Before request [GET /v3/api-docs, headers=[host:"localhost:8081", connection:"keep-alive", sec-ch-ua-platform:""Windows"", user-agent:"Mozilla/5.0 (Windows NT 10.0; Win64; x64) AppleWebKit/537.36 (KHTML, like Gecko) Chrome/131.0.0.0 Safari/537.36 Edg/131.0.0.0", accept:"application/json,*/*", sec-ch-ua:""Microsoft Edge";v="131", "Chromium";v="131", "Not_A Brand";v="24"", sec-ch-ua-mobile:"?0", sec-fetch-site:"same-origin", sec-fetch-mode:"cors", sec-fetch-dest:"empty", referer:"http://localhost:8081/swagger-ui/index.html", accept-encoding:"gzip, deflate, br, zstd", accept-language:"en-US,en;q=0.9"]] MDC:[traceId=, spanId=]
2025-01-07 14:31:20 [http-nio-8081-exec-4] INFO  o.s.api.AbstractOpenApiResource - Init duration for springdoc-openapi is: 208 ms MDC:[traceId=, spanId=]
2025-01-07 14:31:20 [http-nio-8081-exec-4] DEBUG o.s.w.f.CommonsRequestLoggingFilter - DATA REQUEST: GET /v3/api-docs, headers=[host:"localhost:8081", connection:"keep-alive", sec-ch-ua-platform:""Windows"", user-agent:"Mozilla/5.0 (Windows NT 10.0; Win64; x64) AppleWebKit/537.36 (KHTML, like Gecko) Chrome/131.0.0.0 Safari/537.36 Edg/131.0.0.0", accept:"application/json,*/*", sec-ch-ua:""Microsoft Edge";v="131", "Chromium";v="131", "Not_A Brand";v="24"", sec-ch-ua-mobile:"?0", sec-fetch-site:"same-origin", sec-fetch-mode:"cors", sec-fetch-dest:"empty", referer:"http://localhost:8081/swagger-ui/index.html", accept-encoding:"gzip, deflate, br, zstd", accept-language:"en-US,en;q=0.9"]] MDC:[traceId=, spanId=]
2025-01-07 14:31:37 [http-nio-8081-exec-5] DEBUG o.s.w.f.CommonsRequestLoggingFilter - Before request [POST /category/create, headers=[host:"localhost:8081", connection:"keep-alive", content-length:"145824", sec-ch-ua-platform:""Windows"", user-agent:"Mozilla/5.0 (Windows NT 10.0; Win64; x64) AppleWebKit/537.36 (KHTML, like Gecko) Chrome/131.0.0.0 Safari/537.36 Edg/131.0.0.0", accept:"application/json", sec-ch-ua:""Microsoft Edge";v="131", "Chromium";v="131", "Not_A Brand";v="24"", sec-ch-ua-mobile:"?0", origin:"http://localhost:8081", sec-fetch-site:"same-origin", sec-fetch-mode:"cors", sec-fetch-dest:"empty", referer:"http://localhost:8081/swagger-ui/index.html", accept-encoding:"gzip, deflate, br, zstd", accept-language:"en-US,en;q=0.9", Content-Type:"multipart/form-data;boundary=----WebKitFormBoundary1HBJjGyQew1uEsi3;charset=UTF-8"]] MDC:[traceId=, spanId=]
2025-01-07 14:31:37 [http-nio-8081-exec-5] WARN  o.s.w.s.m.s.DefaultHandlerExceptionResolver - Resolved [org.springframework.web.HttpMediaTypeNotSupportedException: Content-Type 'application/octet-stream' is not supported] MDC:[traceId=, spanId=]
2025-01-07 14:31:37 [http-nio-8081-exec-5] DEBUG o.s.w.f.CommonsRequestLoggingFilter - DATA REQUEST: POST /category/create, headers=[host:"localhost:8081", connection:"keep-alive", content-length:"145824", sec-ch-ua-platform:""Windows"", user-agent:"Mozilla/5.0 (Windows NT 10.0; Win64; x64) AppleWebKit/537.36 (KHTML, like Gecko) Chrome/131.0.0.0 Safari/537.36 Edg/131.0.0.0", accept:"application/json", sec-ch-ua:""Microsoft Edge";v="131", "Chromium";v="131", "Not_A Brand";v="24"", sec-ch-ua-mobile:"?0", origin:"http://localhost:8081", sec-fetch-site:"same-origin", sec-fetch-mode:"cors", sec-fetch-dest:"empty", referer:"http://localhost:8081/swagger-ui/index.html", accept-encoding:"gzip, deflate, br, zstd", accept-language:"en-US,en;q=0.9", Content-Type:"multipart/form-data;boundary=----WebKitFormBoundary1HBJjGyQew1uEsi3;charset=UTF-8"]] MDC:[traceId=, spanId=]
2025-01-07 14:31:39 [http-nio-8081-exec-3] DEBUG o.s.w.f.CommonsRequestLoggingFilter - Before request [POST /category/create, headers=[host:"localhost:8081", connection:"keep-alive", content-length:"145824", sec-ch-ua-platform:""Windows"", user-agent:"Mozilla/5.0 (Windows NT 10.0; Win64; x64) AppleWebKit/537.36 (KHTML, like Gecko) Chrome/131.0.0.0 Safari/537.36 Edg/131.0.0.0", accept:"application/json", sec-ch-ua:""Microsoft Edge";v="131", "Chromium";v="131", "Not_A Brand";v="24"", sec-ch-ua-mobile:"?0", origin:"http://localhost:8081", sec-fetch-site:"same-origin", sec-fetch-mode:"cors", sec-fetch-dest:"empty", referer:"http://localhost:8081/swagger-ui/index.html", accept-encoding:"gzip, deflate, br, zstd", accept-language:"en-US,en;q=0.9", Content-Type:"multipart/form-data;boundary=----WebKitFormBoundary559U9nG4UApsY9GL;charset=UTF-8"]] MDC:[traceId=, spanId=]
2025-01-07 14:31:39 [http-nio-8081-exec-3] WARN  o.s.w.s.m.s.DefaultHandlerExceptionResolver - Resolved [org.springframework.web.HttpMediaTypeNotSupportedException: Content-Type 'application/octet-stream' is not supported] MDC:[traceId=, spanId=]
2025-01-07 14:31:39 [http-nio-8081-exec-3] DEBUG o.s.w.f.CommonsRequestLoggingFilter - DATA REQUEST: POST /category/create, headers=[host:"localhost:8081", connection:"keep-alive", content-length:"145824", sec-ch-ua-platform:""Windows"", user-agent:"Mozilla/5.0 (Windows NT 10.0; Win64; x64) AppleWebKit/537.36 (KHTML, like Gecko) Chrome/131.0.0.0 Safari/537.36 Edg/131.0.0.0", accept:"application/json", sec-ch-ua:""Microsoft Edge";v="131", "Chromium";v="131", "Not_A Brand";v="24"", sec-ch-ua-mobile:"?0", origin:"http://localhost:8081", sec-fetch-site:"same-origin", sec-fetch-mode:"cors", sec-fetch-dest:"empty", referer:"http://localhost:8081/swagger-ui/index.html", accept-encoding:"gzip, deflate, br, zstd", accept-language:"en-US,en;q=0.9", Content-Type:"multipart/form-data;boundary=----WebKitFormBoundary559U9nG4UApsY9GL;charset=UTF-8"]] MDC:[traceId=, spanId=]
2025-01-07 14:43:10 [http-nio-8081-exec-10] DEBUG o.s.w.f.CommonsRequestLoggingFilter - Before request [POST /category/create, headers=[host:"localhost:8081", connection:"keep-alive", content-length:"145805", sec-ch-ua-platform:""Windows"", user-agent:"Mozilla/5.0 (Windows NT 10.0; Win64; x64) AppleWebKit/537.36 (KHTML, like Gecko) Chrome/131.0.0.0 Safari/537.36 Edg/131.0.0.0", accept:"application/json, text/plain, */*", sec-ch-ua:""Microsoft Edge";v="131", "Chromium";v="131", "Not_A Brand";v="24"", sec-ch-ua-mobile:"?0", origin:"http://localhost:5173", sec-fetch-site:"same-site", sec-fetch-mode:"cors", sec-fetch-dest:"empty", referer:"http://localhost:5173/", accept-encoding:"gzip, deflate, br, zstd", accept-language:"en-US,en;q=0.9", Content-Type:"multipart/form-data;boundary=----WebKitFormBoundaryXwAhsixEzup1UNox;charset=UTF-8"]] MDC:[traceId=, spanId=]
2025-01-07 14:43:10 [http-nio-8081-exec-10] WARN  o.s.w.s.m.s.DefaultHandlerExceptionResolver - Resolved [org.springframework.web.HttpMediaTypeNotSupportedException: Content-Type 'application/octet-stream' is not supported] MDC:[traceId=, spanId=]
2025-01-07 14:43:10 [http-nio-8081-exec-10] DEBUG o.s.w.f.CommonsRequestLoggingFilter - DATA REQUEST: POST /category/create, headers=[host:"localhost:8081", connection:"keep-alive", content-length:"145805", sec-ch-ua-platform:""Windows"", user-agent:"Mozilla/5.0 (Windows NT 10.0; Win64; x64) AppleWebKit/537.36 (KHTML, like Gecko) Chrome/131.0.0.0 Safari/537.36 Edg/131.0.0.0", accept:"application/json, text/plain, */*", sec-ch-ua:""Microsoft Edge";v="131", "Chromium";v="131", "Not_A Brand";v="24"", sec-ch-ua-mobile:"?0", origin:"http://localhost:5173", sec-fetch-site:"same-site", sec-fetch-mode:"cors", sec-fetch-dest:"empty", referer:"http://localhost:5173/", accept-encoding:"gzip, deflate, br, zstd", accept-language:"en-US,en;q=0.9", Content-Type:"multipart/form-data;boundary=----WebKitFormBoundaryXwAhsixEzup1UNox;charset=UTF-8"]] MDC:[traceId=, spanId=]
2025-01-07 14:43:23 [http-nio-8081-exec-2] DEBUG o.s.w.f.CommonsRequestLoggingFilter - Before request [POST /category/create, headers=[host:"localhost:8081", connection:"keep-alive", content-length:"145805", sec-ch-ua-platform:""Windows"", user-agent:"Mozilla/5.0 (Windows NT 10.0; Win64; x64) AppleWebKit/537.36 (KHTML, like Gecko) Chrome/131.0.0.0 Safari/537.36 Edg/131.0.0.0", accept:"application/json, text/plain, */*", sec-ch-ua:""Microsoft Edge";v="131", "Chromium";v="131", "Not_A Brand";v="24"", sec-ch-ua-mobile:"?0", origin:"http://localhost:5173", sec-fetch-site:"same-site", sec-fetch-mode:"cors", sec-fetch-dest:"empty", referer:"http://localhost:5173/", accept-encoding:"gzip, deflate, br, zstd", accept-language:"en-US,en;q=0.9", Content-Type:"multipart/form-data;boundary=----WebKitFormBoundaryy4AaDEGZvoW5RnuO;charset=UTF-8"]] MDC:[traceId=, spanId=]
2025-01-07 14:43:23 [http-nio-8081-exec-2] WARN  o.s.w.s.m.s.DefaultHandlerExceptionResolver - Resolved [org.springframework.web.HttpMediaTypeNotSupportedException: Content-Type 'application/octet-stream' is not supported] MDC:[traceId=, spanId=]
2025-01-07 14:43:23 [http-nio-8081-exec-2] DEBUG o.s.w.f.CommonsRequestLoggingFilter - DATA REQUEST: POST /category/create, headers=[host:"localhost:8081", connection:"keep-alive", content-length:"145805", sec-ch-ua-platform:""Windows"", user-agent:"Mozilla/5.0 (Windows NT 10.0; Win64; x64) AppleWebKit/537.36 (KHTML, like Gecko) Chrome/131.0.0.0 Safari/537.36 Edg/131.0.0.0", accept:"application/json, text/plain, */*", sec-ch-ua:""Microsoft Edge";v="131", "Chromium";v="131", "Not_A Brand";v="24"", sec-ch-ua-mobile:"?0", origin:"http://localhost:5173", sec-fetch-site:"same-site", sec-fetch-mode:"cors", sec-fetch-dest:"empty", referer:"http://localhost:5173/", accept-encoding:"gzip, deflate, br, zstd", accept-language:"en-US,en;q=0.9", Content-Type:"multipart/form-data;boundary=----WebKitFormBoundaryy4AaDEGZvoW5RnuO;charset=UTF-8"]] MDC:[traceId=, spanId=]
2025-01-07 14:43:44 [http-nio-8081-exec-4] DEBUG o.s.w.f.CommonsRequestLoggingFilter - Before request [POST /category/create, headers=[host:"localhost:8081", connection:"keep-alive", content-length:"145805", sec-ch-ua-platform:""Windows"", user-agent:"Mozilla/5.0 (Windows NT 10.0; Win64; x64) AppleWebKit/537.36 (KHTML, like Gecko) Chrome/131.0.0.0 Safari/537.36 Edg/131.0.0.0", accept:"application/json, text/plain, */*", sec-ch-ua:""Microsoft Edge";v="131", "Chromium";v="131", "Not_A Brand";v="24"", sec-ch-ua-mobile:"?0", origin:"http://localhost:5173", sec-fetch-site:"same-site", sec-fetch-mode:"cors", sec-fetch-dest:"empty", referer:"http://localhost:5173/", accept-encoding:"gzip, deflate, br, zstd", accept-language:"en-US,en;q=0.9", Content-Type:"multipart/form-data;boundary=----WebKitFormBoundaryV3CPg0PhndWdCvT9;charset=UTF-8"]] MDC:[traceId=, spanId=]
2025-01-07 14:43:44 [http-nio-8081-exec-4] WARN  o.s.w.s.m.s.DefaultHandlerExceptionResolver - Resolved [org.springframework.web.HttpMediaTypeNotSupportedException: Content-Type 'application/octet-stream' is not supported] MDC:[traceId=, spanId=]
2025-01-07 14:43:44 [http-nio-8081-exec-4] DEBUG o.s.w.f.CommonsRequestLoggingFilter - DATA REQUEST: POST /category/create, headers=[host:"localhost:8081", connection:"keep-alive", content-length:"145805", sec-ch-ua-platform:""Windows"", user-agent:"Mozilla/5.0 (Windows NT 10.0; Win64; x64) AppleWebKit/537.36 (KHTML, like Gecko) Chrome/131.0.0.0 Safari/537.36 Edg/131.0.0.0", accept:"application/json, text/plain, */*", sec-ch-ua:""Microsoft Edge";v="131", "Chromium";v="131", "Not_A Brand";v="24"", sec-ch-ua-mobile:"?0", origin:"http://localhost:5173", sec-fetch-site:"same-site", sec-fetch-mode:"cors", sec-fetch-dest:"empty", referer:"http://localhost:5173/", accept-encoding:"gzip, deflate, br, zstd", accept-language:"en-US,en;q=0.9", Content-Type:"multipart/form-data;boundary=----WebKitFormBoundaryV3CPg0PhndWdCvT9;charset=UTF-8"]] MDC:[traceId=, spanId=]
2025-01-07 14:46:48 [http-nio-8081-exec-3] DEBUG o.s.w.f.CommonsRequestLoggingFilter - Before request [POST /category/create, headers=[host:"localhost:8081", connection:"keep-alive", content-length:"145850", sec-ch-ua-platform:""Windows"", user-agent:"Mozilla/5.0 (Windows NT 10.0; Win64; x64) AppleWebKit/537.36 (KHTML, like Gecko) Chrome/131.0.0.0 Safari/537.36 Edg/131.0.0.0", accept:"application/json, text/plain, */*", sec-ch-ua:""Microsoft Edge";v="131", "Chromium";v="131", "Not_A Brand";v="24"", sec-ch-ua-mobile:"?0", origin:"http://localhost:5173", sec-fetch-site:"same-site", sec-fetch-mode:"cors", sec-fetch-dest:"empty", referer:"http://localhost:5173/", accept-encoding:"gzip, deflate, br, zstd", accept-language:"en-US,en;q=0.9", Content-Type:"multipart/form-data;boundary=----WebKitFormBoundaryWvOzV1w95QAzZ2Rn;charset=UTF-8"]] MDC:[traceId=, spanId=]
2025-01-07 14:46:48 [http-nio-8081-exec-3] WARN  o.s.w.s.m.s.DefaultHandlerExceptionResolver - Resolved [org.springframework.web.HttpMediaTypeNotSupportedException: Content-Type 'application/jsonjson' is not supported] MDC:[traceId=, spanId=]
2025-01-07 14:46:48 [http-nio-8081-exec-3] DEBUG o.s.w.f.CommonsRequestLoggingFilter - DATA REQUEST: POST /category/create, headers=[host:"localhost:8081", connection:"keep-alive", content-length:"145850", sec-ch-ua-platform:""Windows"", user-agent:"Mozilla/5.0 (Windows NT 10.0; Win64; x64) AppleWebKit/537.36 (KHTML, like Gecko) Chrome/131.0.0.0 Safari/537.36 Edg/131.0.0.0", accept:"application/json, text/plain, */*", sec-ch-ua:""Microsoft Edge";v="131", "Chromium";v="131", "Not_A Brand";v="24"", sec-ch-ua-mobile:"?0", origin:"http://localhost:5173", sec-fetch-site:"same-site", sec-fetch-mode:"cors", sec-fetch-dest:"empty", referer:"http://localhost:5173/", accept-encoding:"gzip, deflate, br, zstd", accept-language:"en-US,en;q=0.9", Content-Type:"multipart/form-data;boundary=----WebKitFormBoundaryWvOzV1w95QAzZ2Rn;charset=UTF-8"]] MDC:[traceId=, spanId=]
2025-01-07 14:48:48 [http-nio-8081-exec-8] DEBUG o.s.w.f.CommonsRequestLoggingFilter - Before request [POST /category/create, headers=[host:"localhost:8081", connection:"keep-alive", content-length:"145846", sec-ch-ua-platform:""Windows"", user-agent:"Mozilla/5.0 (Windows NT 10.0; Win64; x64) AppleWebKit/537.36 (KHTML, like Gecko) Chrome/131.0.0.0 Safari/537.36 Edg/131.0.0.0", accept:"application/json, text/plain, */*", sec-ch-ua:""Microsoft Edge";v="131", "Chromium";v="131", "Not_A Brand";v="24"", sec-ch-ua-mobile:"?0", origin:"http://localhost:5173", sec-fetch-site:"same-site", sec-fetch-mode:"cors", sec-fetch-dest:"empty", referer:"http://localhost:5173/", accept-encoding:"gzip, deflate, br, zstd", accept-language:"en-US,en;q=0.9", Content-Type:"multipart/form-data;boundary=----WebKitFormBoundaryRfo9AA2ecV9LDW5D;charset=UTF-8"]] MDC:[traceId=, spanId=]
2025-01-07 14:48:49 [http-nio-8081-exec-8] DEBUG o.s.w.f.CommonsRequestLoggingFilter - DATA REQUEST: POST /category/create, headers=[host:"localhost:8081", connection:"keep-alive", content-length:"145846", sec-ch-ua-platform:""Windows"", user-agent:"Mozilla/5.0 (Windows NT 10.0; Win64; x64) AppleWebKit/537.36 (KHTML, like Gecko) Chrome/131.0.0.0 Safari/537.36 Edg/131.0.0.0", accept:"application/json, text/plain, */*", sec-ch-ua:""Microsoft Edge";v="131", "Chromium";v="131", "Not_A Brand";v="24"", sec-ch-ua-mobile:"?0", origin:"http://localhost:5173", sec-fetch-site:"same-site", sec-fetch-mode:"cors", sec-fetch-dest:"empty", referer:"http://localhost:5173/", accept-encoding:"gzip, deflate, br, zstd", accept-language:"en-US,en;q=0.9", Content-Type:"multipart/form-data;boundary=----WebKitFormBoundaryRfo9AA2ecV9LDW5D;charset=UTF-8"]] MDC:[traceId=, spanId=]
2025-01-07 14:49:06 [http-nio-8081-exec-9] DEBUG o.s.w.f.CommonsRequestLoggingFilter - Before request [POST /category/create, headers=[host:"localhost:8081", connection:"keep-alive", content-length:"51865", sec-ch-ua-platform:""Windows"", user-agent:"Mozilla/5.0 (Windows NT 10.0; Win64; x64) AppleWebKit/537.36 (KHTML, like Gecko) Chrome/131.0.0.0 Safari/537.36 Edg/131.0.0.0", accept:"application/json, text/plain, */*", sec-ch-ua:""Microsoft Edge";v="131", "Chromium";v="131", "Not_A Brand";v="24"", sec-ch-ua-mobile:"?0", origin:"http://localhost:5173", sec-fetch-site:"same-site", sec-fetch-mode:"cors", sec-fetch-dest:"empty", referer:"http://localhost:5173/", accept-encoding:"gzip, deflate, br, zstd", accept-language:"en-US,en;q=0.9", Content-Type:"multipart/form-data;boundary=----WebKitFormBoundarymWb6HEvj7nAv6A5Z;charset=UTF-8"]] MDC:[traceId=, spanId=]
2025-01-07 14:49:06 [http-nio-8081-exec-9] DEBUG o.s.w.f.CommonsRequestLoggingFilter - DATA REQUEST: POST /category/create, headers=[host:"localhost:8081", connection:"keep-alive", content-length:"51865", sec-ch-ua-platform:""Windows"", user-agent:"Mozilla/5.0 (Windows NT 10.0; Win64; x64) AppleWebKit/537.36 (KHTML, like Gecko) Chrome/131.0.0.0 Safari/537.36 Edg/131.0.0.0", accept:"application/json, text/plain, */*", sec-ch-ua:""Microsoft Edge";v="131", "Chromium";v="131", "Not_A Brand";v="24"", sec-ch-ua-mobile:"?0", origin:"http://localhost:5173", sec-fetch-site:"same-site", sec-fetch-mode:"cors", sec-fetch-dest:"empty", referer:"http://localhost:5173/", accept-encoding:"gzip, deflate, br, zstd", accept-language:"en-US,en;q=0.9", Content-Type:"multipart/form-data;boundary=----WebKitFormBoundarymWb6HEvj7nAv6A5Z;charset=UTF-8"]] MDC:[traceId=, spanId=]
2025-01-07 14:50:16 [SpringApplicationShutdownHook] INFO  o.s.b.w.e.tomcat.GracefulShutdown - Commencing graceful shutdown. Waiting for active requests to complete MDC:[traceId=, spanId=]
2025-01-07 14:50:16 [tomcat-shutdown] INFO  o.s.b.w.e.tomcat.GracefulShutdown - Graceful shutdown complete MDC:[traceId=, spanId=]
2025-01-07 14:50:16 [SpringApplicationShutdownHook] INFO  o.s.o.j.LocalContainerEntityManagerFactoryBean - Closing JPA EntityManagerFactory for persistence unit 'default' MDC:[traceId=, spanId=]
2025-01-07 14:50:16 [SpringApplicationShutdownHook] INFO  com.zaxxer.hikari.HikariDataSource - HikariPool-1 - Shutdown initiated... MDC:[traceId=, spanId=]
2025-01-07 14:50:16 [SpringApplicationShutdownHook] INFO  com.zaxxer.hikari.HikariDataSource - HikariPool-1 - Shutdown completed. MDC:[traceId=, spanId=]
2025-01-07 14:50:20 [main] INFO  o.v.p.ProductManagementServiceApplication - Starting ProductManagementServiceApplication using Java 17.0.2 with PID 5772 (D:\java\Springboot\HyggeEcommerce\ProductManagementService\target\classes started by PC in D:\java\Springboot\HyggeEcommerce) MDC:[traceId=, spanId=]
2025-01-07 14:50:20 [main] INFO  o.v.p.ProductManagementServiceApplication - No active profile set, falling back to 1 default profile: "default" MDC:[traceId=, spanId=]
2025-01-07 14:50:20 [main] INFO  o.s.c.c.c.ConfigServerConfigDataLoader - Fetching config from server at : http://localhost:8888/ MDC:[traceId=, spanId=]
2025-01-07 14:50:20 [main] INFO  o.s.c.c.c.ConfigServerConfigDataLoader - Located environment: name=product-manage-service, profiles=[default], label=null, version=null, state=null MDC:[traceId=, spanId=]
2025-01-07 14:50:21 [main] INFO  o.s.d.r.c.RepositoryConfigurationDelegate - Multiple Spring Data modules found, entering strict repository configuration mode MDC:[traceId=, spanId=]
2025-01-07 14:50:21 [main] INFO  o.s.d.r.c.RepositoryConfigurationDelegate - Bootstrapping Spring Data JPA repositories in DEFAULT mode. MDC:[traceId=, spanId=]
2025-01-07 14:50:21 [main] INFO  o.s.d.r.c.RepositoryConfigurationDelegate - Finished Spring Data repository scanning in 98 ms. Found 1 JPA repository interface. MDC:[traceId=, spanId=]
2025-01-07 14:50:21 [main] INFO  o.s.d.r.c.RepositoryConfigurationDelegate - Multiple Spring Data modules found, entering strict repository configuration mode MDC:[traceId=, spanId=]
2025-01-07 14:50:21 [main] INFO  o.s.d.r.c.RepositoryConfigurationDelegate - Bootstrapping Spring Data Redis repositories in DEFAULT mode. MDC:[traceId=, spanId=]
2025-01-07 14:50:21 [main] INFO  o.s.d.r.c.RepositoryConfigurationExtensionSupport - Spring Data Redis - Could not safely identify store assignment for repository candidate interface org.vdt.productmanagementservice.repositories.CategoryRepository; If you want this repository to be a Redis repository, consider annotating your entities with one of these annotations: org.springframework.data.redis.core.RedisHash (preferred), or consider extending one of the following types with your repository: org.springframework.data.keyvalue.repository.KeyValueRepository MDC:[traceId=, spanId=]
2025-01-07 14:50:21 [main] INFO  o.s.d.r.c.RepositoryConfigurationDelegate - Finished Spring Data repository scanning in 5 ms. Found 0 Redis repository interfaces. MDC:[traceId=, spanId=]
2025-01-07 14:50:21 [main] INFO  o.s.cloud.context.scope.GenericScope - BeanFactory id=1c3a8de3-0f25-3458-8ea2-b52b63c27ffb MDC:[traceId=, spanId=]
2025-01-07 14:50:22 [main] INFO  o.s.b.w.e.tomcat.TomcatWebServer - Tomcat initialized with port 8081 (http) MDC:[traceId=, spanId=]
2025-01-07 14:50:22 [main] INFO  o.a.coyote.http11.Http11NioProtocol - Initializing ProtocolHandler ["http-nio-8081"] MDC:[traceId=, spanId=]
2025-01-07 14:50:22 [main] INFO  o.a.catalina.core.StandardService - Starting service [Tomcat] MDC:[traceId=, spanId=]
2025-01-07 14:50:22 [main] INFO  o.a.catalina.core.StandardEngine - Starting Servlet engine: [Apache Tomcat/10.1.34] MDC:[traceId=, spanId=]
2025-01-07 14:50:22 [main] INFO  o.a.c.c.C.[Tomcat].[localhost].[/] - Initializing Spring embedded WebApplicationContext MDC:[traceId=, spanId=]
2025-01-07 14:50:22 [main] INFO  o.s.b.w.s.c.ServletWebServerApplicationContext - Root WebApplicationContext: initialization completed in 1366 ms MDC:[traceId=, spanId=]
2025-01-07 14:50:22 [main] DEBUG o.s.w.f.CommonsRequestLoggingFilter - Filter 'requestLoggingFilter' configured for use MDC:[traceId=, spanId=]
2025-01-07 14:50:22 [main] INFO  o.s.o.j.p.SpringPersistenceUnitInfo - No LoadTimeWeaver setup: ignoring JPA class transformer MDC:[traceId=, spanId=]
2025-01-07 14:50:22 [main] INFO  com.zaxxer.hikari.HikariDataSource - HikariPool-1 - Starting... MDC:[traceId=, spanId=]
2025-01-07 14:50:23 [main] INFO  com.zaxxer.hikari.pool.HikariPool - HikariPool-1 - Added connection com.mysql.cj.jdbc.ConnectionImpl@71817f66 MDC:[traceId=, spanId=]
2025-01-07 14:50:23 [main] INFO  com.zaxxer.hikari.HikariDataSource - HikariPool-1 - Start completed. MDC:[traceId=, spanId=]
2025-01-07 14:50:24 [main] INFO  o.s.o.j.LocalContainerEntityManagerFactoryBean - Initialized JPA EntityManagerFactory for persistence unit 'default' MDC:[traceId=, spanId=]
2025-01-07 14:50:24 [main] WARN  o.s.b.a.o.j.JpaBaseConfiguration$JpaWebConfiguration - spring.jpa.open-in-view is enabled by default. Therefore, database queries may be performed during view rendering. Explicitly configure spring.jpa.open-in-view to disable this warning MDC:[traceId=, spanId=]
2025-01-07 14:50:25 [main] INFO  o.a.coyote.http11.Http11NioProtocol - Starting ProtocolHandler ["http-nio-8081"] MDC:[traceId=, spanId=]
2025-01-07 14:50:25 [main] INFO  o.s.b.w.e.tomcat.TomcatWebServer - Tomcat started on port 8081 (http) with context path '/' MDC:[traceId=, spanId=]
2025-01-07 14:50:25 [main] INFO  o.v.p.ProductManagementServiceApplication - Started ProductManagementServiceApplication in 5.698 seconds (process running for 6.434) MDC:[traceId=, spanId=]
2025-01-07 14:51:23 [http-nio-8081-exec-2] INFO  o.a.c.c.C.[Tomcat].[localhost].[/] - Initializing Spring DispatcherServlet 'dispatcherServlet' MDC:[traceId=, spanId=]
2025-01-07 14:51:23 [http-nio-8081-exec-2] INFO  o.s.web.servlet.DispatcherServlet - Initializing Servlet 'dispatcherServlet' MDC:[traceId=, spanId=]
2025-01-07 14:51:23 [http-nio-8081-exec-2] INFO  o.s.web.servlet.DispatcherServlet - Completed initialization in 1 ms MDC:[traceId=, spanId=]
2025-01-07 14:51:23 [http-nio-8081-exec-2] DEBUG o.s.w.f.CommonsRequestLoggingFilter - Before request [POST /category/create, headers=[host:"localhost:8081", connection:"keep-alive", content-length:"51865", sec-ch-ua-platform:""Windows"", user-agent:"Mozilla/5.0 (Windows NT 10.0; Win64; x64) AppleWebKit/537.36 (KHTML, like Gecko) Chrome/131.0.0.0 Safari/537.36 Edg/131.0.0.0", accept:"application/json, text/plain, */*", sec-ch-ua:""Microsoft Edge";v="131", "Chromium";v="131", "Not_A Brand";v="24"", sec-ch-ua-mobile:"?0", origin:"http://localhost:5173", sec-fetch-site:"same-site", sec-fetch-mode:"cors", sec-fetch-dest:"empty", referer:"http://localhost:5173/", accept-encoding:"gzip, deflate, br, zstd", accept-language:"en-US,en;q=0.9", Content-Type:"multipart/form-data;boundary=----WebKitFormBoundaryWn1rSc84ZywBLUau;charset=UTF-8"]] MDC:[traceId=, spanId=]
2025-01-07 14:51:23 [http-nio-8081-exec-2] DEBUG o.s.w.f.CommonsRequestLoggingFilter - DATA REQUEST: POST /category/create, headers=[host:"localhost:8081", connection:"keep-alive", content-length:"51865", sec-ch-ua-platform:""Windows"", user-agent:"Mozilla/5.0 (Windows NT 10.0; Win64; x64) AppleWebKit/537.36 (KHTML, like Gecko) Chrome/131.0.0.0 Safari/537.36 Edg/131.0.0.0", accept:"application/json, text/plain, */*", sec-ch-ua:""Microsoft Edge";v="131", "Chromium";v="131", "Not_A Brand";v="24"", sec-ch-ua-mobile:"?0", origin:"http://localhost:5173", sec-fetch-site:"same-site", sec-fetch-mode:"cors", sec-fetch-dest:"empty", referer:"http://localhost:5173/", accept-encoding:"gzip, deflate, br, zstd", accept-language:"en-US,en;q=0.9", Content-Type:"multipart/form-data;boundary=----WebKitFormBoundaryWn1rSc84ZywBLUau;charset=UTF-8"]] MDC:[traceId=, spanId=]
2025-01-07 14:51:23 [http-nio-8081-exec-2] ERROR o.a.c.c.C.[.[.[.[dispatcherServlet] - Servlet.service() for servlet [dispatcherServlet] in context with path [] threw exception [Request processing failed: java.lang.IllegalArgumentException: When allowCredentials is true, allowedOrigins cannot contain the special value "*" since that cannot be set on the "Access-Control-Allow-Origin" response header. To allow credentials to a set of origins, list them explicitly or consider using "allowedOriginPatterns" instead.] with root cause MDC:[traceId=, spanId=]
java.lang.IllegalArgumentException: When allowCredentials is true, allowedOrigins cannot contain the special value "*" since that cannot be set on the "Access-Control-Allow-Origin" response header. To allow credentials to a set of origins, list them explicitly or consider using "allowedOriginPatterns" instead.
	at org.springframework.web.cors.CorsConfiguration.validateAllowCredentials(CorsConfiguration.java:575)
	at org.springframework.web.servlet.handler.AbstractHandlerMapping.getHandler(AbstractHandlerMapping.java:544)
	at org.springframework.web.servlet.DispatcherServlet.getHandler(DispatcherServlet.java:1283)
	at org.springframework.web.servlet.DispatcherServlet.doDispatch(DispatcherServlet.java:1064)
	at org.springframework.web.servlet.DispatcherServlet.doService(DispatcherServlet.java:978)
	at org.springframework.web.servlet.FrameworkServlet.processRequest(FrameworkServlet.java:1014)
	at org.springframework.web.servlet.FrameworkServlet.doPost(FrameworkServlet.java:914)
	at jakarta.servlet.http.HttpServlet.service(HttpServlet.java:590)
	at org.springframework.web.servlet.FrameworkServlet.service(FrameworkServlet.java:885)
	at jakarta.servlet.http.HttpServlet.service(HttpServlet.java:658)
	at org.apache.catalina.core.ApplicationFilterChain.internalDoFilter(ApplicationFilterChain.java:195)
	at org.apache.catalina.core.ApplicationFilterChain.doFilter(ApplicationFilterChain.java:140)
	at org.apache.tomcat.websocket.server.WsFilter.doFilter(WsFilter.java:51)
	at org.apache.catalina.core.ApplicationFilterChain.internalDoFilter(ApplicationFilterChain.java:164)
	at org.apache.catalina.core.ApplicationFilterChain.doFilter(ApplicationFilterChain.java:140)
	at org.springframework.web.filter.AbstractRequestLoggingFilter.doFilterInternal(AbstractRequestLoggingFilter.java:289)
	at org.springframework.web.filter.OncePerRequestFilter.doFilter(OncePerRequestFilter.java:116)
	at org.apache.catalina.core.ApplicationFilterChain.internalDoFilter(ApplicationFilterChain.java:164)
	at org.apache.catalina.core.ApplicationFilterChain.doFilter(ApplicationFilterChain.java:140)
	at org.springframework.web.filter.RequestContextFilter.doFilterInternal(RequestContextFilter.java:100)
	at org.springframework.web.filter.OncePerRequestFilter.doFilter(OncePerRequestFilter.java:116)
	at org.apache.catalina.core.ApplicationFilterChain.internalDoFilter(ApplicationFilterChain.java:164)
	at org.apache.catalina.core.ApplicationFilterChain.doFilter(ApplicationFilterChain.java:140)
	at org.springframework.web.filter.FormContentFilter.doFilterInternal(FormContentFilter.java:93)
	at org.springframework.web.filter.OncePerRequestFilter.doFilter(OncePerRequestFilter.java:116)
	at org.apache.catalina.core.ApplicationFilterChain.internalDoFilter(ApplicationFilterChain.java:164)
	at org.apache.catalina.core.ApplicationFilterChain.doFilter(ApplicationFilterChain.java:140)
	at org.springframework.web.filter.CharacterEncodingFilter.doFilterInternal(CharacterEncodingFilter.java:201)
	at org.springframework.web.filter.OncePerRequestFilter.doFilter(OncePerRequestFilter.java:116)
	at org.apache.catalina.core.ApplicationFilterChain.internalDoFilter(ApplicationFilterChain.java:164)
	at org.apache.catalina.core.ApplicationFilterChain.doFilter(ApplicationFilterChain.java:140)
	at org.apache.catalina.core.StandardWrapperValve.invoke(StandardWrapperValve.java:167)
	at org.apache.catalina.core.StandardContextValve.invoke(StandardContextValve.java:90)
	at org.apache.catalina.authenticator.AuthenticatorBase.invoke(AuthenticatorBase.java:483)
	at org.apache.catalina.core.StandardHostValve.invoke(StandardHostValve.java:115)
	at org.apache.catalina.valves.ErrorReportValve.invoke(ErrorReportValve.java:93)
	at org.apache.catalina.core.StandardEngineValve.invoke(StandardEngineValve.java:74)
	at org.apache.catalina.connector.CoyoteAdapter.service(CoyoteAdapter.java:344)
	at org.apache.coyote.http11.Http11Processor.service(Http11Processor.java:397)
	at org.apache.coyote.AbstractProcessorLight.process(AbstractProcessorLight.java:63)
	at org.apache.coyote.AbstractProtocol$ConnectionHandler.process(AbstractProtocol.java:905)
	at org.apache.tomcat.util.net.NioEndpoint$SocketProcessor.doRun(NioEndpoint.java:1741)
	at org.apache.tomcat.util.net.SocketProcessorBase.run(SocketProcessorBase.java:52)
	at org.apache.tomcat.util.threads.ThreadPoolExecutor.runWorker(ThreadPoolExecutor.java:1190)
	at org.apache.tomcat.util.threads.ThreadPoolExecutor$Worker.run(ThreadPoolExecutor.java:659)
	at org.apache.tomcat.util.threads.TaskThread$WrappingRunnable.run(TaskThread.java:63)
	at java.base/java.lang.Thread.run(Thread.java:833)
2025-01-07 14:51:23 [http-nio-8081-exec-2] ERROR o.a.c.c.C.[.[.[.[dispatcherServlet] - Servlet.service() for servlet [dispatcherServlet] threw exception MDC:[traceId=, spanId=]
java.lang.IllegalArgumentException: When allowCredentials is true, allowedOrigins cannot contain the special value "*" since that cannot be set on the "Access-Control-Allow-Origin" response header. To allow credentials to a set of origins, list them explicitly or consider using "allowedOriginPatterns" instead.
	at org.springframework.web.cors.CorsConfiguration.validateAllowCredentials(CorsConfiguration.java:575)
	at org.springframework.web.servlet.handler.AbstractHandlerMapping.getHandler(AbstractHandlerMapping.java:544)
	at org.springframework.web.servlet.DispatcherServlet.getHandler(DispatcherServlet.java:1283)
	at org.springframework.web.servlet.DispatcherServlet.doDispatch(DispatcherServlet.java:1064)
	at org.springframework.web.servlet.DispatcherServlet.doService(DispatcherServlet.java:978)
	at org.springframework.web.servlet.FrameworkServlet.processRequest(FrameworkServlet.java:1014)
	at org.springframework.web.servlet.FrameworkServlet.doPost(FrameworkServlet.java:914)
	at jakarta.servlet.http.HttpServlet.service(HttpServlet.java:590)
	at org.springframework.web.servlet.FrameworkServlet.service(FrameworkServlet.java:885)
	at jakarta.servlet.http.HttpServlet.service(HttpServlet.java:658)
	at org.apache.catalina.core.ApplicationFilterChain.internalDoFilter(ApplicationFilterChain.java:195)
	at org.apache.catalina.core.ApplicationFilterChain.doFilter(ApplicationFilterChain.java:140)
	at org.springframework.web.filter.OncePerRequestFilter.doFilter(OncePerRequestFilter.java:101)
	at org.apache.catalina.core.ApplicationFilterChain.internalDoFilter(ApplicationFilterChain.java:164)
	at org.apache.catalina.core.ApplicationFilterChain.doFilter(ApplicationFilterChain.java:140)
	at org.springframework.web.filter.RequestContextFilter.doFilterInternal(RequestContextFilter.java:100)
	at org.springframework.web.filter.OncePerRequestFilter.doFilter(OncePerRequestFilter.java:116)
	at org.apache.catalina.core.ApplicationFilterChain.internalDoFilter(ApplicationFilterChain.java:164)
	at org.apache.catalina.core.ApplicationFilterChain.doFilter(ApplicationFilterChain.java:140)
	at org.springframework.web.filter.OncePerRequestFilter.doFilter(OncePerRequestFilter.java:101)
	at org.apache.catalina.core.ApplicationFilterChain.internalDoFilter(ApplicationFilterChain.java:164)
	at org.apache.catalina.core.ApplicationFilterChain.doFilter(ApplicationFilterChain.java:140)
	at org.springframework.web.filter.OncePerRequestFilter.doFilter(OncePerRequestFilter.java:101)
	at org.apache.catalina.core.ApplicationFilterChain.internalDoFilter(ApplicationFilterChain.java:164)
	at org.apache.catalina.core.ApplicationFilterChain.doFilter(ApplicationFilterChain.java:140)
	at org.apache.catalina.core.ApplicationDispatcher.invoke(ApplicationDispatcher.java:633)
	at org.apache.catalina.core.ApplicationDispatcher.processRequest(ApplicationDispatcher.java:411)
	at org.apache.catalina.core.ApplicationDispatcher.doForward(ApplicationDispatcher.java:331)
	at org.apache.catalina.core.ApplicationDispatcher.forward(ApplicationDispatcher.java:268)
	at org.apache.catalina.core.StandardHostValve.custom(StandardHostValve.java:380)
	at org.apache.catalina.core.StandardHostValve.status(StandardHostValve.java:208)
	at org.apache.catalina.core.StandardHostValve.throwable(StandardHostValve.java:285)
	at org.apache.catalina.core.StandardHostValve.invoke(StandardHostValve.java:149)
	at org.apache.catalina.valves.ErrorReportValve.invoke(ErrorReportValve.java:93)
	at org.apache.catalina.core.StandardEngineValve.invoke(StandardEngineValve.java:74)
	at org.apache.catalina.connector.CoyoteAdapter.service(CoyoteAdapter.java:344)
	at org.apache.coyote.http11.Http11Processor.service(Http11Processor.java:397)
	at org.apache.coyote.AbstractProcessorLight.process(AbstractProcessorLight.java:63)
	at org.apache.coyote.AbstractProtocol$ConnectionHandler.process(AbstractProtocol.java:905)
	at org.apache.tomcat.util.net.NioEndpoint$SocketProcessor.doRun(NioEndpoint.java:1741)
	at org.apache.tomcat.util.net.SocketProcessorBase.run(SocketProcessorBase.java:52)
	at org.apache.tomcat.util.threads.ThreadPoolExecutor.runWorker(ThreadPoolExecutor.java:1190)
	at org.apache.tomcat.util.threads.ThreadPoolExecutor$Worker.run(ThreadPoolExecutor.java:659)
	at org.apache.tomcat.util.threads.TaskThread$WrappingRunnable.run(TaskThread.java:63)
	at java.base/java.lang.Thread.run(Thread.java:833)
2025-01-07 14:51:23 [http-nio-8081-exec-2] ERROR o.a.c.c.C.[Tomcat].[localhost] - Exception Processing [ErrorPage[errorCode=0, location=/error]] MDC:[traceId=, spanId=]
jakarta.servlet.ServletException: Request processing failed: java.lang.IllegalArgumentException: When allowCredentials is true, allowedOrigins cannot contain the special value "*" since that cannot be set on the "Access-Control-Allow-Origin" response header. To allow credentials to a set of origins, list them explicitly or consider using "allowedOriginPatterns" instead.
	at org.springframework.web.servlet.FrameworkServlet.processRequest(FrameworkServlet.java:1022)
	at org.springframework.web.servlet.FrameworkServlet.doPost(FrameworkServlet.java:914)
	at jakarta.servlet.http.HttpServlet.service(HttpServlet.java:590)
	at org.springframework.web.servlet.FrameworkServlet.service(FrameworkServlet.java:885)
	at jakarta.servlet.http.HttpServlet.service(HttpServlet.java:658)
	at org.apache.catalina.core.ApplicationFilterChain.internalDoFilter(ApplicationFilterChain.java:195)
	at org.apache.catalina.core.ApplicationFilterChain.doFilter(ApplicationFilterChain.java:140)
	at org.springframework.web.filter.OncePerRequestFilter.doFilter(OncePerRequestFilter.java:101)
	at org.apache.catalina.core.ApplicationFilterChain.internalDoFilter(ApplicationFilterChain.java:164)
	at org.apache.catalina.core.ApplicationFilterChain.doFilter(ApplicationFilterChain.java:140)
	at org.springframework.web.filter.RequestContextFilter.doFilterInternal(RequestContextFilter.java:100)
	at org.springframework.web.filter.OncePerRequestFilter.doFilter(OncePerRequestFilter.java:116)
	at org.apache.catalina.core.ApplicationFilterChain.internalDoFilter(ApplicationFilterChain.java:164)
	at org.apache.catalina.core.ApplicationFilterChain.doFilter(ApplicationFilterChain.java:140)
	at org.springframework.web.filter.OncePerRequestFilter.doFilter(OncePerRequestFilter.java:101)
	at org.apache.catalina.core.ApplicationFilterChain.internalDoFilter(ApplicationFilterChain.java:164)
	at org.apache.catalina.core.ApplicationFilterChain.doFilter(ApplicationFilterChain.java:140)
	at org.springframework.web.filter.OncePerRequestFilter.doFilter(OncePerRequestFilter.java:101)
	at org.apache.catalina.core.ApplicationFilterChain.internalDoFilter(ApplicationFilterChain.java:164)
	at org.apache.catalina.core.ApplicationFilterChain.doFilter(ApplicationFilterChain.java:140)
	at org.apache.catalina.core.ApplicationDispatcher.invoke(ApplicationDispatcher.java:633)
	at org.apache.catalina.core.ApplicationDispatcher.processRequest(ApplicationDispatcher.java:411)
	at org.apache.catalina.core.ApplicationDispatcher.doForward(ApplicationDispatcher.java:331)
	at org.apache.catalina.core.ApplicationDispatcher.forward(ApplicationDispatcher.java:268)
	at org.apache.catalina.core.StandardHostValve.custom(StandardHostValve.java:380)
	at org.apache.catalina.core.StandardHostValve.status(StandardHostValve.java:208)
	at org.apache.catalina.core.StandardHostValve.throwable(StandardHostValve.java:285)
	at org.apache.catalina.core.StandardHostValve.invoke(StandardHostValve.java:149)
	at org.apache.catalina.valves.ErrorReportValve.invoke(ErrorReportValve.java:93)
	at org.apache.catalina.core.StandardEngineValve.invoke(StandardEngineValve.java:74)
	at org.apache.catalina.connector.CoyoteAdapter.service(CoyoteAdapter.java:344)
	at org.apache.coyote.http11.Http11Processor.service(Http11Processor.java:397)
	at org.apache.coyote.AbstractProcessorLight.process(AbstractProcessorLight.java:63)
	at org.apache.coyote.AbstractProtocol$ConnectionHandler.process(AbstractProtocol.java:905)
	at org.apache.tomcat.util.net.NioEndpoint$SocketProcessor.doRun(NioEndpoint.java:1741)
	at org.apache.tomcat.util.net.SocketProcessorBase.run(SocketProcessorBase.java:52)
	at org.apache.tomcat.util.threads.ThreadPoolExecutor.runWorker(ThreadPoolExecutor.java:1190)
	at org.apache.tomcat.util.threads.ThreadPoolExecutor$Worker.run(ThreadPoolExecutor.java:659)
	at org.apache.tomcat.util.threads.TaskThread$WrappingRunnable.run(TaskThread.java:63)
	at java.base/java.lang.Thread.run(Thread.java:833)
Caused by: java.lang.IllegalArgumentException: When allowCredentials is true, allowedOrigins cannot contain the special value "*" since that cannot be set on the "Access-Control-Allow-Origin" response header. To allow credentials to a set of origins, list them explicitly or consider using "allowedOriginPatterns" instead.
	at org.springframework.web.cors.CorsConfiguration.validateAllowCredentials(CorsConfiguration.java:575)
	at org.springframework.web.servlet.handler.AbstractHandlerMapping.getHandler(AbstractHandlerMapping.java:544)
	at org.springframework.web.servlet.DispatcherServlet.getHandler(DispatcherServlet.java:1283)
	at org.springframework.web.servlet.DispatcherServlet.doDispatch(DispatcherServlet.java:1064)
	at org.springframework.web.servlet.DispatcherServlet.doService(DispatcherServlet.java:978)
	at org.springframework.web.servlet.FrameworkServlet.processRequest(FrameworkServlet.java:1014)
	... 39 common frames omitted
2025-01-07 14:51:47 [SpringApplicationShutdownHook] INFO  o.s.b.w.e.tomcat.GracefulShutdown - Commencing graceful shutdown. Waiting for active requests to complete MDC:[traceId=, spanId=]
2025-01-07 14:51:47 [tomcat-shutdown] INFO  o.s.b.w.e.tomcat.GracefulShutdown - Graceful shutdown complete MDC:[traceId=, spanId=]
2025-01-07 14:51:47 [SpringApplicationShutdownHook] INFO  o.s.o.j.LocalContainerEntityManagerFactoryBean - Closing JPA EntityManagerFactory for persistence unit 'default' MDC:[traceId=, spanId=]
2025-01-07 14:51:47 [SpringApplicationShutdownHook] INFO  com.zaxxer.hikari.HikariDataSource - HikariPool-1 - Shutdown initiated... MDC:[traceId=, spanId=]
2025-01-07 14:51:47 [SpringApplicationShutdownHook] INFO  com.zaxxer.hikari.HikariDataSource - HikariPool-1 - Shutdown completed. MDC:[traceId=, spanId=]
2025-01-07 14:51:51 [main] INFO  o.v.p.ProductManagementServiceApplication - Starting ProductManagementServiceApplication using Java 17.0.2 with PID 30052 (D:\java\Springboot\HyggeEcommerce\ProductManagementService\target\classes started by PC in D:\java\Springboot\HyggeEcommerce) MDC:[traceId=, spanId=]
2025-01-07 14:51:51 [main] INFO  o.v.p.ProductManagementServiceApplication - No active profile set, falling back to 1 default profile: "default" MDC:[traceId=, spanId=]
2025-01-07 14:51:51 [main] INFO  o.s.c.c.c.ConfigServerConfigDataLoader - Fetching config from server at : http://localhost:8888/ MDC:[traceId=, spanId=]
2025-01-07 14:51:51 [main] INFO  o.s.c.c.c.ConfigServerConfigDataLoader - Located environment: name=product-manage-service, profiles=[default], label=null, version=null, state=null MDC:[traceId=, spanId=]
2025-01-07 14:51:52 [main] INFO  o.s.d.r.c.RepositoryConfigurationDelegate - Multiple Spring Data modules found, entering strict repository configuration mode MDC:[traceId=, spanId=]
2025-01-07 14:51:52 [main] INFO  o.s.d.r.c.RepositoryConfigurationDelegate - Bootstrapping Spring Data JPA repositories in DEFAULT mode. MDC:[traceId=, spanId=]
2025-01-07 14:51:52 [main] INFO  o.s.d.r.c.RepositoryConfigurationDelegate - Finished Spring Data repository scanning in 94 ms. Found 1 JPA repository interface. MDC:[traceId=, spanId=]
2025-01-07 14:51:52 [main] INFO  o.s.d.r.c.RepositoryConfigurationDelegate - Multiple Spring Data modules found, entering strict repository configuration mode MDC:[traceId=, spanId=]
2025-01-07 14:51:52 [main] INFO  o.s.d.r.c.RepositoryConfigurationDelegate - Bootstrapping Spring Data Redis repositories in DEFAULT mode. MDC:[traceId=, spanId=]
2025-01-07 14:51:52 [main] INFO  o.s.d.r.c.RepositoryConfigurationExtensionSupport - Spring Data Redis - Could not safely identify store assignment for repository candidate interface org.vdt.productmanagementservice.repositories.CategoryRepository; If you want this repository to be a Redis repository, consider annotating your entities with one of these annotations: org.springframework.data.redis.core.RedisHash (preferred), or consider extending one of the following types with your repository: org.springframework.data.keyvalue.repository.KeyValueRepository MDC:[traceId=, spanId=]
2025-01-07 14:51:52 [main] INFO  o.s.d.r.c.RepositoryConfigurationDelegate - Finished Spring Data repository scanning in 5 ms. Found 0 Redis repository interfaces. MDC:[traceId=, spanId=]
2025-01-07 14:51:52 [main] INFO  o.s.cloud.context.scope.GenericScope - BeanFactory id=1c3a8de3-0f25-3458-8ea2-b52b63c27ffb MDC:[traceId=, spanId=]
2025-01-07 14:51:53 [main] INFO  o.s.b.w.e.tomcat.TomcatWebServer - Tomcat initialized with port 8081 (http) MDC:[traceId=, spanId=]
2025-01-07 14:51:53 [main] INFO  o.a.coyote.http11.Http11NioProtocol - Initializing ProtocolHandler ["http-nio-8081"] MDC:[traceId=, spanId=]
2025-01-07 14:51:53 [main] INFO  o.a.catalina.core.StandardService - Starting service [Tomcat] MDC:[traceId=, spanId=]
2025-01-07 14:51:53 [main] INFO  o.a.catalina.core.StandardEngine - Starting Servlet engine: [Apache Tomcat/10.1.34] MDC:[traceId=, spanId=]
2025-01-07 14:51:53 [main] INFO  o.a.c.c.C.[Tomcat].[localhost].[/] - Initializing Spring embedded WebApplicationContext MDC:[traceId=, spanId=]
2025-01-07 14:51:53 [main] INFO  o.s.b.w.s.c.ServletWebServerApplicationContext - Root WebApplicationContext: initialization completed in 1329 ms MDC:[traceId=, spanId=]
2025-01-07 14:51:53 [main] DEBUG o.s.w.f.CommonsRequestLoggingFilter - Filter 'requestLoggingFilter' configured for use MDC:[traceId=, spanId=]
2025-01-07 14:51:53 [main] INFO  o.s.o.j.p.SpringPersistenceUnitInfo - No LoadTimeWeaver setup: ignoring JPA class transformer MDC:[traceId=, spanId=]
2025-01-07 14:51:53 [main] INFO  com.zaxxer.hikari.HikariDataSource - HikariPool-1 - Starting... MDC:[traceId=, spanId=]
2025-01-07 14:51:53 [main] INFO  com.zaxxer.hikari.pool.HikariPool - HikariPool-1 - Added connection com.mysql.cj.jdbc.ConnectionImpl@7f53b345 MDC:[traceId=, spanId=]
2025-01-07 14:51:53 [main] INFO  com.zaxxer.hikari.HikariDataSource - HikariPool-1 - Start completed. MDC:[traceId=, spanId=]
2025-01-07 14:51:55 [main] INFO  o.s.o.j.LocalContainerEntityManagerFactoryBean - Initialized JPA EntityManagerFactory for persistence unit 'default' MDC:[traceId=, spanId=]
2025-01-07 14:51:55 [main] WARN  o.s.b.a.o.j.JpaBaseConfiguration$JpaWebConfiguration - spring.jpa.open-in-view is enabled by default. Therefore, database queries may be performed during view rendering. Explicitly configure spring.jpa.open-in-view to disable this warning MDC:[traceId=, spanId=]
2025-01-07 14:51:56 [main] INFO  o.a.coyote.http11.Http11NioProtocol - Starting ProtocolHandler ["http-nio-8081"] MDC:[traceId=, spanId=]
2025-01-07 14:51:56 [main] INFO  o.s.b.w.e.tomcat.TomcatWebServer - Tomcat started on port 8081 (http) with context path '/' MDC:[traceId=, spanId=]
2025-01-07 14:51:56 [main] INFO  o.v.p.ProductManagementServiceApplication - Started ProductManagementServiceApplication in 5.488 seconds (process running for 6.241) MDC:[traceId=, spanId=]
2025-01-07 14:51:58 [http-nio-8081-exec-1] INFO  o.a.c.c.C.[Tomcat].[localhost].[/] - Initializing Spring DispatcherServlet 'dispatcherServlet' MDC:[traceId=, spanId=]
2025-01-07 14:51:58 [http-nio-8081-exec-1] INFO  o.s.web.servlet.DispatcherServlet - Initializing Servlet 'dispatcherServlet' MDC:[traceId=, spanId=]
2025-01-07 14:51:58 [http-nio-8081-exec-1] INFO  o.s.web.servlet.DispatcherServlet - Completed initialization in 1 ms MDC:[traceId=, spanId=]
2025-01-07 14:51:58 [http-nio-8081-exec-1] DEBUG o.s.w.f.CommonsRequestLoggingFilter - Before request [POST /category/create, headers=[host:"localhost:8081", connection:"keep-alive", content-length:"51865", sec-ch-ua-platform:""Windows"", user-agent:"Mozilla/5.0 (Windows NT 10.0; Win64; x64) AppleWebKit/537.36 (KHTML, like Gecko) Chrome/131.0.0.0 Safari/537.36 Edg/131.0.0.0", accept:"application/json, text/plain, */*", sec-ch-ua:""Microsoft Edge";v="131", "Chromium";v="131", "Not_A Brand";v="24"", sec-ch-ua-mobile:"?0", origin:"http://localhost:5173", sec-fetch-site:"same-site", sec-fetch-mode:"cors", sec-fetch-dest:"empty", referer:"http://localhost:5173/", accept-encoding:"gzip, deflate, br, zstd", accept-language:"en-US,en;q=0.9", Content-Type:"multipart/form-data;boundary=----WebKitFormBoundary9ztua2XOeJiQnf8M;charset=UTF-8"]] MDC:[traceId=, spanId=]
2025-01-07 14:51:58 [http-nio-8081-exec-1] DEBUG o.s.w.f.CommonsRequestLoggingFilter - DATA REQUEST: POST /category/create, headers=[host:"localhost:8081", connection:"keep-alive", content-length:"51865", sec-ch-ua-platform:""Windows"", user-agent:"Mozilla/5.0 (Windows NT 10.0; Win64; x64) AppleWebKit/537.36 (KHTML, like Gecko) Chrome/131.0.0.0 Safari/537.36 Edg/131.0.0.0", accept:"application/json, text/plain, */*", sec-ch-ua:""Microsoft Edge";v="131", "Chromium";v="131", "Not_A Brand";v="24"", sec-ch-ua-mobile:"?0", origin:"http://localhost:5173", sec-fetch-site:"same-site", sec-fetch-mode:"cors", sec-fetch-dest:"empty", referer:"http://localhost:5173/", accept-encoding:"gzip, deflate, br, zstd", accept-language:"en-US,en;q=0.9", Content-Type:"multipart/form-data;boundary=----WebKitFormBoundary9ztua2XOeJiQnf8M;charset=UTF-8"]] MDC:[traceId=, spanId=]
2025-01-07 14:54:52 [http-nio-8081-exec-3] DEBUG o.s.w.f.CommonsRequestLoggingFilter - Before request [POST /category/create, headers=[host:"localhost:8081", connection:"keep-alive", content-length:"145824", sec-ch-ua-platform:""Windows"", user-agent:"Mozilla/5.0 (Windows NT 10.0; Win64; x64) AppleWebKit/537.36 (KHTML, like Gecko) Chrome/131.0.0.0 Safari/537.36 Edg/131.0.0.0", accept:"application/json", sec-ch-ua:""Microsoft Edge";v="131", "Chromium";v="131", "Not_A Brand";v="24"", sec-ch-ua-mobile:"?0", origin:"http://localhost:8081", sec-fetch-site:"same-origin", sec-fetch-mode:"cors", sec-fetch-dest:"empty", referer:"http://localhost:8081/swagger-ui/index.html", accept-encoding:"gzip, deflate, br, zstd", accept-language:"en-US,en;q=0.9", Content-Type:"multipart/form-data;boundary=----WebKitFormBoundaryDg1T9gXCty9Oz8PJ;charset=UTF-8"]] MDC:[traceId=, spanId=]
2025-01-07 14:54:52 [http-nio-8081-exec-3] WARN  o.s.w.s.m.s.DefaultHandlerExceptionResolver - Resolved [org.springframework.web.HttpMediaTypeNotSupportedException: Content-Type 'application/octet-stream' is not supported] MDC:[traceId=, spanId=]
2025-01-07 14:54:52 [http-nio-8081-exec-3] DEBUG o.s.w.f.CommonsRequestLoggingFilter - DATA REQUEST: POST /category/create, headers=[host:"localhost:8081", connection:"keep-alive", content-length:"145824", sec-ch-ua-platform:""Windows"", user-agent:"Mozilla/5.0 (Windows NT 10.0; Win64; x64) AppleWebKit/537.36 (KHTML, like Gecko) Chrome/131.0.0.0 Safari/537.36 Edg/131.0.0.0", accept:"application/json", sec-ch-ua:""Microsoft Edge";v="131", "Chromium";v="131", "Not_A Brand";v="24"", sec-ch-ua-mobile:"?0", origin:"http://localhost:8081", sec-fetch-site:"same-origin", sec-fetch-mode:"cors", sec-fetch-dest:"empty", referer:"http://localhost:8081/swagger-ui/index.html", accept-encoding:"gzip, deflate, br, zstd", accept-language:"en-US,en;q=0.9", Content-Type:"multipart/form-data;boundary=----WebKitFormBoundaryDg1T9gXCty9Oz8PJ;charset=UTF-8"]] MDC:[traceId=, spanId=]
2025-01-07 14:57:39 [SpringApplicationShutdownHook] INFO  o.s.b.w.e.tomcat.GracefulShutdown - Commencing graceful shutdown. Waiting for active requests to complete MDC:[traceId=, spanId=]
2025-01-07 14:57:39 [tomcat-shutdown] INFO  o.s.b.w.e.tomcat.GracefulShutdown - Graceful shutdown complete MDC:[traceId=, spanId=]
2025-01-07 14:57:39 [SpringApplicationShutdownHook] INFO  o.s.o.j.LocalContainerEntityManagerFactoryBean - Closing JPA EntityManagerFactory for persistence unit 'default' MDC:[traceId=, spanId=]
2025-01-07 14:57:39 [SpringApplicationShutdownHook] INFO  com.zaxxer.hikari.HikariDataSource - HikariPool-1 - Shutdown initiated... MDC:[traceId=, spanId=]
2025-01-07 14:57:39 [SpringApplicationShutdownHook] INFO  com.zaxxer.hikari.HikariDataSource - HikariPool-1 - Shutdown completed. MDC:[traceId=, spanId=]
2025-01-07 14:57:45 [main] INFO  o.v.p.ProductManagementServiceApplication - Starting ProductManagementServiceApplication using Java 17.0.2 with PID 16004 (D:\java\Springboot\HyggeEcommerce\ProductManagementService\target\classes started by PC in D:\java\Springboot\HyggeEcommerce) MDC:[traceId=, spanId=]
2025-01-07 14:57:45 [main] INFO  o.v.p.ProductManagementServiceApplication - No active profile set, falling back to 1 default profile: "default" MDC:[traceId=, spanId=]
2025-01-07 14:57:45 [main] INFO  o.s.c.c.c.ConfigServerConfigDataLoader - Fetching config from server at : http://localhost:8888/ MDC:[traceId=, spanId=]
2025-01-07 14:57:45 [main] INFO  o.s.c.c.c.ConfigServerConfigDataLoader - Located environment: name=product-manage-service, profiles=[default], label=null, version=null, state=null MDC:[traceId=, spanId=]
2025-01-07 14:57:46 [main] INFO  o.s.d.r.c.RepositoryConfigurationDelegate - Multiple Spring Data modules found, entering strict repository configuration mode MDC:[traceId=, spanId=]
2025-01-07 14:57:46 [main] INFO  o.s.d.r.c.RepositoryConfigurationDelegate - Bootstrapping Spring Data JPA repositories in DEFAULT mode. MDC:[traceId=, spanId=]
2025-01-07 14:57:46 [main] INFO  o.s.d.r.c.RepositoryConfigurationDelegate - Finished Spring Data repository scanning in 96 ms. Found 1 JPA repository interface. MDC:[traceId=, spanId=]
2025-01-07 14:57:46 [main] INFO  o.s.d.r.c.RepositoryConfigurationDelegate - Multiple Spring Data modules found, entering strict repository configuration mode MDC:[traceId=, spanId=]
2025-01-07 14:57:46 [main] INFO  o.s.d.r.c.RepositoryConfigurationDelegate - Bootstrapping Spring Data Redis repositories in DEFAULT mode. MDC:[traceId=, spanId=]
2025-01-07 14:57:46 [main] INFO  o.s.d.r.c.RepositoryConfigurationExtensionSupport - Spring Data Redis - Could not safely identify store assignment for repository candidate interface org.vdt.productmanagementservice.repositories.CategoryRepository; If you want this repository to be a Redis repository, consider annotating your entities with one of these annotations: org.springframework.data.redis.core.RedisHash (preferred), or consider extending one of the following types with your repository: org.springframework.data.keyvalue.repository.KeyValueRepository MDC:[traceId=, spanId=]
2025-01-07 14:57:46 [main] INFO  o.s.d.r.c.RepositoryConfigurationDelegate - Finished Spring Data repository scanning in 5 ms. Found 0 Redis repository interfaces. MDC:[traceId=, spanId=]
2025-01-07 14:57:46 [main] INFO  o.s.cloud.context.scope.GenericScope - BeanFactory id=1c3a8de3-0f25-3458-8ea2-b52b63c27ffb MDC:[traceId=, spanId=]
2025-01-07 14:57:46 [main] INFO  o.s.b.w.e.tomcat.TomcatWebServer - Tomcat initialized with port 8081 (http) MDC:[traceId=, spanId=]
2025-01-07 14:57:46 [main] INFO  o.a.coyote.http11.Http11NioProtocol - Initializing ProtocolHandler ["http-nio-8081"] MDC:[traceId=, spanId=]
2025-01-07 14:57:46 [main] INFO  o.a.catalina.core.StandardService - Starting service [Tomcat] MDC:[traceId=, spanId=]
2025-01-07 14:57:46 [main] INFO  o.a.catalina.core.StandardEngine - Starting Servlet engine: [Apache Tomcat/10.1.34] MDC:[traceId=, spanId=]
2025-01-07 14:57:46 [main] INFO  o.a.c.c.C.[Tomcat].[localhost].[/] - Initializing Spring embedded WebApplicationContext MDC:[traceId=, spanId=]
2025-01-07 14:57:46 [main] INFO  o.s.b.w.s.c.ServletWebServerApplicationContext - Root WebApplicationContext: initialization completed in 1398 ms MDC:[traceId=, spanId=]
2025-01-07 14:57:46 [main] DEBUG o.s.w.f.CommonsRequestLoggingFilter - Filter 'requestLoggingFilter' configured for use MDC:[traceId=, spanId=]
2025-01-07 14:57:47 [main] INFO  o.s.o.j.p.SpringPersistenceUnitInfo - No LoadTimeWeaver setup: ignoring JPA class transformer MDC:[traceId=, spanId=]
2025-01-07 14:57:47 [main] INFO  com.zaxxer.hikari.HikariDataSource - HikariPool-1 - Starting... MDC:[traceId=, spanId=]
2025-01-07 14:57:47 [main] INFO  com.zaxxer.hikari.pool.HikariPool - HikariPool-1 - Added connection com.mysql.cj.jdbc.ConnectionImpl@703eead0 MDC:[traceId=, spanId=]
2025-01-07 14:57:47 [main] INFO  com.zaxxer.hikari.HikariDataSource - HikariPool-1 - Start completed. MDC:[traceId=, spanId=]
2025-01-07 14:57:49 [main] INFO  o.s.o.j.LocalContainerEntityManagerFactoryBean - Initialized JPA EntityManagerFactory for persistence unit 'default' MDC:[traceId=, spanId=]
2025-01-07 14:57:49 [main] WARN  o.s.b.a.o.j.JpaBaseConfiguration$JpaWebConfiguration - spring.jpa.open-in-view is enabled by default. Therefore, database queries may be performed during view rendering. Explicitly configure spring.jpa.open-in-view to disable this warning MDC:[traceId=, spanId=]
2025-01-07 14:57:50 [main] INFO  o.a.coyote.http11.Http11NioProtocol - Starting ProtocolHandler ["http-nio-8081"] MDC:[traceId=, spanId=]
2025-01-07 14:57:50 [main] INFO  o.s.b.w.e.tomcat.TomcatWebServer - Tomcat started on port 8081 (http) with context path '/' MDC:[traceId=, spanId=]
2025-01-07 14:57:50 [main] INFO  o.v.p.ProductManagementServiceApplication - Started ProductManagementServiceApplication in 5.945 seconds (process running for 6.85) MDC:[traceId=, spanId=]
2025-01-07 14:57:54 [http-nio-8081-exec-3] INFO  o.a.c.c.C.[Tomcat].[localhost].[/] - Initializing Spring DispatcherServlet 'dispatcherServlet' MDC:[traceId=, spanId=]
2025-01-07 14:57:54 [http-nio-8081-exec-3] INFO  o.s.web.servlet.DispatcherServlet - Initializing Servlet 'dispatcherServlet' MDC:[traceId=, spanId=]
2025-01-07 14:57:54 [http-nio-8081-exec-3] INFO  o.s.web.servlet.DispatcherServlet - Completed initialization in 1 ms MDC:[traceId=, spanId=]
2025-01-07 14:57:54 [http-nio-8081-exec-3] DEBUG o.s.w.f.CommonsRequestLoggingFilter - Before request [POST /category/create, headers=[user-agent:"PostmanRuntime/7.43.0", accept:"*/*", postman-token:"32f33d04-ee16-4757-81b6-a6a606a5f1fc", host:"localhost:8081", accept-encoding:"gzip, deflate, br", connection:"keep-alive", content-length:"145940", Content-Type:"multipart/form-data;boundary=--------------------------461079292894374355132325;charset=UTF-8"]] MDC:[traceId=, spanId=]
2025-01-07 14:57:54 [http-nio-8081-exec-3] DEBUG o.s.w.f.CommonsRequestLoggingFilter - DATA REQUEST: POST /category/create, headers=[user-agent:"PostmanRuntime/7.43.0", accept:"*/*", postman-token:"32f33d04-ee16-4757-81b6-a6a606a5f1fc", host:"localhost:8081", accept-encoding:"gzip, deflate, br", connection:"keep-alive", content-length:"145940", Content-Type:"multipart/form-data;boundary=--------------------------461079292894374355132325;charset=UTF-8"]] MDC:[traceId=, spanId=]
2025-01-07 14:58:00 [http-nio-8081-exec-4] DEBUG o.s.w.f.CommonsRequestLoggingFilter - Before request [POST /category/create, headers=[host:"localhost:8081", connection:"keep-alive", content-length:"145824", sec-ch-ua-platform:""Windows"", user-agent:"Mozilla/5.0 (Windows NT 10.0; Win64; x64) AppleWebKit/537.36 (KHTML, like Gecko) Chrome/131.0.0.0 Safari/537.36 Edg/131.0.0.0", accept:"application/json", sec-ch-ua:""Microsoft Edge";v="131", "Chromium";v="131", "Not_A Brand";v="24"", sec-ch-ua-mobile:"?0", origin:"http://localhost:8081", sec-fetch-site:"same-origin", sec-fetch-mode:"cors", sec-fetch-dest:"empty", referer:"http://localhost:8081/swagger-ui/index.html", accept-encoding:"gzip, deflate, br, zstd", accept-language:"en-US,en;q=0.9", Content-Type:"multipart/form-data;boundary=----WebKitFormBoundarygnLbBYp8TCaAZc1K;charset=UTF-8"]] MDC:[traceId=, spanId=]
2025-01-07 14:58:00 [http-nio-8081-exec-4] WARN  o.s.w.s.m.s.DefaultHandlerExceptionResolver - Resolved [org.springframework.web.HttpMediaTypeNotSupportedException: Content-Type 'application/octet-stream' is not supported] MDC:[traceId=, spanId=]
2025-01-07 14:58:00 [http-nio-8081-exec-4] DEBUG o.s.w.f.CommonsRequestLoggingFilter - DATA REQUEST: POST /category/create, headers=[host:"localhost:8081", connection:"keep-alive", content-length:"145824", sec-ch-ua-platform:""Windows"", user-agent:"Mozilla/5.0 (Windows NT 10.0; Win64; x64) AppleWebKit/537.36 (KHTML, like Gecko) Chrome/131.0.0.0 Safari/537.36 Edg/131.0.0.0", accept:"application/json", sec-ch-ua:""Microsoft Edge";v="131", "Chromium";v="131", "Not_A Brand";v="24"", sec-ch-ua-mobile:"?0", origin:"http://localhost:8081", sec-fetch-site:"same-origin", sec-fetch-mode:"cors", sec-fetch-dest:"empty", referer:"http://localhost:8081/swagger-ui/index.html", accept-encoding:"gzip, deflate, br, zstd", accept-language:"en-US,en;q=0.9", Content-Type:"multipart/form-data;boundary=----WebKitFormBoundarygnLbBYp8TCaAZc1K;charset=UTF-8"]] MDC:[traceId=, spanId=]
2025-01-07 14:58:03 [http-nio-8081-exec-5] DEBUG o.s.w.f.CommonsRequestLoggingFilter - Before request [POST /category/create, headers=[host:"localhost:8081", connection:"keep-alive", content-length:"145824", sec-ch-ua-platform:""Windows"", user-agent:"Mozilla/5.0 (Windows NT 10.0; Win64; x64) AppleWebKit/537.36 (KHTML, like Gecko) Chrome/131.0.0.0 Safari/537.36 Edg/131.0.0.0", accept:"application/json", sec-ch-ua:""Microsoft Edge";v="131", "Chromium";v="131", "Not_A Brand";v="24"", sec-ch-ua-mobile:"?0", origin:"http://localhost:8081", sec-fetch-site:"same-origin", sec-fetch-mode:"cors", sec-fetch-dest:"empty", referer:"http://localhost:8081/swagger-ui/index.html", accept-encoding:"gzip, deflate, br, zstd", accept-language:"en-US,en;q=0.9", Content-Type:"multipart/form-data;boundary=----WebKitFormBoundaryy9hGGnQwxwrxp0lA;charset=UTF-8"]] MDC:[traceId=, spanId=]
2025-01-07 14:58:03 [http-nio-8081-exec-5] WARN  o.s.w.s.m.s.DefaultHandlerExceptionResolver - Resolved [org.springframework.web.HttpMediaTypeNotSupportedException: Content-Type 'application/octet-stream' is not supported] MDC:[traceId=, spanId=]
2025-01-07 14:58:03 [http-nio-8081-exec-5] DEBUG o.s.w.f.CommonsRequestLoggingFilter - DATA REQUEST: POST /category/create, headers=[host:"localhost:8081", connection:"keep-alive", content-length:"145824", sec-ch-ua-platform:""Windows"", user-agent:"Mozilla/5.0 (Windows NT 10.0; Win64; x64) AppleWebKit/537.36 (KHTML, like Gecko) Chrome/131.0.0.0 Safari/537.36 Edg/131.0.0.0", accept:"application/json", sec-ch-ua:""Microsoft Edge";v="131", "Chromium";v="131", "Not_A Brand";v="24"", sec-ch-ua-mobile:"?0", origin:"http://localhost:8081", sec-fetch-site:"same-origin", sec-fetch-mode:"cors", sec-fetch-dest:"empty", referer:"http://localhost:8081/swagger-ui/index.html", accept-encoding:"gzip, deflate, br, zstd", accept-language:"en-US,en;q=0.9", Content-Type:"multipart/form-data;boundary=----WebKitFormBoundaryy9hGGnQwxwrxp0lA;charset=UTF-8"]] MDC:[traceId=, spanId=]
2025-01-07 14:58:04 [http-nio-8081-exec-2] DEBUG o.s.w.f.CommonsRequestLoggingFilter - Before request [GET /swagger-ui/index.html, headers=[host:"localhost:8081", connection:"keep-alive", cache-control:"max-age=0", sec-ch-ua:""Microsoft Edge";v="131", "Chromium";v="131", "Not_A Brand";v="24"", sec-ch-ua-mobile:"?0", sec-ch-ua-platform:""Windows"", upgrade-insecure-requests:"1", user-agent:"Mozilla/5.0 (Windows NT 10.0; Win64; x64) AppleWebKit/537.36 (KHTML, like Gecko) Chrome/131.0.0.0 Safari/537.36 Edg/131.0.0.0", accept:"text/html,application/xhtml+xml,application/xml;q=0.9,image/avif,image/webp,image/apng,*/*;q=0.8,application/signed-exchange;v=b3;q=0.7", sec-fetch-site:"same-origin", sec-fetch-mode:"navigate", sec-fetch-user:"?1", sec-fetch-dest:"document", accept-encoding:"gzip, deflate, br, zstd", accept-language:"en-US,en;q=0.9", if-modified-since:"Fri, 31 Mar 2023 14:44:14 GMT"]] MDC:[traceId=, spanId=]
2025-01-07 14:58:04 [http-nio-8081-exec-2] DEBUG o.s.w.f.CommonsRequestLoggingFilter - DATA REQUEST: GET /swagger-ui/index.html, headers=[host:"localhost:8081", connection:"keep-alive", cache-control:"max-age=0", sec-ch-ua:""Microsoft Edge";v="131", "Chromium";v="131", "Not_A Brand";v="24"", sec-ch-ua-mobile:"?0", sec-ch-ua-platform:""Windows"", upgrade-insecure-requests:"1", user-agent:"Mozilla/5.0 (Windows NT 10.0; Win64; x64) AppleWebKit/537.36 (KHTML, like Gecko) Chrome/131.0.0.0 Safari/537.36 Edg/131.0.0.0", accept:"text/html,application/xhtml+xml,application/xml;q=0.9,image/avif,image/webp,image/apng,*/*;q=0.8,application/signed-exchange;v=b3;q=0.7", sec-fetch-site:"same-origin", sec-fetch-mode:"navigate", sec-fetch-user:"?1", sec-fetch-dest:"document", accept-encoding:"gzip, deflate, br, zstd", accept-language:"en-US,en;q=0.9", if-modified-since:"Fri, 31 Mar 2023 14:44:14 GMT"]] MDC:[traceId=, spanId=]
2025-01-07 14:58:04 [http-nio-8081-exec-8] DEBUG o.s.w.f.CommonsRequestLoggingFilter - Before request [GET /swagger-ui/swagger-initializer.js, headers=[host:"localhost:8081", connection:"keep-alive", sec-ch-ua-platform:""Windows"", user-agent:"Mozilla/5.0 (Windows NT 10.0; Win64; x64) AppleWebKit/537.36 (KHTML, like Gecko) Chrome/131.0.0.0 Safari/537.36 Edg/131.0.0.0", sec-ch-ua:""Microsoft Edge";v="131", "Chromium";v="131", "Not_A Brand";v="24"", sec-ch-ua-mobile:"?0", accept:"*/*", sec-fetch-site:"same-origin", sec-fetch-mode:"no-cors", sec-fetch-dest:"script", referer:"http://localhost:8081/swagger-ui/index.html", accept-encoding:"gzip, deflate, br, zstd", accept-language:"en-US,en;q=0.9"]] MDC:[traceId=, spanId=]
2025-01-07 14:58:04 [http-nio-8081-exec-8] DEBUG o.s.w.f.CommonsRequestLoggingFilter - DATA REQUEST: GET /swagger-ui/swagger-initializer.js, headers=[host:"localhost:8081", connection:"keep-alive", sec-ch-ua-platform:""Windows"", user-agent:"Mozilla/5.0 (Windows NT 10.0; Win64; x64) AppleWebKit/537.36 (KHTML, like Gecko) Chrome/131.0.0.0 Safari/537.36 Edg/131.0.0.0", sec-ch-ua:""Microsoft Edge";v="131", "Chromium";v="131", "Not_A Brand";v="24"", sec-ch-ua-mobile:"?0", accept:"*/*", sec-fetch-site:"same-origin", sec-fetch-mode:"no-cors", sec-fetch-dest:"script", referer:"http://localhost:8081/swagger-ui/index.html", accept-encoding:"gzip, deflate, br, zstd", accept-language:"en-US,en;q=0.9"]] MDC:[traceId=, spanId=]
2025-01-07 14:58:04 [http-nio-8081-exec-9] DEBUG o.s.w.f.CommonsRequestLoggingFilter - Before request [GET /v3/api-docs/swagger-config, headers=[host:"localhost:8081", connection:"keep-alive", sec-ch-ua-platform:""Windows"", user-agent:"Mozilla/5.0 (Windows NT 10.0; Win64; x64) AppleWebKit/537.36 (KHTML, like Gecko) Chrome/131.0.0.0 Safari/537.36 Edg/131.0.0.0", sec-ch-ua:""Microsoft Edge";v="131", "Chromium";v="131", "Not_A Brand";v="24"", sec-ch-ua-mobile:"?0", accept:"*/*", sec-fetch-site:"same-origin", sec-fetch-mode:"cors", sec-fetch-dest:"empty", referer:"http://localhost:8081/swagger-ui/index.html", accept-encoding:"gzip, deflate, br, zstd", accept-language:"en-US,en;q=0.9"]] MDC:[traceId=, spanId=]
2025-01-07 14:58:04 [http-nio-8081-exec-9] DEBUG o.s.w.f.CommonsRequestLoggingFilter - DATA REQUEST: GET /v3/api-docs/swagger-config, headers=[host:"localhost:8081", connection:"keep-alive", sec-ch-ua-platform:""Windows"", user-agent:"Mozilla/5.0 (Windows NT 10.0; Win64; x64) AppleWebKit/537.36 (KHTML, like Gecko) Chrome/131.0.0.0 Safari/537.36 Edg/131.0.0.0", sec-ch-ua:""Microsoft Edge";v="131", "Chromium";v="131", "Not_A Brand";v="24"", sec-ch-ua-mobile:"?0", accept:"*/*", sec-fetch-site:"same-origin", sec-fetch-mode:"cors", sec-fetch-dest:"empty", referer:"http://localhost:8081/swagger-ui/index.html", accept-encoding:"gzip, deflate, br, zstd", accept-language:"en-US,en;q=0.9"]] MDC:[traceId=, spanId=]
2025-01-07 14:58:04 [http-nio-8081-exec-6] DEBUG o.s.w.f.CommonsRequestLoggingFilter - Before request [GET /v3/api-docs, headers=[host:"localhost:8081", connection:"keep-alive", sec-ch-ua-platform:""Windows"", user-agent:"Mozilla/5.0 (Windows NT 10.0; Win64; x64) AppleWebKit/537.36 (KHTML, like Gecko) Chrome/131.0.0.0 Safari/537.36 Edg/131.0.0.0", accept:"application/json,*/*", sec-ch-ua:""Microsoft Edge";v="131", "Chromium";v="131", "Not_A Brand";v="24"", sec-ch-ua-mobile:"?0", sec-fetch-site:"same-origin", sec-fetch-mode:"cors", sec-fetch-dest:"empty", referer:"http://localhost:8081/swagger-ui/index.html", accept-encoding:"gzip, deflate, br, zstd", accept-language:"en-US,en;q=0.9"]] MDC:[traceId=, spanId=]
2025-01-07 14:58:05 [http-nio-8081-exec-6] INFO  o.s.api.AbstractOpenApiResource - Init duration for springdoc-openapi is: 498 ms MDC:[traceId=, spanId=]
2025-01-07 14:58:05 [http-nio-8081-exec-6] DEBUG o.s.w.f.CommonsRequestLoggingFilter - DATA REQUEST: GET /v3/api-docs, headers=[host:"localhost:8081", connection:"keep-alive", sec-ch-ua-platform:""Windows"", user-agent:"Mozilla/5.0 (Windows NT 10.0; Win64; x64) AppleWebKit/537.36 (KHTML, like Gecko) Chrome/131.0.0.0 Safari/537.36 Edg/131.0.0.0", accept:"application/json,*/*", sec-ch-ua:""Microsoft Edge";v="131", "Chromium";v="131", "Not_A Brand";v="24"", sec-ch-ua-mobile:"?0", sec-fetch-site:"same-origin", sec-fetch-mode:"cors", sec-fetch-dest:"empty", referer:"http://localhost:8081/swagger-ui/index.html", accept-encoding:"gzip, deflate, br, zstd", accept-language:"en-US,en;q=0.9"]] MDC:[traceId=, spanId=]
2025-01-07 14:58:29 [http-nio-8081-exec-1] DEBUG o.s.w.f.CommonsRequestLoggingFilter - Before request [POST /category/create, headers=[host:"localhost:8081", connection:"keep-alive", content-length:"51848", sec-ch-ua-platform:""Windows"", user-agent:"Mozilla/5.0 (Windows NT 10.0; Win64; x64) AppleWebKit/537.36 (KHTML, like Gecko) Chrome/131.0.0.0 Safari/537.36 Edg/131.0.0.0", accept:"application/json", sec-ch-ua:""Microsoft Edge";v="131", "Chromium";v="131", "Not_A Brand";v="24"", sec-ch-ua-mobile:"?0", origin:"http://localhost:8081", sec-fetch-site:"same-origin", sec-fetch-mode:"cors", sec-fetch-dest:"empty", referer:"http://localhost:8081/swagger-ui/index.html", accept-encoding:"gzip, deflate, br, zstd", accept-language:"en-US,en;q=0.9", Content-Type:"multipart/form-data;boundary=----WebKitFormBoundary3VUB3yIRvy65zCsq;charset=UTF-8"]] MDC:[traceId=, spanId=]
2025-01-07 14:58:29 [http-nio-8081-exec-1] WARN  o.s.w.s.m.s.DefaultHandlerExceptionResolver - Resolved [org.springframework.web.HttpMediaTypeNotSupportedException: Content-Type 'application/octet-stream' is not supported] MDC:[traceId=, spanId=]
2025-01-07 14:58:29 [http-nio-8081-exec-1] DEBUG o.s.w.f.CommonsRequestLoggingFilter - DATA REQUEST: POST /category/create, headers=[host:"localhost:8081", connection:"keep-alive", content-length:"51848", sec-ch-ua-platform:""Windows"", user-agent:"Mozilla/5.0 (Windows NT 10.0; Win64; x64) AppleWebKit/537.36 (KHTML, like Gecko) Chrome/131.0.0.0 Safari/537.36 Edg/131.0.0.0", accept:"application/json", sec-ch-ua:""Microsoft Edge";v="131", "Chromium";v="131", "Not_A Brand";v="24"", sec-ch-ua-mobile:"?0", origin:"http://localhost:8081", sec-fetch-site:"same-origin", sec-fetch-mode:"cors", sec-fetch-dest:"empty", referer:"http://localhost:8081/swagger-ui/index.html", accept-encoding:"gzip, deflate, br, zstd", accept-language:"en-US,en;q=0.9", Content-Type:"multipart/form-data;boundary=----WebKitFormBoundary3VUB3yIRvy65zCsq;charset=UTF-8"]] MDC:[traceId=, spanId=]
2025-01-07 14:58:32 [http-nio-8081-exec-3] DEBUG o.s.w.f.CommonsRequestLoggingFilter - Before request [POST /category/create, headers=[host:"localhost:8081", connection:"keep-alive", content-length:"51848", sec-ch-ua-platform:""Windows"", user-agent:"Mozilla/5.0 (Windows NT 10.0; Win64; x64) AppleWebKit/537.36 (KHTML, like Gecko) Chrome/131.0.0.0 Safari/537.36 Edg/131.0.0.0", accept:"application/json", sec-ch-ua:""Microsoft Edge";v="131", "Chromium";v="131", "Not_A Brand";v="24"", sec-ch-ua-mobile:"?0", origin:"http://localhost:8081", sec-fetch-site:"same-origin", sec-fetch-mode:"cors", sec-fetch-dest:"empty", referer:"http://localhost:8081/swagger-ui/index.html", accept-encoding:"gzip, deflate, br, zstd", accept-language:"en-US,en;q=0.9", Content-Type:"multipart/form-data;boundary=----WebKitFormBoundary45TVAY1fFWZlpBLA;charset=UTF-8"]] MDC:[traceId=, spanId=]
2025-01-07 14:58:32 [http-nio-8081-exec-3] WARN  o.s.w.s.m.s.DefaultHandlerExceptionResolver - Resolved [org.springframework.web.HttpMediaTypeNotSupportedException: Content-Type 'application/octet-stream' is not supported] MDC:[traceId=, spanId=]
2025-01-07 14:58:32 [http-nio-8081-exec-3] DEBUG o.s.w.f.CommonsRequestLoggingFilter - DATA REQUEST: POST /category/create, headers=[host:"localhost:8081", connection:"keep-alive", content-length:"51848", sec-ch-ua-platform:""Windows"", user-agent:"Mozilla/5.0 (Windows NT 10.0; Win64; x64) AppleWebKit/537.36 (KHTML, like Gecko) Chrome/131.0.0.0 Safari/537.36 Edg/131.0.0.0", accept:"application/json", sec-ch-ua:""Microsoft Edge";v="131", "Chromium";v="131", "Not_A Brand";v="24"", sec-ch-ua-mobile:"?0", origin:"http://localhost:8081", sec-fetch-site:"same-origin", sec-fetch-mode:"cors", sec-fetch-dest:"empty", referer:"http://localhost:8081/swagger-ui/index.html", accept-encoding:"gzip, deflate, br, zstd", accept-language:"en-US,en;q=0.9", Content-Type:"multipart/form-data;boundary=----WebKitFormBoundary45TVAY1fFWZlpBLA;charset=UTF-8"]] MDC:[traceId=, spanId=]
2025-01-07 15:00:09 [SpringApplicationShutdownHook] INFO  o.s.b.w.e.tomcat.GracefulShutdown - Commencing graceful shutdown. Waiting for active requests to complete MDC:[traceId=, spanId=]
2025-01-07 15:00:10 [tomcat-shutdown] INFO  o.s.b.w.e.tomcat.GracefulShutdown - Graceful shutdown complete MDC:[traceId=, spanId=]
2025-01-07 15:00:10 [SpringApplicationShutdownHook] INFO  o.s.o.j.LocalContainerEntityManagerFactoryBean - Closing JPA EntityManagerFactory for persistence unit 'default' MDC:[traceId=, spanId=]
2025-01-07 15:00:10 [SpringApplicationShutdownHook] INFO  com.zaxxer.hikari.HikariDataSource - HikariPool-1 - Shutdown initiated... MDC:[traceId=, spanId=]
2025-01-07 15:00:10 [SpringApplicationShutdownHook] INFO  com.zaxxer.hikari.HikariDataSource - HikariPool-1 - Shutdown completed. MDC:[traceId=, spanId=]
2025-01-07 15:00:18 [main] INFO  o.v.p.ProductManagementServiceApplication - Starting ProductManagementServiceApplication using Java 17.0.2 with PID 22348 (D:\java\Springboot\HyggeEcommerce\ProductManagementService\target\classes started by PC in D:\java\Springboot\HyggeEcommerce) MDC:[traceId=, spanId=]
2025-01-07 15:00:18 [main] INFO  o.v.p.ProductManagementServiceApplication - No active profile set, falling back to 1 default profile: "default" MDC:[traceId=, spanId=]
2025-01-07 15:00:18 [main] INFO  o.s.c.c.c.ConfigServerConfigDataLoader - Fetching config from server at : http://localhost:8888/ MDC:[traceId=, spanId=]
2025-01-07 15:00:18 [main] INFO  o.s.c.c.c.ConfigServerConfigDataLoader - Located environment: name=product-manage-service, profiles=[default], label=null, version=null, state=null MDC:[traceId=, spanId=]
2025-01-07 15:00:19 [main] INFO  o.s.d.r.c.RepositoryConfigurationDelegate - Multiple Spring Data modules found, entering strict repository configuration mode MDC:[traceId=, spanId=]
2025-01-07 15:00:19 [main] INFO  o.s.d.r.c.RepositoryConfigurationDelegate - Bootstrapping Spring Data JPA repositories in DEFAULT mode. MDC:[traceId=, spanId=]
2025-01-07 15:00:19 [main] INFO  o.s.d.r.c.RepositoryConfigurationDelegate - Finished Spring Data repository scanning in 99 ms. Found 1 JPA repository interface. MDC:[traceId=, spanId=]
2025-01-07 15:00:19 [main] INFO  o.s.d.r.c.RepositoryConfigurationDelegate - Multiple Spring Data modules found, entering strict repository configuration mode MDC:[traceId=, spanId=]
2025-01-07 15:00:19 [main] INFO  o.s.d.r.c.RepositoryConfigurationDelegate - Bootstrapping Spring Data Redis repositories in DEFAULT mode. MDC:[traceId=, spanId=]
2025-01-07 15:00:19 [main] INFO  o.s.d.r.c.RepositoryConfigurationExtensionSupport - Spring Data Redis - Could not safely identify store assignment for repository candidate interface org.vdt.productmanagementservice.repositories.CategoryRepository; If you want this repository to be a Redis repository, consider annotating your entities with one of these annotations: org.springframework.data.redis.core.RedisHash (preferred), or consider extending one of the following types with your repository: org.springframework.data.keyvalue.repository.KeyValueRepository MDC:[traceId=, spanId=]
2025-01-07 15:00:19 [main] INFO  o.s.d.r.c.RepositoryConfigurationDelegate - Finished Spring Data repository scanning in 5 ms. Found 0 Redis repository interfaces. MDC:[traceId=, spanId=]
2025-01-07 15:00:19 [main] INFO  o.s.cloud.context.scope.GenericScope - BeanFactory id=1c3a8de3-0f25-3458-8ea2-b52b63c27ffb MDC:[traceId=, spanId=]
2025-01-07 15:00:19 [main] INFO  o.s.b.w.e.tomcat.TomcatWebServer - Tomcat initialized with port 8081 (http) MDC:[traceId=, spanId=]
2025-01-07 15:00:19 [main] INFO  o.a.coyote.http11.Http11NioProtocol - Initializing ProtocolHandler ["http-nio-8081"] MDC:[traceId=, spanId=]
2025-01-07 15:00:19 [main] INFO  o.a.catalina.core.StandardService - Starting service [Tomcat] MDC:[traceId=, spanId=]
2025-01-07 15:00:19 [main] INFO  o.a.catalina.core.StandardEngine - Starting Servlet engine: [Apache Tomcat/10.1.34] MDC:[traceId=, spanId=]
2025-01-07 15:00:19 [main] INFO  o.a.c.c.C.[Tomcat].[localhost].[/] - Initializing Spring embedded WebApplicationContext MDC:[traceId=, spanId=]
2025-01-07 15:00:19 [main] INFO  o.s.b.w.s.c.ServletWebServerApplicationContext - Root WebApplicationContext: initialization completed in 1558 ms MDC:[traceId=, spanId=]
2025-01-07 15:00:19 [main] DEBUG o.s.w.f.CommonsRequestLoggingFilter - Filter 'requestLoggingFilter' configured for use MDC:[traceId=, spanId=]
2025-01-07 15:00:20 [main] INFO  o.s.o.j.p.SpringPersistenceUnitInfo - No LoadTimeWeaver setup: ignoring JPA class transformer MDC:[traceId=, spanId=]
2025-01-07 15:00:20 [main] INFO  com.zaxxer.hikari.HikariDataSource - HikariPool-1 - Starting... MDC:[traceId=, spanId=]
2025-01-07 15:00:20 [main] INFO  com.zaxxer.hikari.pool.HikariPool - HikariPool-1 - Added connection com.mysql.cj.jdbc.ConnectionImpl@4d1b4fa1 MDC:[traceId=, spanId=]
2025-01-07 15:00:20 [main] INFO  com.zaxxer.hikari.HikariDataSource - HikariPool-1 - Start completed. MDC:[traceId=, spanId=]
2025-01-07 15:00:22 [main] INFO  o.s.o.j.LocalContainerEntityManagerFactoryBean - Initialized JPA EntityManagerFactory for persistence unit 'default' MDC:[traceId=, spanId=]
2025-01-07 15:00:22 [main] WARN  o.s.b.a.o.j.JpaBaseConfiguration$JpaWebConfiguration - spring.jpa.open-in-view is enabled by default. Therefore, database queries may be performed during view rendering. Explicitly configure spring.jpa.open-in-view to disable this warning MDC:[traceId=, spanId=]
2025-01-07 15:00:23 [main] INFO  o.a.coyote.http11.Http11NioProtocol - Starting ProtocolHandler ["http-nio-8081"] MDC:[traceId=, spanId=]
2025-01-07 15:00:23 [main] INFO  o.s.b.w.e.tomcat.TomcatWebServer - Tomcat started on port 8081 (http) with context path '/' MDC:[traceId=, spanId=]
2025-01-07 15:00:23 [main] INFO  o.v.p.ProductManagementServiceApplication - Started ProductManagementServiceApplication in 6.681 seconds (process running for 7.6) MDC:[traceId=, spanId=]
2025-01-07 15:00:24 [http-nio-8081-exec-1] INFO  o.a.c.c.C.[Tomcat].[localhost].[/] - Initializing Spring DispatcherServlet 'dispatcherServlet' MDC:[traceId=, spanId=]
2025-01-07 15:00:24 [http-nio-8081-exec-1] INFO  o.s.web.servlet.DispatcherServlet - Initializing Servlet 'dispatcherServlet' MDC:[traceId=, spanId=]
2025-01-07 15:00:24 [http-nio-8081-exec-1] INFO  o.s.web.servlet.DispatcherServlet - Completed initialization in 1 ms MDC:[traceId=, spanId=]
2025-01-07 15:00:24 [http-nio-8081-exec-1] DEBUG o.s.w.f.CommonsRequestLoggingFilter - Before request [GET /swagger-ui/index.html, headers=[host:"localhost:8081", connection:"keep-alive", cache-control:"max-age=0", sec-ch-ua:""Microsoft Edge";v="131", "Chromium";v="131", "Not_A Brand";v="24"", sec-ch-ua-mobile:"?0", sec-ch-ua-platform:""Windows"", upgrade-insecure-requests:"1", user-agent:"Mozilla/5.0 (Windows NT 10.0; Win64; x64) AppleWebKit/537.36 (KHTML, like Gecko) Chrome/131.0.0.0 Safari/537.36 Edg/131.0.0.0", accept:"text/html,application/xhtml+xml,application/xml;q=0.9,image/avif,image/webp,image/apng,*/*;q=0.8,application/signed-exchange;v=b3;q=0.7", sec-fetch-site:"same-origin", sec-fetch-mode:"navigate", sec-fetch-user:"?1", sec-fetch-dest:"document", accept-encoding:"gzip, deflate, br, zstd", accept-language:"en-US,en;q=0.9", if-modified-since:"Fri, 31 Mar 2023 14:44:14 GMT"]] MDC:[traceId=, spanId=]
2025-01-07 15:00:24 [http-nio-8081-exec-1] DEBUG o.s.w.f.CommonsRequestLoggingFilter - DATA REQUEST: GET /swagger-ui/index.html, headers=[host:"localhost:8081", connection:"keep-alive", cache-control:"max-age=0", sec-ch-ua:""Microsoft Edge";v="131", "Chromium";v="131", "Not_A Brand";v="24"", sec-ch-ua-mobile:"?0", sec-ch-ua-platform:""Windows"", upgrade-insecure-requests:"1", user-agent:"Mozilla/5.0 (Windows NT 10.0; Win64; x64) AppleWebKit/537.36 (KHTML, like Gecko) Chrome/131.0.0.0 Safari/537.36 Edg/131.0.0.0", accept:"text/html,application/xhtml+xml,application/xml;q=0.9,image/avif,image/webp,image/apng,*/*;q=0.8,application/signed-exchange;v=b3;q=0.7", sec-fetch-site:"same-origin", sec-fetch-mode:"navigate", sec-fetch-user:"?1", sec-fetch-dest:"document", accept-encoding:"gzip, deflate, br, zstd", accept-language:"en-US,en;q=0.9", if-modified-since:"Fri, 31 Mar 2023 14:44:14 GMT"]] MDC:[traceId=, spanId=]
2025-01-07 15:00:24 [http-nio-8081-exec-2] DEBUG o.s.w.f.CommonsRequestLoggingFilter - Before request [GET /swagger-ui/swagger-initializer.js, headers=[host:"localhost:8081", connection:"keep-alive", sec-ch-ua-platform:""Windows"", user-agent:"Mozilla/5.0 (Windows NT 10.0; Win64; x64) AppleWebKit/537.36 (KHTML, like Gecko) Chrome/131.0.0.0 Safari/537.36 Edg/131.0.0.0", sec-ch-ua:""Microsoft Edge";v="131", "Chromium";v="131", "Not_A Brand";v="24"", sec-ch-ua-mobile:"?0", accept:"*/*", sec-fetch-site:"same-origin", sec-fetch-mode:"no-cors", sec-fetch-dest:"script", referer:"http://localhost:8081/swagger-ui/index.html", accept-encoding:"gzip, deflate, br, zstd", accept-language:"en-US,en;q=0.9"]] MDC:[traceId=, spanId=]
2025-01-07 15:00:24 [http-nio-8081-exec-2] DEBUG o.s.w.f.CommonsRequestLoggingFilter - DATA REQUEST: GET /swagger-ui/swagger-initializer.js, headers=[host:"localhost:8081", connection:"keep-alive", sec-ch-ua-platform:""Windows"", user-agent:"Mozilla/5.0 (Windows NT 10.0; Win64; x64) AppleWebKit/537.36 (KHTML, like Gecko) Chrome/131.0.0.0 Safari/537.36 Edg/131.0.0.0", sec-ch-ua:""Microsoft Edge";v="131", "Chromium";v="131", "Not_A Brand";v="24"", sec-ch-ua-mobile:"?0", accept:"*/*", sec-fetch-site:"same-origin", sec-fetch-mode:"no-cors", sec-fetch-dest:"script", referer:"http://localhost:8081/swagger-ui/index.html", accept-encoding:"gzip, deflate, br, zstd", accept-language:"en-US,en;q=0.9"]] MDC:[traceId=, spanId=]
2025-01-07 15:00:24 [http-nio-8081-exec-5] DEBUG o.s.w.f.CommonsRequestLoggingFilter - Before request [GET /v3/api-docs/swagger-config, headers=[host:"localhost:8081", connection:"keep-alive", sec-ch-ua-platform:""Windows"", user-agent:"Mozilla/5.0 (Windows NT 10.0; Win64; x64) AppleWebKit/537.36 (KHTML, like Gecko) Chrome/131.0.0.0 Safari/537.36 Edg/131.0.0.0", sec-ch-ua:""Microsoft Edge";v="131", "Chromium";v="131", "Not_A Brand";v="24"", sec-ch-ua-mobile:"?0", accept:"*/*", sec-fetch-site:"same-origin", sec-fetch-mode:"cors", sec-fetch-dest:"empty", referer:"http://localhost:8081/swagger-ui/index.html", accept-encoding:"gzip, deflate, br, zstd", accept-language:"en-US,en;q=0.9"]] MDC:[traceId=, spanId=]
2025-01-07 15:00:24 [http-nio-8081-exec-5] DEBUG o.s.w.f.CommonsRequestLoggingFilter - DATA REQUEST: GET /v3/api-docs/swagger-config, headers=[host:"localhost:8081", connection:"keep-alive", sec-ch-ua-platform:""Windows"", user-agent:"Mozilla/5.0 (Windows NT 10.0; Win64; x64) AppleWebKit/537.36 (KHTML, like Gecko) Chrome/131.0.0.0 Safari/537.36 Edg/131.0.0.0", sec-ch-ua:""Microsoft Edge";v="131", "Chromium";v="131", "Not_A Brand";v="24"", sec-ch-ua-mobile:"?0", accept:"*/*", sec-fetch-site:"same-origin", sec-fetch-mode:"cors", sec-fetch-dest:"empty", referer:"http://localhost:8081/swagger-ui/index.html", accept-encoding:"gzip, deflate, br, zstd", accept-language:"en-US,en;q=0.9"]] MDC:[traceId=, spanId=]
2025-01-07 15:00:24 [http-nio-8081-exec-4] DEBUG o.s.w.f.CommonsRequestLoggingFilter - Before request [GET /v3/api-docs, headers=[host:"localhost:8081", connection:"keep-alive", sec-ch-ua-platform:""Windows"", user-agent:"Mozilla/5.0 (Windows NT 10.0; Win64; x64) AppleWebKit/537.36 (KHTML, like Gecko) Chrome/131.0.0.0 Safari/537.36 Edg/131.0.0.0", accept:"application/json,*/*", sec-ch-ua:""Microsoft Edge";v="131", "Chromium";v="131", "Not_A Brand";v="24"", sec-ch-ua-mobile:"?0", sec-fetch-site:"same-origin", sec-fetch-mode:"cors", sec-fetch-dest:"empty", referer:"http://localhost:8081/swagger-ui/index.html", accept-encoding:"gzip, deflate, br, zstd", accept-language:"en-US,en;q=0.9"]] MDC:[traceId=, spanId=]
2025-01-07 15:00:25 [http-nio-8081-exec-4] INFO  o.s.api.AbstractOpenApiResource - Init duration for springdoc-openapi is: 398 ms MDC:[traceId=, spanId=]
2025-01-07 15:00:25 [http-nio-8081-exec-4] DEBUG o.s.w.f.CommonsRequestLoggingFilter - DATA REQUEST: GET /v3/api-docs, headers=[host:"localhost:8081", connection:"keep-alive", sec-ch-ua-platform:""Windows"", user-agent:"Mozilla/5.0 (Windows NT 10.0; Win64; x64) AppleWebKit/537.36 (KHTML, like Gecko) Chrome/131.0.0.0 Safari/537.36 Edg/131.0.0.0", accept:"application/json,*/*", sec-ch-ua:""Microsoft Edge";v="131", "Chromium";v="131", "Not_A Brand";v="24"", sec-ch-ua-mobile:"?0", sec-fetch-site:"same-origin", sec-fetch-mode:"cors", sec-fetch-dest:"empty", referer:"http://localhost:8081/swagger-ui/index.html", accept-encoding:"gzip, deflate, br, zstd", accept-language:"en-US,en;q=0.9"]] MDC:[traceId=, spanId=]
2025-01-07 15:00:33 [http-nio-8081-exec-7] DEBUG o.s.w.f.CommonsRequestLoggingFilter - Before request [POST /category/create, headers=[host:"localhost:8081", connection:"keep-alive", content-length:"51846", sec-ch-ua-platform:""Windows"", user-agent:"Mozilla/5.0 (Windows NT 10.0; Win64; x64) AppleWebKit/537.36 (KHTML, like Gecko) Chrome/131.0.0.0 Safari/537.36 Edg/131.0.0.0", accept:"application/json", sec-ch-ua:""Microsoft Edge";v="131", "Chromium";v="131", "Not_A Brand";v="24"", sec-ch-ua-mobile:"?0", origin:"http://localhost:8081", sec-fetch-site:"same-origin", sec-fetch-mode:"cors", sec-fetch-dest:"empty", referer:"http://localhost:8081/swagger-ui/index.html", accept-encoding:"gzip, deflate, br, zstd", accept-language:"en-US,en;q=0.9", Content-Type:"multipart/form-data;boundary=----WebKitFormBoundaryfmmc9rwEB0aTCmE7;charset=UTF-8"]] MDC:[traceId=, spanId=]
2025-01-07 15:00:33 [http-nio-8081-exec-7] WARN  o.s.w.s.m.s.DefaultHandlerExceptionResolver - Resolved [org.springframework.web.HttpMediaTypeNotSupportedException: Content-Type 'application/octet-stream' is not supported] MDC:[traceId=, spanId=]
2025-01-07 15:00:33 [http-nio-8081-exec-7] DEBUG o.s.w.f.CommonsRequestLoggingFilter - DATA REQUEST: POST /category/create, headers=[host:"localhost:8081", connection:"keep-alive", content-length:"51846", sec-ch-ua-platform:""Windows"", user-agent:"Mozilla/5.0 (Windows NT 10.0; Win64; x64) AppleWebKit/537.36 (KHTML, like Gecko) Chrome/131.0.0.0 Safari/537.36 Edg/131.0.0.0", accept:"application/json", sec-ch-ua:""Microsoft Edge";v="131", "Chromium";v="131", "Not_A Brand";v="24"", sec-ch-ua-mobile:"?0", origin:"http://localhost:8081", sec-fetch-site:"same-origin", sec-fetch-mode:"cors", sec-fetch-dest:"empty", referer:"http://localhost:8081/swagger-ui/index.html", accept-encoding:"gzip, deflate, br, zstd", accept-language:"en-US,en;q=0.9", Content-Type:"multipart/form-data;boundary=----WebKitFormBoundaryfmmc9rwEB0aTCmE7;charset=UTF-8"]] MDC:[traceId=, spanId=]
2025-01-07 15:00:34 [http-nio-8081-exec-8] DEBUG o.s.w.f.CommonsRequestLoggingFilter - Before request [POST /category/create, headers=[host:"localhost:8081", connection:"keep-alive", content-length:"51846", sec-ch-ua-platform:""Windows"", user-agent:"Mozilla/5.0 (Windows NT 10.0; Win64; x64) AppleWebKit/537.36 (KHTML, like Gecko) Chrome/131.0.0.0 Safari/537.36 Edg/131.0.0.0", accept:"application/json", sec-ch-ua:""Microsoft Edge";v="131", "Chromium";v="131", "Not_A Brand";v="24"", sec-ch-ua-mobile:"?0", origin:"http://localhost:8081", sec-fetch-site:"same-origin", sec-fetch-mode:"cors", sec-fetch-dest:"empty", referer:"http://localhost:8081/swagger-ui/index.html", accept-encoding:"gzip, deflate, br, zstd", accept-language:"en-US,en;q=0.9", Content-Type:"multipart/form-data;boundary=----WebKitFormBoundaryYIVyM6UeSklz2BdF;charset=UTF-8"]] MDC:[traceId=, spanId=]
2025-01-07 15:00:34 [http-nio-8081-exec-8] WARN  o.s.w.s.m.s.DefaultHandlerExceptionResolver - Resolved [org.springframework.web.HttpMediaTypeNotSupportedException: Content-Type 'application/octet-stream' is not supported] MDC:[traceId=, spanId=]
2025-01-07 15:00:34 [http-nio-8081-exec-8] DEBUG o.s.w.f.CommonsRequestLoggingFilter - DATA REQUEST: POST /category/create, headers=[host:"localhost:8081", connection:"keep-alive", content-length:"51846", sec-ch-ua-platform:""Windows"", user-agent:"Mozilla/5.0 (Windows NT 10.0; Win64; x64) AppleWebKit/537.36 (KHTML, like Gecko) Chrome/131.0.0.0 Safari/537.36 Edg/131.0.0.0", accept:"application/json", sec-ch-ua:""Microsoft Edge";v="131", "Chromium";v="131", "Not_A Brand";v="24"", sec-ch-ua-mobile:"?0", origin:"http://localhost:8081", sec-fetch-site:"same-origin", sec-fetch-mode:"cors", sec-fetch-dest:"empty", referer:"http://localhost:8081/swagger-ui/index.html", accept-encoding:"gzip, deflate, br, zstd", accept-language:"en-US,en;q=0.9", Content-Type:"multipart/form-data;boundary=----WebKitFormBoundaryYIVyM6UeSklz2BdF;charset=UTF-8"]] MDC:[traceId=, spanId=]
2025-01-07 15:01:05 [SpringApplicationShutdownHook] INFO  o.s.b.w.e.tomcat.GracefulShutdown - Commencing graceful shutdown. Waiting for active requests to complete MDC:[traceId=, spanId=]
2025-01-07 15:01:05 [tomcat-shutdown] INFO  o.s.b.w.e.tomcat.GracefulShutdown - Graceful shutdown complete MDC:[traceId=, spanId=]
2025-01-07 15:01:05 [SpringApplicationShutdownHook] INFO  o.s.o.j.LocalContainerEntityManagerFactoryBean - Closing JPA EntityManagerFactory for persistence unit 'default' MDC:[traceId=, spanId=]
2025-01-07 15:01:05 [SpringApplicationShutdownHook] INFO  com.zaxxer.hikari.HikariDataSource - HikariPool-1 - Shutdown initiated... MDC:[traceId=, spanId=]
2025-01-07 15:01:05 [SpringApplicationShutdownHook] INFO  com.zaxxer.hikari.HikariDataSource - HikariPool-1 - Shutdown completed. MDC:[traceId=, spanId=]
2025-01-07 15:01:11 [main] INFO  o.v.p.ProductManagementServiceApplication - Starting ProductManagementServiceApplication using Java 17.0.2 with PID 3152 (D:\java\Springboot\HyggeEcommerce\ProductManagementService\target\classes started by PC in D:\java\Springboot\HyggeEcommerce) MDC:[traceId=, spanId=]
2025-01-07 15:01:11 [main] INFO  o.v.p.ProductManagementServiceApplication - No active profile set, falling back to 1 default profile: "default" MDC:[traceId=, spanId=]
2025-01-07 15:01:11 [main] INFO  o.s.c.c.c.ConfigServerConfigDataLoader - Fetching config from server at : http://localhost:8888/ MDC:[traceId=, spanId=]
2025-01-07 15:01:11 [main] INFO  o.s.c.c.c.ConfigServerConfigDataLoader - Located environment: name=product-manage-service, profiles=[default], label=null, version=null, state=null MDC:[traceId=, spanId=]
2025-01-07 15:01:11 [main] INFO  o.s.d.r.c.RepositoryConfigurationDelegate - Multiple Spring Data modules found, entering strict repository configuration mode MDC:[traceId=, spanId=]
2025-01-07 15:01:11 [main] INFO  o.s.d.r.c.RepositoryConfigurationDelegate - Bootstrapping Spring Data JPA repositories in DEFAULT mode. MDC:[traceId=, spanId=]
2025-01-07 15:01:11 [main] INFO  o.s.d.r.c.RepositoryConfigurationDelegate - Finished Spring Data repository scanning in 92 ms. Found 1 JPA repository interface. MDC:[traceId=, spanId=]
2025-01-07 15:01:11 [main] INFO  o.s.d.r.c.RepositoryConfigurationDelegate - Multiple Spring Data modules found, entering strict repository configuration mode MDC:[traceId=, spanId=]
2025-01-07 15:01:11 [main] INFO  o.s.d.r.c.RepositoryConfigurationDelegate - Bootstrapping Spring Data Redis repositories in DEFAULT mode. MDC:[traceId=, spanId=]
2025-01-07 15:01:11 [main] INFO  o.s.d.r.c.RepositoryConfigurationExtensionSupport - Spring Data Redis - Could not safely identify store assignment for repository candidate interface org.vdt.productmanagementservice.repositories.CategoryRepository; If you want this repository to be a Redis repository, consider annotating your entities with one of these annotations: org.springframework.data.redis.core.RedisHash (preferred), or consider extending one of the following types with your repository: org.springframework.data.keyvalue.repository.KeyValueRepository MDC:[traceId=, spanId=]
2025-01-07 15:01:11 [main] INFO  o.s.d.r.c.RepositoryConfigurationDelegate - Finished Spring Data repository scanning in 5 ms. Found 0 Redis repository interfaces. MDC:[traceId=, spanId=]
2025-01-07 15:01:11 [main] INFO  o.s.cloud.context.scope.GenericScope - BeanFactory id=1c3a8de3-0f25-3458-8ea2-b52b63c27ffb MDC:[traceId=, spanId=]
2025-01-07 15:01:12 [main] INFO  o.s.b.w.e.tomcat.TomcatWebServer - Tomcat initialized with port 8081 (http) MDC:[traceId=, spanId=]
2025-01-07 15:01:12 [main] INFO  o.a.coyote.http11.Http11NioProtocol - Initializing ProtocolHandler ["http-nio-8081"] MDC:[traceId=, spanId=]
2025-01-07 15:01:12 [main] INFO  o.a.catalina.core.StandardService - Starting service [Tomcat] MDC:[traceId=, spanId=]
2025-01-07 15:01:12 [main] INFO  o.a.catalina.core.StandardEngine - Starting Servlet engine: [Apache Tomcat/10.1.34] MDC:[traceId=, spanId=]
2025-01-07 15:01:12 [main] INFO  o.a.c.c.C.[Tomcat].[localhost].[/] - Initializing Spring embedded WebApplicationContext MDC:[traceId=, spanId=]
2025-01-07 15:01:12 [main] INFO  o.s.b.w.s.c.ServletWebServerApplicationContext - Root WebApplicationContext: initialization completed in 1354 ms MDC:[traceId=, spanId=]
2025-01-07 15:01:12 [main] DEBUG o.s.w.f.CommonsRequestLoggingFilter - Filter 'requestLoggingFilter' configured for use MDC:[traceId=, spanId=]
2025-01-07 15:01:12 [main] INFO  o.s.o.j.p.SpringPersistenceUnitInfo - No LoadTimeWeaver setup: ignoring JPA class transformer MDC:[traceId=, spanId=]
2025-01-07 15:01:12 [main] INFO  com.zaxxer.hikari.HikariDataSource - HikariPool-1 - Starting... MDC:[traceId=, spanId=]
2025-01-07 15:01:13 [main] INFO  com.zaxxer.hikari.pool.HikariPool - HikariPool-1 - Added connection com.mysql.cj.jdbc.ConnectionImpl@4feaa4b8 MDC:[traceId=, spanId=]
2025-01-07 15:01:13 [main] INFO  com.zaxxer.hikari.HikariDataSource - HikariPool-1 - Start completed. MDC:[traceId=, spanId=]
2025-01-07 15:01:14 [main] INFO  o.s.o.j.LocalContainerEntityManagerFactoryBean - Initialized JPA EntityManagerFactory for persistence unit 'default' MDC:[traceId=, spanId=]
2025-01-07 15:01:14 [main] WARN  o.s.b.a.o.j.JpaBaseConfiguration$JpaWebConfiguration - spring.jpa.open-in-view is enabled by default. Therefore, database queries may be performed during view rendering. Explicitly configure spring.jpa.open-in-view to disable this warning MDC:[traceId=, spanId=]
2025-01-07 15:01:15 [main] INFO  o.a.coyote.http11.Http11NioProtocol - Starting ProtocolHandler ["http-nio-8081"] MDC:[traceId=, spanId=]
2025-01-07 15:01:15 [main] WARN  o.s.b.w.s.c.AnnotationConfigServletWebServerApplicationContext - Exception encountered during context initialization - cancelling refresh attempt: org.springframework.context.ApplicationContextException: Failed to start bean 'webServerStartStop' MDC:[traceId=, spanId=]
2025-01-07 15:01:15 [main] INFO  o.s.o.j.LocalContainerEntityManagerFactoryBean - Closing JPA EntityManagerFactory for persistence unit 'default' MDC:[traceId=, spanId=]
2025-01-07 15:01:15 [main] INFO  com.zaxxer.hikari.HikariDataSource - HikariPool-1 - Shutdown initiated... MDC:[traceId=, spanId=]
2025-01-07 15:01:15 [main] INFO  com.zaxxer.hikari.HikariDataSource - HikariPool-1 - Shutdown completed. MDC:[traceId=, spanId=]
2025-01-07 15:01:15 [main] INFO  o.s.b.a.l.ConditionEvaluationReportLogger - 

Error starting ApplicationContext. To display the condition evaluation report re-run your application with 'debug' enabled. MDC:[traceId=, spanId=]
2025-01-07 15:01:15 [main] ERROR o.s.b.d.LoggingFailureAnalysisReporter - 

***************************
APPLICATION FAILED TO START
***************************

Description:

Web server failed to start. Port 8081 was already in use.

Action:

Identify and stop the process that's listening on port 8081 or configure this application to listen on another port.
 MDC:[traceId=, spanId=]
2025-01-07 15:01:22 [main] INFO  o.v.p.ProductManagementServiceApplication - Starting ProductManagementServiceApplication using Java 17.0.2 with PID 29768 (D:\java\Springboot\HyggeEcommerce\ProductManagementService\target\classes started by PC in D:\java\Springboot\HyggeEcommerce) MDC:[traceId=, spanId=]
2025-01-07 15:01:22 [main] INFO  o.v.p.ProductManagementServiceApplication - No active profile set, falling back to 1 default profile: "default" MDC:[traceId=, spanId=]
2025-01-07 15:01:22 [main] INFO  o.s.c.c.c.ConfigServerConfigDataLoader - Fetching config from server at : http://localhost:8888/ MDC:[traceId=, spanId=]
2025-01-07 15:01:22 [main] INFO  o.s.c.c.c.ConfigServerConfigDataLoader - Located environment: name=product-manage-service, profiles=[default], label=null, version=null, state=null MDC:[traceId=, spanId=]
2025-01-07 15:01:23 [main] INFO  o.s.d.r.c.RepositoryConfigurationDelegate - Multiple Spring Data modules found, entering strict repository configuration mode MDC:[traceId=, spanId=]
2025-01-07 15:01:23 [main] INFO  o.s.d.r.c.RepositoryConfigurationDelegate - Bootstrapping Spring Data JPA repositories in DEFAULT mode. MDC:[traceId=, spanId=]
2025-01-07 15:01:23 [main] INFO  o.s.d.r.c.RepositoryConfigurationDelegate - Finished Spring Data repository scanning in 90 ms. Found 1 JPA repository interface. MDC:[traceId=, spanId=]
2025-01-07 15:01:23 [main] INFO  o.s.d.r.c.RepositoryConfigurationDelegate - Multiple Spring Data modules found, entering strict repository configuration mode MDC:[traceId=, spanId=]
2025-01-07 15:01:23 [main] INFO  o.s.d.r.c.RepositoryConfigurationDelegate - Bootstrapping Spring Data Redis repositories in DEFAULT mode. MDC:[traceId=, spanId=]
2025-01-07 15:01:23 [main] INFO  o.s.d.r.c.RepositoryConfigurationExtensionSupport - Spring Data Redis - Could not safely identify store assignment for repository candidate interface org.vdt.productmanagementservice.repositories.CategoryRepository; If you want this repository to be a Redis repository, consider annotating your entities with one of these annotations: org.springframework.data.redis.core.RedisHash (preferred), or consider extending one of the following types with your repository: org.springframework.data.keyvalue.repository.KeyValueRepository MDC:[traceId=, spanId=]
2025-01-07 15:01:23 [main] INFO  o.s.d.r.c.RepositoryConfigurationDelegate - Finished Spring Data repository scanning in 4 ms. Found 0 Redis repository interfaces. MDC:[traceId=, spanId=]
2025-01-07 15:01:23 [main] INFO  o.s.cloud.context.scope.GenericScope - BeanFactory id=1c3a8de3-0f25-3458-8ea2-b52b63c27ffb MDC:[traceId=, spanId=]
2025-01-07 15:01:23 [main] INFO  o.s.b.w.e.tomcat.TomcatWebServer - Tomcat initialized with port 8081 (http) MDC:[traceId=, spanId=]
2025-01-07 15:01:23 [main] INFO  o.a.coyote.http11.Http11NioProtocol - Initializing ProtocolHandler ["http-nio-8081"] MDC:[traceId=, spanId=]
2025-01-07 15:01:23 [main] INFO  o.a.catalina.core.StandardService - Starting service [Tomcat] MDC:[traceId=, spanId=]
2025-01-07 15:01:23 [main] INFO  o.a.catalina.core.StandardEngine - Starting Servlet engine: [Apache Tomcat/10.1.34] MDC:[traceId=, spanId=]
2025-01-07 15:01:23 [main] INFO  o.a.c.c.C.[Tomcat].[localhost].[/] - Initializing Spring embedded WebApplicationContext MDC:[traceId=, spanId=]
2025-01-07 15:01:23 [main] INFO  o.s.b.w.s.c.ServletWebServerApplicationContext - Root WebApplicationContext: initialization completed in 1363 ms MDC:[traceId=, spanId=]
2025-01-07 15:01:23 [main] DEBUG o.s.w.f.CommonsRequestLoggingFilter - Filter 'requestLoggingFilter' configured for use MDC:[traceId=, spanId=]
2025-01-07 15:01:24 [main] INFO  o.s.o.j.p.SpringPersistenceUnitInfo - No LoadTimeWeaver setup: ignoring JPA class transformer MDC:[traceId=, spanId=]
2025-01-07 15:01:24 [main] INFO  com.zaxxer.hikari.HikariDataSource - HikariPool-1 - Starting... MDC:[traceId=, spanId=]
2025-01-07 15:01:24 [main] INFO  com.zaxxer.hikari.pool.HikariPool - HikariPool-1 - Added connection com.mysql.cj.jdbc.ConnectionImpl@70f3bf00 MDC:[traceId=, spanId=]
2025-01-07 15:01:24 [main] INFO  com.zaxxer.hikari.HikariDataSource - HikariPool-1 - Start completed. MDC:[traceId=, spanId=]
2025-01-07 15:01:25 [main] INFO  o.s.o.j.LocalContainerEntityManagerFactoryBean - Initialized JPA EntityManagerFactory for persistence unit 'default' MDC:[traceId=, spanId=]
2025-01-07 15:01:26 [main] WARN  o.s.b.a.o.j.JpaBaseConfiguration$JpaWebConfiguration - spring.jpa.open-in-view is enabled by default. Therefore, database queries may be performed during view rendering. Explicitly configure spring.jpa.open-in-view to disable this warning MDC:[traceId=, spanId=]
2025-01-07 15:01:26 [main] INFO  o.a.coyote.http11.Http11NioProtocol - Starting ProtocolHandler ["http-nio-8081"] MDC:[traceId=, spanId=]
2025-01-07 15:01:27 [main] INFO  o.s.b.w.e.tomcat.TomcatWebServer - Tomcat started on port 8081 (http) with context path '/' MDC:[traceId=, spanId=]
2025-01-07 15:01:27 [main] INFO  o.v.p.ProductManagementServiceApplication - Started ProductManagementServiceApplication in 5.764 seconds (process running for 6.524) MDC:[traceId=, spanId=]
2025-01-07 15:01:30 [http-nio-8081-exec-1] INFO  o.a.c.c.C.[Tomcat].[localhost].[/] - Initializing Spring DispatcherServlet 'dispatcherServlet' MDC:[traceId=, spanId=]
2025-01-07 15:01:30 [http-nio-8081-exec-1] INFO  o.s.web.servlet.DispatcherServlet - Initializing Servlet 'dispatcherServlet' MDC:[traceId=, spanId=]
2025-01-07 15:01:30 [http-nio-8081-exec-1] INFO  o.s.web.servlet.DispatcherServlet - Completed initialization in 1 ms MDC:[traceId=, spanId=]
2025-01-07 15:01:30 [http-nio-8081-exec-1] DEBUG o.s.w.f.CommonsRequestLoggingFilter - Before request [GET /swagger-ui/index.html, headers=[host:"localhost:8081", connection:"keep-alive", cache-control:"max-age=0", sec-ch-ua:""Microsoft Edge";v="131", "Chromium";v="131", "Not_A Brand";v="24"", sec-ch-ua-mobile:"?0", sec-ch-ua-platform:""Windows"", upgrade-insecure-requests:"1", user-agent:"Mozilla/5.0 (Windows NT 10.0; Win64; x64) AppleWebKit/537.36 (KHTML, like Gecko) Chrome/131.0.0.0 Safari/537.36 Edg/131.0.0.0", accept:"text/html,application/xhtml+xml,application/xml;q=0.9,image/avif,image/webp,image/apng,*/*;q=0.8,application/signed-exchange;v=b3;q=0.7", sec-fetch-site:"same-origin", sec-fetch-mode:"navigate", sec-fetch-user:"?1", sec-fetch-dest:"document", accept-encoding:"gzip, deflate, br, zstd", accept-language:"en-US,en;q=0.9", if-modified-since:"Fri, 31 Mar 2023 14:44:14 GMT"]] MDC:[traceId=, spanId=]
2025-01-07 15:01:30 [http-nio-8081-exec-1] DEBUG o.s.w.f.CommonsRequestLoggingFilter - DATA REQUEST: GET /swagger-ui/index.html, headers=[host:"localhost:8081", connection:"keep-alive", cache-control:"max-age=0", sec-ch-ua:""Microsoft Edge";v="131", "Chromium";v="131", "Not_A Brand";v="24"", sec-ch-ua-mobile:"?0", sec-ch-ua-platform:""Windows"", upgrade-insecure-requests:"1", user-agent:"Mozilla/5.0 (Windows NT 10.0; Win64; x64) AppleWebKit/537.36 (KHTML, like Gecko) Chrome/131.0.0.0 Safari/537.36 Edg/131.0.0.0", accept:"text/html,application/xhtml+xml,application/xml;q=0.9,image/avif,image/webp,image/apng,*/*;q=0.8,application/signed-exchange;v=b3;q=0.7", sec-fetch-site:"same-origin", sec-fetch-mode:"navigate", sec-fetch-user:"?1", sec-fetch-dest:"document", accept-encoding:"gzip, deflate, br, zstd", accept-language:"en-US,en;q=0.9", if-modified-since:"Fri, 31 Mar 2023 14:44:14 GMT"]] MDC:[traceId=, spanId=]
2025-01-07 15:01:30 [http-nio-8081-exec-2] DEBUG o.s.w.f.CommonsRequestLoggingFilter - Before request [GET /swagger-ui/swagger-initializer.js, headers=[host:"localhost:8081", connection:"keep-alive", sec-ch-ua-platform:""Windows"", user-agent:"Mozilla/5.0 (Windows NT 10.0; Win64; x64) AppleWebKit/537.36 (KHTML, like Gecko) Chrome/131.0.0.0 Safari/537.36 Edg/131.0.0.0", sec-ch-ua:""Microsoft Edge";v="131", "Chromium";v="131", "Not_A Brand";v="24"", sec-ch-ua-mobile:"?0", accept:"*/*", sec-fetch-site:"same-origin", sec-fetch-mode:"no-cors", sec-fetch-dest:"script", referer:"http://localhost:8081/swagger-ui/index.html", accept-encoding:"gzip, deflate, br, zstd", accept-language:"en-US,en;q=0.9"]] MDC:[traceId=, spanId=]
2025-01-07 15:01:30 [http-nio-8081-exec-2] DEBUG o.s.w.f.CommonsRequestLoggingFilter - DATA REQUEST: GET /swagger-ui/swagger-initializer.js, headers=[host:"localhost:8081", connection:"keep-alive", sec-ch-ua-platform:""Windows"", user-agent:"Mozilla/5.0 (Windows NT 10.0; Win64; x64) AppleWebKit/537.36 (KHTML, like Gecko) Chrome/131.0.0.0 Safari/537.36 Edg/131.0.0.0", sec-ch-ua:""Microsoft Edge";v="131", "Chromium";v="131", "Not_A Brand";v="24"", sec-ch-ua-mobile:"?0", accept:"*/*", sec-fetch-site:"same-origin", sec-fetch-mode:"no-cors", sec-fetch-dest:"script", referer:"http://localhost:8081/swagger-ui/index.html", accept-encoding:"gzip, deflate, br, zstd", accept-language:"en-US,en;q=0.9"]] MDC:[traceId=, spanId=]
2025-01-07 15:01:31 [http-nio-8081-exec-3] DEBUG o.s.w.f.CommonsRequestLoggingFilter - Before request [GET /v3/api-docs/swagger-config, headers=[host:"localhost:8081", connection:"keep-alive", sec-ch-ua-platform:""Windows"", user-agent:"Mozilla/5.0 (Windows NT 10.0; Win64; x64) AppleWebKit/537.36 (KHTML, like Gecko) Chrome/131.0.0.0 Safari/537.36 Edg/131.0.0.0", sec-ch-ua:""Microsoft Edge";v="131", "Chromium";v="131", "Not_A Brand";v="24"", sec-ch-ua-mobile:"?0", accept:"*/*", sec-fetch-site:"same-origin", sec-fetch-mode:"cors", sec-fetch-dest:"empty", referer:"http://localhost:8081/swagger-ui/index.html", accept-encoding:"gzip, deflate, br, zstd", accept-language:"en-US,en;q=0.9"]] MDC:[traceId=, spanId=]
2025-01-07 15:01:31 [http-nio-8081-exec-3] DEBUG o.s.w.f.CommonsRequestLoggingFilter - DATA REQUEST: GET /v3/api-docs/swagger-config, headers=[host:"localhost:8081", connection:"keep-alive", sec-ch-ua-platform:""Windows"", user-agent:"Mozilla/5.0 (Windows NT 10.0; Win64; x64) AppleWebKit/537.36 (KHTML, like Gecko) Chrome/131.0.0.0 Safari/537.36 Edg/131.0.0.0", sec-ch-ua:""Microsoft Edge";v="131", "Chromium";v="131", "Not_A Brand";v="24"", sec-ch-ua-mobile:"?0", accept:"*/*", sec-fetch-site:"same-origin", sec-fetch-mode:"cors", sec-fetch-dest:"empty", referer:"http://localhost:8081/swagger-ui/index.html", accept-encoding:"gzip, deflate, br, zstd", accept-language:"en-US,en;q=0.9"]] MDC:[traceId=, spanId=]
2025-01-07 15:01:31 [http-nio-8081-exec-4] DEBUG o.s.w.f.CommonsRequestLoggingFilter - Before request [GET /v3/api-docs, headers=[host:"localhost:8081", connection:"keep-alive", sec-ch-ua-platform:""Windows"", user-agent:"Mozilla/5.0 (Windows NT 10.0; Win64; x64) AppleWebKit/537.36 (KHTML, like Gecko) Chrome/131.0.0.0 Safari/537.36 Edg/131.0.0.0", accept:"application/json,*/*", sec-ch-ua:""Microsoft Edge";v="131", "Chromium";v="131", "Not_A Brand";v="24"", sec-ch-ua-mobile:"?0", sec-fetch-site:"same-origin", sec-fetch-mode:"cors", sec-fetch-dest:"empty", referer:"http://localhost:8081/swagger-ui/index.html", accept-encoding:"gzip, deflate, br, zstd", accept-language:"en-US,en;q=0.9"]] MDC:[traceId=, spanId=]
2025-01-07 15:01:31 [http-nio-8081-exec-4] INFO  o.s.api.AbstractOpenApiResource - Init duration for springdoc-openapi is: 240 ms MDC:[traceId=, spanId=]
2025-01-07 15:01:31 [http-nio-8081-exec-4] DEBUG o.s.w.f.CommonsRequestLoggingFilter - DATA REQUEST: GET /v3/api-docs, headers=[host:"localhost:8081", connection:"keep-alive", sec-ch-ua-platform:""Windows"", user-agent:"Mozilla/5.0 (Windows NT 10.0; Win64; x64) AppleWebKit/537.36 (KHTML, like Gecko) Chrome/131.0.0.0 Safari/537.36 Edg/131.0.0.0", accept:"application/json,*/*", sec-ch-ua:""Microsoft Edge";v="131", "Chromium";v="131", "Not_A Brand";v="24"", sec-ch-ua-mobile:"?0", sec-fetch-site:"same-origin", sec-fetch-mode:"cors", sec-fetch-dest:"empty", referer:"http://localhost:8081/swagger-ui/index.html", accept-encoding:"gzip, deflate, br, zstd", accept-language:"en-US,en;q=0.9"]] MDC:[traceId=, spanId=]
2025-01-07 15:01:41 [http-nio-8081-exec-5] DEBUG o.s.w.f.CommonsRequestLoggingFilter - Before request [POST /category/create, headers=[host:"localhost:8081", connection:"keep-alive", content-length:"145823", sec-ch-ua-platform:""Windows"", user-agent:"Mozilla/5.0 (Windows NT 10.0; Win64; x64) AppleWebKit/537.36 (KHTML, like Gecko) Chrome/131.0.0.0 Safari/537.36 Edg/131.0.0.0", accept:"application/json", sec-ch-ua:""Microsoft Edge";v="131", "Chromium";v="131", "Not_A Brand";v="24"", sec-ch-ua-mobile:"?0", origin:"http://localhost:8081", sec-fetch-site:"same-origin", sec-fetch-mode:"cors", sec-fetch-dest:"empty", referer:"http://localhost:8081/swagger-ui/index.html", accept-encoding:"gzip, deflate, br, zstd", accept-language:"en-US,en;q=0.9", Content-Type:"multipart/form-data;boundary=----WebKitFormBoundaryPoeaYkZg60UF1dko;charset=UTF-8"]] MDC:[traceId=, spanId=]
2025-01-07 15:01:41 [http-nio-8081-exec-5] WARN  o.s.w.s.m.s.DefaultHandlerExceptionResolver - Resolved [org.springframework.web.HttpMediaTypeNotSupportedException: Content-Type 'application/octet-stream' is not supported] MDC:[traceId=, spanId=]
2025-01-07 15:01:41 [http-nio-8081-exec-5] DEBUG o.s.w.f.CommonsRequestLoggingFilter - DATA REQUEST: POST /category/create, headers=[host:"localhost:8081", connection:"keep-alive", content-length:"145823", sec-ch-ua-platform:""Windows"", user-agent:"Mozilla/5.0 (Windows NT 10.0; Win64; x64) AppleWebKit/537.36 (KHTML, like Gecko) Chrome/131.0.0.0 Safari/537.36 Edg/131.0.0.0", accept:"application/json", sec-ch-ua:""Microsoft Edge";v="131", "Chromium";v="131", "Not_A Brand";v="24"", sec-ch-ua-mobile:"?0", origin:"http://localhost:8081", sec-fetch-site:"same-origin", sec-fetch-mode:"cors", sec-fetch-dest:"empty", referer:"http://localhost:8081/swagger-ui/index.html", accept-encoding:"gzip, deflate, br, zstd", accept-language:"en-US,en;q=0.9", Content-Type:"multipart/form-data;boundary=----WebKitFormBoundaryPoeaYkZg60UF1dko;charset=UTF-8"]] MDC:[traceId=, spanId=]
2025-01-07 15:01:43 [http-nio-8081-exec-7] DEBUG o.s.w.f.CommonsRequestLoggingFilter - Before request [POST /category/create, headers=[host:"localhost:8081", connection:"keep-alive", content-length:"145823", sec-ch-ua-platform:""Windows"", user-agent:"Mozilla/5.0 (Windows NT 10.0; Win64; x64) AppleWebKit/537.36 (KHTML, like Gecko) Chrome/131.0.0.0 Safari/537.36 Edg/131.0.0.0", accept:"application/json", sec-ch-ua:""Microsoft Edge";v="131", "Chromium";v="131", "Not_A Brand";v="24"", sec-ch-ua-mobile:"?0", origin:"http://localhost:8081", sec-fetch-site:"same-origin", sec-fetch-mode:"cors", sec-fetch-dest:"empty", referer:"http://localhost:8081/swagger-ui/index.html", accept-encoding:"gzip, deflate, br, zstd", accept-language:"en-US,en;q=0.9", Content-Type:"multipart/form-data;boundary=----WebKitFormBoundarycBGLfBp3GtCoNtwm;charset=UTF-8"]] MDC:[traceId=, spanId=]
2025-01-07 15:01:43 [http-nio-8081-exec-7] WARN  o.s.w.s.m.s.DefaultHandlerExceptionResolver - Resolved [org.springframework.web.HttpMediaTypeNotSupportedException: Content-Type 'application/octet-stream' is not supported] MDC:[traceId=, spanId=]
2025-01-07 15:01:43 [http-nio-8081-exec-7] DEBUG o.s.w.f.CommonsRequestLoggingFilter - DATA REQUEST: POST /category/create, headers=[host:"localhost:8081", connection:"keep-alive", content-length:"145823", sec-ch-ua-platform:""Windows"", user-agent:"Mozilla/5.0 (Windows NT 10.0; Win64; x64) AppleWebKit/537.36 (KHTML, like Gecko) Chrome/131.0.0.0 Safari/537.36 Edg/131.0.0.0", accept:"application/json", sec-ch-ua:""Microsoft Edge";v="131", "Chromium";v="131", "Not_A Brand";v="24"", sec-ch-ua-mobile:"?0", origin:"http://localhost:8081", sec-fetch-site:"same-origin", sec-fetch-mode:"cors", sec-fetch-dest:"empty", referer:"http://localhost:8081/swagger-ui/index.html", accept-encoding:"gzip, deflate, br, zstd", accept-language:"en-US,en;q=0.9", Content-Type:"multipart/form-data;boundary=----WebKitFormBoundarycBGLfBp3GtCoNtwm;charset=UTF-8"]] MDC:[traceId=, spanId=]
2025-01-07 15:03:55 [SpringApplicationShutdownHook] INFO  o.s.b.w.e.tomcat.GracefulShutdown - Commencing graceful shutdown. Waiting for active requests to complete MDC:[traceId=, spanId=]
2025-01-07 15:03:55 [tomcat-shutdown] INFO  o.s.b.w.e.tomcat.GracefulShutdown - Graceful shutdown complete MDC:[traceId=, spanId=]
2025-01-07 15:03:56 [SpringApplicationShutdownHook] INFO  o.s.o.j.LocalContainerEntityManagerFactoryBean - Closing JPA EntityManagerFactory for persistence unit 'default' MDC:[traceId=, spanId=]
2025-01-07 15:03:56 [SpringApplicationShutdownHook] INFO  com.zaxxer.hikari.HikariDataSource - HikariPool-1 - Shutdown initiated... MDC:[traceId=, spanId=]
2025-01-07 15:03:56 [SpringApplicationShutdownHook] INFO  com.zaxxer.hikari.HikariDataSource - HikariPool-1 - Shutdown completed. MDC:[traceId=, spanId=]
2025-01-07 15:04:00 [main] INFO  o.v.p.ProductManagementServiceApplication - Starting ProductManagementServiceApplication using Java 17.0.2 with PID 24512 (D:\java\Springboot\HyggeEcommerce\ProductManagementService\target\classes started by PC in D:\java\Springboot\HyggeEcommerce) MDC:[traceId=, spanId=]
2025-01-07 15:04:00 [main] INFO  o.v.p.ProductManagementServiceApplication - No active profile set, falling back to 1 default profile: "default" MDC:[traceId=, spanId=]
2025-01-07 15:04:00 [main] INFO  o.s.c.c.c.ConfigServerConfigDataLoader - Fetching config from server at : http://localhost:8888/ MDC:[traceId=, spanId=]
2025-01-07 15:04:00 [main] INFO  o.s.c.c.c.ConfigServerConfigDataLoader - Located environment: name=product-manage-service, profiles=[default], label=null, version=null, state=null MDC:[traceId=, spanId=]
2025-01-07 15:04:01 [main] INFO  o.s.d.r.c.RepositoryConfigurationDelegate - Multiple Spring Data modules found, entering strict repository configuration mode MDC:[traceId=, spanId=]
2025-01-07 15:04:01 [main] INFO  o.s.d.r.c.RepositoryConfigurationDelegate - Bootstrapping Spring Data JPA repositories in DEFAULT mode. MDC:[traceId=, spanId=]
2025-01-07 15:04:01 [main] INFO  o.s.d.r.c.RepositoryConfigurationDelegate - Finished Spring Data repository scanning in 102 ms. Found 1 JPA repository interface. MDC:[traceId=, spanId=]
2025-01-07 15:04:01 [main] INFO  o.s.d.r.c.RepositoryConfigurationDelegate - Multiple Spring Data modules found, entering strict repository configuration mode MDC:[traceId=, spanId=]
2025-01-07 15:04:01 [main] INFO  o.s.d.r.c.RepositoryConfigurationDelegate - Bootstrapping Spring Data Redis repositories in DEFAULT mode. MDC:[traceId=, spanId=]
2025-01-07 15:04:01 [main] INFO  o.s.d.r.c.RepositoryConfigurationExtensionSupport - Spring Data Redis - Could not safely identify store assignment for repository candidate interface org.vdt.productmanagementservice.repositories.CategoryRepository; If you want this repository to be a Redis repository, consider annotating your entities with one of these annotations: org.springframework.data.redis.core.RedisHash (preferred), or consider extending one of the following types with your repository: org.springframework.data.keyvalue.repository.KeyValueRepository MDC:[traceId=, spanId=]
2025-01-07 15:04:01 [main] INFO  o.s.d.r.c.RepositoryConfigurationDelegate - Finished Spring Data repository scanning in 5 ms. Found 0 Redis repository interfaces. MDC:[traceId=, spanId=]
2025-01-07 15:04:01 [main] INFO  o.s.cloud.context.scope.GenericScope - BeanFactory id=1c3a8de3-0f25-3458-8ea2-b52b63c27ffb MDC:[traceId=, spanId=]
2025-01-07 15:04:02 [main] INFO  o.s.b.w.e.tomcat.TomcatWebServer - Tomcat initialized with port 8081 (http) MDC:[traceId=, spanId=]
2025-01-07 15:04:02 [main] INFO  o.a.coyote.http11.Http11NioProtocol - Initializing ProtocolHandler ["http-nio-8081"] MDC:[traceId=, spanId=]
2025-01-07 15:04:02 [main] INFO  o.a.catalina.core.StandardService - Starting service [Tomcat] MDC:[traceId=, spanId=]
2025-01-07 15:04:02 [main] INFO  o.a.catalina.core.StandardEngine - Starting Servlet engine: [Apache Tomcat/10.1.34] MDC:[traceId=, spanId=]
2025-01-07 15:04:02 [main] INFO  o.a.c.c.C.[Tomcat].[localhost].[/] - Initializing Spring embedded WebApplicationContext MDC:[traceId=, spanId=]
2025-01-07 15:04:02 [main] INFO  o.s.b.w.s.c.ServletWebServerApplicationContext - Root WebApplicationContext: initialization completed in 1385 ms MDC:[traceId=, spanId=]
2025-01-07 15:04:02 [main] DEBUG o.s.w.f.CommonsRequestLoggingFilter - Filter 'requestLoggingFilter' configured for use MDC:[traceId=, spanId=]
2025-01-07 15:04:02 [main] INFO  o.s.o.j.p.SpringPersistenceUnitInfo - No LoadTimeWeaver setup: ignoring JPA class transformer MDC:[traceId=, spanId=]
2025-01-07 15:04:02 [main] INFO  com.zaxxer.hikari.HikariDataSource - HikariPool-1 - Starting... MDC:[traceId=, spanId=]
2025-01-07 15:04:02 [main] INFO  com.zaxxer.hikari.pool.HikariPool - HikariPool-1 - Added connection com.mysql.cj.jdbc.ConnectionImpl@27b7e663 MDC:[traceId=, spanId=]
2025-01-07 15:04:02 [main] INFO  com.zaxxer.hikari.HikariDataSource - HikariPool-1 - Start completed. MDC:[traceId=, spanId=]
2025-01-07 15:04:04 [main] INFO  o.s.o.j.LocalContainerEntityManagerFactoryBean - Initialized JPA EntityManagerFactory for persistence unit 'default' MDC:[traceId=, spanId=]
2025-01-07 15:04:04 [main] WARN  o.s.b.a.o.j.JpaBaseConfiguration$JpaWebConfiguration - spring.jpa.open-in-view is enabled by default. Therefore, database queries may be performed during view rendering. Explicitly configure spring.jpa.open-in-view to disable this warning MDC:[traceId=, spanId=]
2025-01-07 15:04:05 [main] INFO  o.a.coyote.http11.Http11NioProtocol - Starting ProtocolHandler ["http-nio-8081"] MDC:[traceId=, spanId=]
2025-01-07 15:04:05 [main] INFO  o.s.b.w.e.tomcat.TomcatWebServer - Tomcat started on port 8081 (http) with context path '/' MDC:[traceId=, spanId=]
2025-01-07 15:04:05 [main] INFO  o.v.p.ProductManagementServiceApplication - Started ProductManagementServiceApplication in 5.823 seconds (process running for 6.579) MDC:[traceId=, spanId=]
2025-01-07 15:04:20 [http-nio-8081-exec-1] INFO  o.a.c.c.C.[Tomcat].[localhost].[/] - Initializing Spring DispatcherServlet 'dispatcherServlet' MDC:[traceId=, spanId=]
2025-01-07 15:04:20 [http-nio-8081-exec-1] INFO  o.s.web.servlet.DispatcherServlet - Initializing Servlet 'dispatcherServlet' MDC:[traceId=, spanId=]
2025-01-07 15:04:20 [http-nio-8081-exec-1] INFO  o.s.web.servlet.DispatcherServlet - Completed initialization in 1 ms MDC:[traceId=, spanId=]
2025-01-07 15:04:20 [http-nio-8081-exec-1] DEBUG o.s.w.f.CommonsRequestLoggingFilter - Before request [GET /swagger-ui/index.html, headers=[host:"localhost:8081", connection:"keep-alive", cache-control:"max-age=0", sec-ch-ua:""Microsoft Edge";v="131", "Chromium";v="131", "Not_A Brand";v="24"", sec-ch-ua-mobile:"?0", sec-ch-ua-platform:""Windows"", upgrade-insecure-requests:"1", user-agent:"Mozilla/5.0 (Windows NT 10.0; Win64; x64) AppleWebKit/537.36 (KHTML, like Gecko) Chrome/131.0.0.0 Safari/537.36 Edg/131.0.0.0", accept:"text/html,application/xhtml+xml,application/xml;q=0.9,image/avif,image/webp,image/apng,*/*;q=0.8,application/signed-exchange;v=b3;q=0.7", sec-fetch-site:"same-origin", sec-fetch-mode:"navigate", sec-fetch-user:"?1", sec-fetch-dest:"document", accept-encoding:"gzip, deflate, br, zstd", accept-language:"en-US,en;q=0.9", if-modified-since:"Fri, 31 Mar 2023 14:44:14 GMT"]] MDC:[traceId=, spanId=]
2025-01-07 15:04:20 [http-nio-8081-exec-1] DEBUG o.s.w.f.CommonsRequestLoggingFilter - DATA REQUEST: GET /swagger-ui/index.html, headers=[host:"localhost:8081", connection:"keep-alive", cache-control:"max-age=0", sec-ch-ua:""Microsoft Edge";v="131", "Chromium";v="131", "Not_A Brand";v="24"", sec-ch-ua-mobile:"?0", sec-ch-ua-platform:""Windows"", upgrade-insecure-requests:"1", user-agent:"Mozilla/5.0 (Windows NT 10.0; Win64; x64) AppleWebKit/537.36 (KHTML, like Gecko) Chrome/131.0.0.0 Safari/537.36 Edg/131.0.0.0", accept:"text/html,application/xhtml+xml,application/xml;q=0.9,image/avif,image/webp,image/apng,*/*;q=0.8,application/signed-exchange;v=b3;q=0.7", sec-fetch-site:"same-origin", sec-fetch-mode:"navigate", sec-fetch-user:"?1", sec-fetch-dest:"document", accept-encoding:"gzip, deflate, br, zstd", accept-language:"en-US,en;q=0.9", if-modified-since:"Fri, 31 Mar 2023 14:44:14 GMT"]] MDC:[traceId=, spanId=]
2025-01-07 15:04:20 [http-nio-8081-exec-2] DEBUG o.s.w.f.CommonsRequestLoggingFilter - Before request [GET /swagger-ui/swagger-initializer.js, headers=[host:"localhost:8081", connection:"keep-alive", sec-ch-ua-platform:""Windows"", user-agent:"Mozilla/5.0 (Windows NT 10.0; Win64; x64) AppleWebKit/537.36 (KHTML, like Gecko) Chrome/131.0.0.0 Safari/537.36 Edg/131.0.0.0", sec-ch-ua:""Microsoft Edge";v="131", "Chromium";v="131", "Not_A Brand";v="24"", sec-ch-ua-mobile:"?0", accept:"*/*", sec-fetch-site:"same-origin", sec-fetch-mode:"no-cors", sec-fetch-dest:"script", referer:"http://localhost:8081/swagger-ui/index.html", accept-encoding:"gzip, deflate, br, zstd", accept-language:"en-US,en;q=0.9"]] MDC:[traceId=, spanId=]
2025-01-07 15:04:20 [http-nio-8081-exec-2] DEBUG o.s.w.f.CommonsRequestLoggingFilter - DATA REQUEST: GET /swagger-ui/swagger-initializer.js, headers=[host:"localhost:8081", connection:"keep-alive", sec-ch-ua-platform:""Windows"", user-agent:"Mozilla/5.0 (Windows NT 10.0; Win64; x64) AppleWebKit/537.36 (KHTML, like Gecko) Chrome/131.0.0.0 Safari/537.36 Edg/131.0.0.0", sec-ch-ua:""Microsoft Edge";v="131", "Chromium";v="131", "Not_A Brand";v="24"", sec-ch-ua-mobile:"?0", accept:"*/*", sec-fetch-site:"same-origin", sec-fetch-mode:"no-cors", sec-fetch-dest:"script", referer:"http://localhost:8081/swagger-ui/index.html", accept-encoding:"gzip, deflate, br, zstd", accept-language:"en-US,en;q=0.9"]] MDC:[traceId=, spanId=]
2025-01-07 15:04:20 [http-nio-8081-exec-3] DEBUG o.s.w.f.CommonsRequestLoggingFilter - Before request [GET /v3/api-docs/swagger-config, headers=[host:"localhost:8081", connection:"keep-alive", sec-ch-ua-platform:""Windows"", user-agent:"Mozilla/5.0 (Windows NT 10.0; Win64; x64) AppleWebKit/537.36 (KHTML, like Gecko) Chrome/131.0.0.0 Safari/537.36 Edg/131.0.0.0", sec-ch-ua:""Microsoft Edge";v="131", "Chromium";v="131", "Not_A Brand";v="24"", sec-ch-ua-mobile:"?0", accept:"*/*", sec-fetch-site:"same-origin", sec-fetch-mode:"cors", sec-fetch-dest:"empty", referer:"http://localhost:8081/swagger-ui/index.html", accept-encoding:"gzip, deflate, br, zstd", accept-language:"en-US,en;q=0.9"]] MDC:[traceId=, spanId=]
2025-01-07 15:04:20 [http-nio-8081-exec-3] DEBUG o.s.w.f.CommonsRequestLoggingFilter - DATA REQUEST: GET /v3/api-docs/swagger-config, headers=[host:"localhost:8081", connection:"keep-alive", sec-ch-ua-platform:""Windows"", user-agent:"Mozilla/5.0 (Windows NT 10.0; Win64; x64) AppleWebKit/537.36 (KHTML, like Gecko) Chrome/131.0.0.0 Safari/537.36 Edg/131.0.0.0", sec-ch-ua:""Microsoft Edge";v="131", "Chromium";v="131", "Not_A Brand";v="24"", sec-ch-ua-mobile:"?0", accept:"*/*", sec-fetch-site:"same-origin", sec-fetch-mode:"cors", sec-fetch-dest:"empty", referer:"http://localhost:8081/swagger-ui/index.html", accept-encoding:"gzip, deflate, br, zstd", accept-language:"en-US,en;q=0.9"]] MDC:[traceId=, spanId=]
2025-01-07 15:04:20 [http-nio-8081-exec-4] DEBUG o.s.w.f.CommonsRequestLoggingFilter - Before request [GET /v3/api-docs, headers=[host:"localhost:8081", connection:"keep-alive", sec-ch-ua-platform:""Windows"", user-agent:"Mozilla/5.0 (Windows NT 10.0; Win64; x64) AppleWebKit/537.36 (KHTML, like Gecko) Chrome/131.0.0.0 Safari/537.36 Edg/131.0.0.0", accept:"application/json,*/*", sec-ch-ua:""Microsoft Edge";v="131", "Chromium";v="131", "Not_A Brand";v="24"", sec-ch-ua-mobile:"?0", sec-fetch-site:"same-origin", sec-fetch-mode:"cors", sec-fetch-dest:"empty", referer:"http://localhost:8081/swagger-ui/index.html", accept-encoding:"gzip, deflate, br, zstd", accept-language:"en-US,en;q=0.9"]] MDC:[traceId=, spanId=]
2025-01-07 15:04:20 [http-nio-8081-exec-4] INFO  o.s.api.AbstractOpenApiResource - Init duration for springdoc-openapi is: 217 ms MDC:[traceId=, spanId=]
2025-01-07 15:04:20 [http-nio-8081-exec-4] DEBUG o.s.w.f.CommonsRequestLoggingFilter - DATA REQUEST: GET /v3/api-docs, headers=[host:"localhost:8081", connection:"keep-alive", sec-ch-ua-platform:""Windows"", user-agent:"Mozilla/5.0 (Windows NT 10.0; Win64; x64) AppleWebKit/537.36 (KHTML, like Gecko) Chrome/131.0.0.0 Safari/537.36 Edg/131.0.0.0", accept:"application/json,*/*", sec-ch-ua:""Microsoft Edge";v="131", "Chromium";v="131", "Not_A Brand";v="24"", sec-ch-ua-mobile:"?0", sec-fetch-site:"same-origin", sec-fetch-mode:"cors", sec-fetch-dest:"empty", referer:"http://localhost:8081/swagger-ui/index.html", accept-encoding:"gzip, deflate, br, zstd", accept-language:"en-US,en;q=0.9"]] MDC:[traceId=, spanId=]
2025-01-07 15:04:29 [http-nio-8081-exec-5] DEBUG o.s.w.f.CommonsRequestLoggingFilter - Before request [POST /category/create, headers=[host:"localhost:8081", connection:"keep-alive", content-length:"145822", sec-ch-ua-platform:""Windows"", user-agent:"Mozilla/5.0 (Windows NT 10.0; Win64; x64) AppleWebKit/537.36 (KHTML, like Gecko) Chrome/131.0.0.0 Safari/537.36 Edg/131.0.0.0", accept:"application/json", sec-ch-ua:""Microsoft Edge";v="131", "Chromium";v="131", "Not_A Brand";v="24"", sec-ch-ua-mobile:"?0", origin:"http://localhost:8081", sec-fetch-site:"same-origin", sec-fetch-mode:"cors", sec-fetch-dest:"empty", referer:"http://localhost:8081/swagger-ui/index.html", accept-encoding:"gzip, deflate, br, zstd", accept-language:"en-US,en;q=0.9", Content-Type:"multipart/form-data;boundary=----WebKitFormBoundarydM0JtaxTHedsm490;charset=UTF-8"]] MDC:[traceId=, spanId=]
2025-01-07 15:04:29 [http-nio-8081-exec-5] WARN  o.s.w.s.m.s.DefaultHandlerExceptionResolver - Resolved [org.springframework.web.HttpMediaTypeNotSupportedException: Content-Type 'application/octet-stream' is not supported] MDC:[traceId=, spanId=]
2025-01-07 15:04:29 [http-nio-8081-exec-5] DEBUG o.s.w.f.CommonsRequestLoggingFilter - DATA REQUEST: POST /category/create, headers=[host:"localhost:8081", connection:"keep-alive", content-length:"145822", sec-ch-ua-platform:""Windows"", user-agent:"Mozilla/5.0 (Windows NT 10.0; Win64; x64) AppleWebKit/537.36 (KHTML, like Gecko) Chrome/131.0.0.0 Safari/537.36 Edg/131.0.0.0", accept:"application/json", sec-ch-ua:""Microsoft Edge";v="131", "Chromium";v="131", "Not_A Brand";v="24"", sec-ch-ua-mobile:"?0", origin:"http://localhost:8081", sec-fetch-site:"same-origin", sec-fetch-mode:"cors", sec-fetch-dest:"empty", referer:"http://localhost:8081/swagger-ui/index.html", accept-encoding:"gzip, deflate, br, zstd", accept-language:"en-US,en;q=0.9", Content-Type:"multipart/form-data;boundary=----WebKitFormBoundarydM0JtaxTHedsm490;charset=UTF-8"]] MDC:[traceId=, spanId=]
2025-01-07 15:04:30 [http-nio-8081-exec-6] DEBUG o.s.w.f.CommonsRequestLoggingFilter - Before request [POST /category/create, headers=[host:"localhost:8081", connection:"keep-alive", content-length:"145822", sec-ch-ua-platform:""Windows"", user-agent:"Mozilla/5.0 (Windows NT 10.0; Win64; x64) AppleWebKit/537.36 (KHTML, like Gecko) Chrome/131.0.0.0 Safari/537.36 Edg/131.0.0.0", accept:"application/json", sec-ch-ua:""Microsoft Edge";v="131", "Chromium";v="131", "Not_A Brand";v="24"", sec-ch-ua-mobile:"?0", origin:"http://localhost:8081", sec-fetch-site:"same-origin", sec-fetch-mode:"cors", sec-fetch-dest:"empty", referer:"http://localhost:8081/swagger-ui/index.html", accept-encoding:"gzip, deflate, br, zstd", accept-language:"en-US,en;q=0.9", Content-Type:"multipart/form-data;boundary=----WebKitFormBoundaryVW7RDnA2tNHXbB15;charset=UTF-8"]] MDC:[traceId=, spanId=]
2025-01-07 15:04:30 [http-nio-8081-exec-6] WARN  o.s.w.s.m.s.DefaultHandlerExceptionResolver - Resolved [org.springframework.web.HttpMediaTypeNotSupportedException: Content-Type 'application/octet-stream' is not supported] MDC:[traceId=, spanId=]
2025-01-07 15:04:30 [http-nio-8081-exec-6] DEBUG o.s.w.f.CommonsRequestLoggingFilter - DATA REQUEST: POST /category/create, headers=[host:"localhost:8081", connection:"keep-alive", content-length:"145822", sec-ch-ua-platform:""Windows"", user-agent:"Mozilla/5.0 (Windows NT 10.0; Win64; x64) AppleWebKit/537.36 (KHTML, like Gecko) Chrome/131.0.0.0 Safari/537.36 Edg/131.0.0.0", accept:"application/json", sec-ch-ua:""Microsoft Edge";v="131", "Chromium";v="131", "Not_A Brand";v="24"", sec-ch-ua-mobile:"?0", origin:"http://localhost:8081", sec-fetch-site:"same-origin", sec-fetch-mode:"cors", sec-fetch-dest:"empty", referer:"http://localhost:8081/swagger-ui/index.html", accept-encoding:"gzip, deflate, br, zstd", accept-language:"en-US,en;q=0.9", Content-Type:"multipart/form-data;boundary=----WebKitFormBoundaryVW7RDnA2tNHXbB15;charset=UTF-8"]] MDC:[traceId=, spanId=]
2025-01-07 15:04:38 [http-nio-8081-exec-7] DEBUG o.s.w.f.CommonsRequestLoggingFilter - Before request [POST /category/create, headers=[host:"localhost:8081", connection:"keep-alive", content-length:"145822", sec-ch-ua-platform:""Windows"", user-agent:"Mozilla/5.0 (Windows NT 10.0; Win64; x64) AppleWebKit/537.36 (KHTML, like Gecko) Chrome/131.0.0.0 Safari/537.36 Edg/131.0.0.0", accept:"application/json", sec-ch-ua:""Microsoft Edge";v="131", "Chromium";v="131", "Not_A Brand";v="24"", sec-ch-ua-mobile:"?0", origin:"http://localhost:8081", sec-fetch-site:"same-origin", sec-fetch-mode:"cors", sec-fetch-dest:"empty", referer:"http://localhost:8081/swagger-ui/index.html", accept-encoding:"gzip, deflate, br, zstd", accept-language:"en-US,en;q=0.9", Content-Type:"multipart/form-data;boundary=----WebKitFormBoundaryFNTtWtcZFxrfT7oF;charset=UTF-8"]] MDC:[traceId=, spanId=]
2025-01-07 15:04:38 [http-nio-8081-exec-7] WARN  o.s.w.s.m.s.DefaultHandlerExceptionResolver - Resolved [org.springframework.web.HttpMediaTypeNotSupportedException: Content-Type 'application/octet-stream' is not supported] MDC:[traceId=, spanId=]
2025-01-07 15:04:38 [http-nio-8081-exec-7] DEBUG o.s.w.f.CommonsRequestLoggingFilter - DATA REQUEST: POST /category/create, headers=[host:"localhost:8081", connection:"keep-alive", content-length:"145822", sec-ch-ua-platform:""Windows"", user-agent:"Mozilla/5.0 (Windows NT 10.0; Win64; x64) AppleWebKit/537.36 (KHTML, like Gecko) Chrome/131.0.0.0 Safari/537.36 Edg/131.0.0.0", accept:"application/json", sec-ch-ua:""Microsoft Edge";v="131", "Chromium";v="131", "Not_A Brand";v="24"", sec-ch-ua-mobile:"?0", origin:"http://localhost:8081", sec-fetch-site:"same-origin", sec-fetch-mode:"cors", sec-fetch-dest:"empty", referer:"http://localhost:8081/swagger-ui/index.html", accept-encoding:"gzip, deflate, br, zstd", accept-language:"en-US,en;q=0.9", Content-Type:"multipart/form-data;boundary=----WebKitFormBoundaryFNTtWtcZFxrfT7oF;charset=UTF-8"]] MDC:[traceId=, spanId=]
2025-01-07 15:08:10 [SpringApplicationShutdownHook] INFO  o.s.b.w.e.tomcat.GracefulShutdown - Commencing graceful shutdown. Waiting for active requests to complete MDC:[traceId=, spanId=]
2025-01-07 15:08:10 [tomcat-shutdown] INFO  o.s.b.w.e.tomcat.GracefulShutdown - Graceful shutdown complete MDC:[traceId=, spanId=]
2025-01-07 15:08:10 [SpringApplicationShutdownHook] INFO  o.s.o.j.LocalContainerEntityManagerFactoryBean - Closing JPA EntityManagerFactory for persistence unit 'default' MDC:[traceId=, spanId=]
2025-01-07 15:08:10 [SpringApplicationShutdownHook] INFO  com.zaxxer.hikari.HikariDataSource - HikariPool-1 - Shutdown initiated... MDC:[traceId=, spanId=]
2025-01-07 15:08:10 [SpringApplicationShutdownHook] INFO  com.zaxxer.hikari.HikariDataSource - HikariPool-1 - Shutdown completed. MDC:[traceId=, spanId=]
2025-01-07 15:08:14 [main] INFO  o.v.p.ProductManagementServiceApplication - Starting ProductManagementServiceApplication using Java 17.0.2 with PID 22844 (D:\java\Springboot\HyggeEcommerce\ProductManagementService\target\classes started by PC in D:\java\Springboot\HyggeEcommerce) MDC:[traceId=, spanId=]
2025-01-07 15:08:14 [main] INFO  o.v.p.ProductManagementServiceApplication - No active profile set, falling back to 1 default profile: "default" MDC:[traceId=, spanId=]
2025-01-07 15:08:14 [main] INFO  o.s.c.c.c.ConfigServerConfigDataLoader - Fetching config from server at : http://localhost:8888/ MDC:[traceId=, spanId=]
2025-01-07 15:08:14 [main] INFO  o.s.c.c.c.ConfigServerConfigDataLoader - Located environment: name=product-manage-service, profiles=[default], label=null, version=null, state=null MDC:[traceId=, spanId=]
2025-01-07 15:08:15 [main] INFO  o.s.d.r.c.RepositoryConfigurationDelegate - Multiple Spring Data modules found, entering strict repository configuration mode MDC:[traceId=, spanId=]
2025-01-07 15:08:15 [main] INFO  o.s.d.r.c.RepositoryConfigurationDelegate - Bootstrapping Spring Data JPA repositories in DEFAULT mode. MDC:[traceId=, spanId=]
2025-01-07 15:08:15 [main] INFO  o.s.d.r.c.RepositoryConfigurationDelegate - Finished Spring Data repository scanning in 96 ms. Found 1 JPA repository interface. MDC:[traceId=, spanId=]
2025-01-07 15:08:15 [main] INFO  o.s.d.r.c.RepositoryConfigurationDelegate - Multiple Spring Data modules found, entering strict repository configuration mode MDC:[traceId=, spanId=]
2025-01-07 15:08:15 [main] INFO  o.s.d.r.c.RepositoryConfigurationDelegate - Bootstrapping Spring Data Redis repositories in DEFAULT mode. MDC:[traceId=, spanId=]
2025-01-07 15:08:15 [main] INFO  o.s.d.r.c.RepositoryConfigurationExtensionSupport - Spring Data Redis - Could not safely identify store assignment for repository candidate interface org.vdt.productmanagementservice.repositories.CategoryRepository; If you want this repository to be a Redis repository, consider annotating your entities with one of these annotations: org.springframework.data.redis.core.RedisHash (preferred), or consider extending one of the following types with your repository: org.springframework.data.keyvalue.repository.KeyValueRepository MDC:[traceId=, spanId=]
2025-01-07 15:08:15 [main] INFO  o.s.d.r.c.RepositoryConfigurationDelegate - Finished Spring Data repository scanning in 4 ms. Found 0 Redis repository interfaces. MDC:[traceId=, spanId=]
2025-01-07 15:08:15 [main] INFO  o.s.cloud.context.scope.GenericScope - BeanFactory id=1c3a8de3-0f25-3458-8ea2-b52b63c27ffb MDC:[traceId=, spanId=]
2025-01-07 15:08:16 [main] INFO  o.s.b.w.e.tomcat.TomcatWebServer - Tomcat initialized with port 8081 (http) MDC:[traceId=, spanId=]
2025-01-07 15:08:16 [main] INFO  o.a.coyote.http11.Http11NioProtocol - Initializing ProtocolHandler ["http-nio-8081"] MDC:[traceId=, spanId=]
2025-01-07 15:08:16 [main] INFO  o.a.catalina.core.StandardService - Starting service [Tomcat] MDC:[traceId=, spanId=]
2025-01-07 15:08:16 [main] INFO  o.a.catalina.core.StandardEngine - Starting Servlet engine: [Apache Tomcat/10.1.34] MDC:[traceId=, spanId=]
2025-01-07 15:08:16 [main] INFO  o.a.c.c.C.[Tomcat].[localhost].[/] - Initializing Spring embedded WebApplicationContext MDC:[traceId=, spanId=]
2025-01-07 15:08:16 [main] INFO  o.s.b.w.s.c.ServletWebServerApplicationContext - Root WebApplicationContext: initialization completed in 1287 ms MDC:[traceId=, spanId=]
2025-01-07 15:08:16 [main] DEBUG o.s.w.f.CommonsRequestLoggingFilter - Filter 'requestLoggingFilter' configured for use MDC:[traceId=, spanId=]
2025-01-07 15:08:16 [main] INFO  o.s.o.j.p.SpringPersistenceUnitInfo - No LoadTimeWeaver setup: ignoring JPA class transformer MDC:[traceId=, spanId=]
2025-01-07 15:08:16 [main] INFO  com.zaxxer.hikari.HikariDataSource - HikariPool-1 - Starting... MDC:[traceId=, spanId=]
2025-01-07 15:08:16 [main] INFO  com.zaxxer.hikari.pool.HikariPool - HikariPool-1 - Added connection com.mysql.cj.jdbc.ConnectionImpl@2ad6aeb8 MDC:[traceId=, spanId=]
2025-01-07 15:08:16 [main] INFO  com.zaxxer.hikari.HikariDataSource - HikariPool-1 - Start completed. MDC:[traceId=, spanId=]
2025-01-07 15:08:18 [main] INFO  o.s.o.j.LocalContainerEntityManagerFactoryBean - Initialized JPA EntityManagerFactory for persistence unit 'default' MDC:[traceId=, spanId=]
2025-01-07 15:08:18 [main] WARN  o.s.b.a.o.j.JpaBaseConfiguration$JpaWebConfiguration - spring.jpa.open-in-view is enabled by default. Therefore, database queries may be performed during view rendering. Explicitly configure spring.jpa.open-in-view to disable this warning MDC:[traceId=, spanId=]
2025-01-07 15:08:19 [main] INFO  o.a.coyote.http11.Http11NioProtocol - Starting ProtocolHandler ["http-nio-8081"] MDC:[traceId=, spanId=]
2025-01-07 15:08:19 [main] INFO  o.s.b.w.e.tomcat.TomcatWebServer - Tomcat started on port 8081 (http) with context path '/' MDC:[traceId=, spanId=]
2025-01-07 15:08:19 [main] INFO  o.v.p.ProductManagementServiceApplication - Started ProductManagementServiceApplication in 5.498 seconds (process running for 6.19) MDC:[traceId=, spanId=]
2025-01-07 15:08:22 [http-nio-8081-exec-1] INFO  o.a.c.c.C.[Tomcat].[localhost].[/] - Initializing Spring DispatcherServlet 'dispatcherServlet' MDC:[traceId=, spanId=]
2025-01-07 15:08:22 [http-nio-8081-exec-1] INFO  o.s.web.servlet.DispatcherServlet - Initializing Servlet 'dispatcherServlet' MDC:[traceId=, spanId=]
2025-01-07 15:08:22 [http-nio-8081-exec-1] INFO  o.s.web.servlet.DispatcherServlet - Completed initialization in 1 ms MDC:[traceId=, spanId=]
2025-01-07 15:08:22 [http-nio-8081-exec-1] DEBUG o.s.w.f.CommonsRequestLoggingFilter - Before request [POST /category/create, headers=[host:"localhost:8081", connection:"keep-alive", content-length:"145822", sec-ch-ua-platform:""Windows"", user-agent:"Mozilla/5.0 (Windows NT 10.0; Win64; x64) AppleWebKit/537.36 (KHTML, like Gecko) Chrome/131.0.0.0 Safari/537.36 Edg/131.0.0.0", accept:"application/json", sec-ch-ua:""Microsoft Edge";v="131", "Chromium";v="131", "Not_A Brand";v="24"", sec-ch-ua-mobile:"?0", origin:"http://localhost:8081", sec-fetch-site:"same-origin", sec-fetch-mode:"cors", sec-fetch-dest:"empty", referer:"http://localhost:8081/swagger-ui/index.html", accept-encoding:"gzip, deflate, br, zstd", accept-language:"en-US,en;q=0.9", Content-Type:"multipart/form-data;boundary=----WebKitFormBoundary3dBXtfnm22hZ1fgY;charset=UTF-8"]] MDC:[traceId=, spanId=]
2025-01-07 15:08:22 [http-nio-8081-exec-1] WARN  o.s.w.s.m.s.DefaultHandlerExceptionResolver - Resolved [org.springframework.web.HttpMediaTypeNotSupportedException: Content-Type 'application/octet-stream' is not supported] MDC:[traceId=, spanId=]
2025-01-07 15:08:22 [http-nio-8081-exec-1] DEBUG o.s.w.f.CommonsRequestLoggingFilter - DATA REQUEST: POST /category/create, headers=[host:"localhost:8081", connection:"keep-alive", content-length:"145822", sec-ch-ua-platform:""Windows"", user-agent:"Mozilla/5.0 (Windows NT 10.0; Win64; x64) AppleWebKit/537.36 (KHTML, like Gecko) Chrome/131.0.0.0 Safari/537.36 Edg/131.0.0.0", accept:"application/json", sec-ch-ua:""Microsoft Edge";v="131", "Chromium";v="131", "Not_A Brand";v="24"", sec-ch-ua-mobile:"?0", origin:"http://localhost:8081", sec-fetch-site:"same-origin", sec-fetch-mode:"cors", sec-fetch-dest:"empty", referer:"http://localhost:8081/swagger-ui/index.html", accept-encoding:"gzip, deflate, br, zstd", accept-language:"en-US,en;q=0.9", Content-Type:"multipart/form-data;boundary=----WebKitFormBoundary3dBXtfnm22hZ1fgY;charset=UTF-8"]] MDC:[traceId=, spanId=]
2025-01-07 15:08:26 [http-nio-8081-exec-2] DEBUG o.s.w.f.CommonsRequestLoggingFilter - Before request [GET /swagger-ui/index.html, headers=[host:"localhost:8081", connection:"keep-alive", cache-control:"max-age=0", sec-ch-ua:""Microsoft Edge";v="131", "Chromium";v="131", "Not_A Brand";v="24"", sec-ch-ua-mobile:"?0", sec-ch-ua-platform:""Windows"", upgrade-insecure-requests:"1", user-agent:"Mozilla/5.0 (Windows NT 10.0; Win64; x64) AppleWebKit/537.36 (KHTML, like Gecko) Chrome/131.0.0.0 Safari/537.36 Edg/131.0.0.0", accept:"text/html,application/xhtml+xml,application/xml;q=0.9,image/avif,image/webp,image/apng,*/*;q=0.8,application/signed-exchange;v=b3;q=0.7", sec-fetch-site:"same-origin", sec-fetch-mode:"navigate", sec-fetch-user:"?1", sec-fetch-dest:"document", accept-encoding:"gzip, deflate, br, zstd", accept-language:"en-US,en;q=0.9", if-modified-since:"Fri, 31 Mar 2023 14:44:14 GMT"]] MDC:[traceId=, spanId=]
2025-01-07 15:08:26 [http-nio-8081-exec-2] DEBUG o.s.w.f.CommonsRequestLoggingFilter - DATA REQUEST: GET /swagger-ui/index.html, headers=[host:"localhost:8081", connection:"keep-alive", cache-control:"max-age=0", sec-ch-ua:""Microsoft Edge";v="131", "Chromium";v="131", "Not_A Brand";v="24"", sec-ch-ua-mobile:"?0", sec-ch-ua-platform:""Windows"", upgrade-insecure-requests:"1", user-agent:"Mozilla/5.0 (Windows NT 10.0; Win64; x64) AppleWebKit/537.36 (KHTML, like Gecko) Chrome/131.0.0.0 Safari/537.36 Edg/131.0.0.0", accept:"text/html,application/xhtml+xml,application/xml;q=0.9,image/avif,image/webp,image/apng,*/*;q=0.8,application/signed-exchange;v=b3;q=0.7", sec-fetch-site:"same-origin", sec-fetch-mode:"navigate", sec-fetch-user:"?1", sec-fetch-dest:"document", accept-encoding:"gzip, deflate, br, zstd", accept-language:"en-US,en;q=0.9", if-modified-since:"Fri, 31 Mar 2023 14:44:14 GMT"]] MDC:[traceId=, spanId=]
2025-01-07 15:08:26 [http-nio-8081-exec-3] DEBUG o.s.w.f.CommonsRequestLoggingFilter - Before request [GET /swagger-ui/swagger-initializer.js, headers=[host:"localhost:8081", connection:"keep-alive", sec-ch-ua-platform:""Windows"", user-agent:"Mozilla/5.0 (Windows NT 10.0; Win64; x64) AppleWebKit/537.36 (KHTML, like Gecko) Chrome/131.0.0.0 Safari/537.36 Edg/131.0.0.0", sec-ch-ua:""Microsoft Edge";v="131", "Chromium";v="131", "Not_A Brand";v="24"", sec-ch-ua-mobile:"?0", accept:"*/*", sec-fetch-site:"same-origin", sec-fetch-mode:"no-cors", sec-fetch-dest:"script", referer:"http://localhost:8081/swagger-ui/index.html", accept-encoding:"gzip, deflate, br, zstd", accept-language:"en-US,en;q=0.9"]] MDC:[traceId=, spanId=]
2025-01-07 15:08:26 [http-nio-8081-exec-3] DEBUG o.s.w.f.CommonsRequestLoggingFilter - DATA REQUEST: GET /swagger-ui/swagger-initializer.js, headers=[host:"localhost:8081", connection:"keep-alive", sec-ch-ua-platform:""Windows"", user-agent:"Mozilla/5.0 (Windows NT 10.0; Win64; x64) AppleWebKit/537.36 (KHTML, like Gecko) Chrome/131.0.0.0 Safari/537.36 Edg/131.0.0.0", sec-ch-ua:""Microsoft Edge";v="131", "Chromium";v="131", "Not_A Brand";v="24"", sec-ch-ua-mobile:"?0", accept:"*/*", sec-fetch-site:"same-origin", sec-fetch-mode:"no-cors", sec-fetch-dest:"script", referer:"http://localhost:8081/swagger-ui/index.html", accept-encoding:"gzip, deflate, br, zstd", accept-language:"en-US,en;q=0.9"]] MDC:[traceId=, spanId=]
2025-01-07 15:08:26 [http-nio-8081-exec-4] DEBUG o.s.w.f.CommonsRequestLoggingFilter - Before request [GET /v3/api-docs/swagger-config, headers=[host:"localhost:8081", connection:"keep-alive", sec-ch-ua-platform:""Windows"", user-agent:"Mozilla/5.0 (Windows NT 10.0; Win64; x64) AppleWebKit/537.36 (KHTML, like Gecko) Chrome/131.0.0.0 Safari/537.36 Edg/131.0.0.0", sec-ch-ua:""Microsoft Edge";v="131", "Chromium";v="131", "Not_A Brand";v="24"", sec-ch-ua-mobile:"?0", accept:"*/*", sec-fetch-site:"same-origin", sec-fetch-mode:"cors", sec-fetch-dest:"empty", referer:"http://localhost:8081/swagger-ui/index.html", accept-encoding:"gzip, deflate, br, zstd", accept-language:"en-US,en;q=0.9"]] MDC:[traceId=, spanId=]
2025-01-07 15:08:26 [http-nio-8081-exec-4] DEBUG o.s.w.f.CommonsRequestLoggingFilter - DATA REQUEST: GET /v3/api-docs/swagger-config, headers=[host:"localhost:8081", connection:"keep-alive", sec-ch-ua-platform:""Windows"", user-agent:"Mozilla/5.0 (Windows NT 10.0; Win64; x64) AppleWebKit/537.36 (KHTML, like Gecko) Chrome/131.0.0.0 Safari/537.36 Edg/131.0.0.0", sec-ch-ua:""Microsoft Edge";v="131", "Chromium";v="131", "Not_A Brand";v="24"", sec-ch-ua-mobile:"?0", accept:"*/*", sec-fetch-site:"same-origin", sec-fetch-mode:"cors", sec-fetch-dest:"empty", referer:"http://localhost:8081/swagger-ui/index.html", accept-encoding:"gzip, deflate, br, zstd", accept-language:"en-US,en;q=0.9"]] MDC:[traceId=, spanId=]
2025-01-07 15:08:26 [http-nio-8081-exec-5] DEBUG o.s.w.f.CommonsRequestLoggingFilter - Before request [GET /v3/api-docs, headers=[host:"localhost:8081", connection:"keep-alive", sec-ch-ua-platform:""Windows"", user-agent:"Mozilla/5.0 (Windows NT 10.0; Win64; x64) AppleWebKit/537.36 (KHTML, like Gecko) Chrome/131.0.0.0 Safari/537.36 Edg/131.0.0.0", accept:"application/json,*/*", sec-ch-ua:""Microsoft Edge";v="131", "Chromium";v="131", "Not_A Brand";v="24"", sec-ch-ua-mobile:"?0", sec-fetch-site:"same-origin", sec-fetch-mode:"cors", sec-fetch-dest:"empty", referer:"http://localhost:8081/swagger-ui/index.html", accept-encoding:"gzip, deflate, br, zstd", accept-language:"en-US,en;q=0.9"]] MDC:[traceId=, spanId=]
2025-01-07 15:08:26 [http-nio-8081-exec-5] INFO  o.s.api.AbstractOpenApiResource - Init duration for springdoc-openapi is: 238 ms MDC:[traceId=, spanId=]
2025-01-07 15:08:26 [http-nio-8081-exec-5] DEBUG o.s.w.f.CommonsRequestLoggingFilter - DATA REQUEST: GET /v3/api-docs, headers=[host:"localhost:8081", connection:"keep-alive", sec-ch-ua-platform:""Windows"", user-agent:"Mozilla/5.0 (Windows NT 10.0; Win64; x64) AppleWebKit/537.36 (KHTML, like Gecko) Chrome/131.0.0.0 Safari/537.36 Edg/131.0.0.0", accept:"application/json,*/*", sec-ch-ua:""Microsoft Edge";v="131", "Chromium";v="131", "Not_A Brand";v="24"", sec-ch-ua-mobile:"?0", sec-fetch-site:"same-origin", sec-fetch-mode:"cors", sec-fetch-dest:"empty", referer:"http://localhost:8081/swagger-ui/index.html", accept-encoding:"gzip, deflate, br, zstd", accept-language:"en-US,en;q=0.9"]] MDC:[traceId=, spanId=]
2025-01-07 15:08:36 [http-nio-8081-exec-6] DEBUG o.s.w.f.CommonsRequestLoggingFilter - Before request [POST /category/create, headers=[host:"localhost:8081", connection:"keep-alive", content-length:"145822", sec-ch-ua-platform:""Windows"", user-agent:"Mozilla/5.0 (Windows NT 10.0; Win64; x64) AppleWebKit/537.36 (KHTML, like Gecko) Chrome/131.0.0.0 Safari/537.36 Edg/131.0.0.0", accept:"application/json", sec-ch-ua:""Microsoft Edge";v="131", "Chromium";v="131", "Not_A Brand";v="24"", sec-ch-ua-mobile:"?0", origin:"http://localhost:8081", sec-fetch-site:"same-origin", sec-fetch-mode:"cors", sec-fetch-dest:"empty", referer:"http://localhost:8081/swagger-ui/index.html", accept-encoding:"gzip, deflate, br, zstd", accept-language:"en-US,en;q=0.9", Content-Type:"multipart/form-data;boundary=----WebKitFormBoundarynbcXdZngchmk3z8c;charset=UTF-8"]] MDC:[traceId=, spanId=]
2025-01-07 15:08:36 [http-nio-8081-exec-6] WARN  o.s.w.s.m.s.DefaultHandlerExceptionResolver - Resolved [org.springframework.web.HttpMediaTypeNotSupportedException: Content-Type 'application/octet-stream' is not supported] MDC:[traceId=, spanId=]
2025-01-07 15:08:36 [http-nio-8081-exec-6] DEBUG o.s.w.f.CommonsRequestLoggingFilter - DATA REQUEST: POST /category/create, headers=[host:"localhost:8081", connection:"keep-alive", content-length:"145822", sec-ch-ua-platform:""Windows"", user-agent:"Mozilla/5.0 (Windows NT 10.0; Win64; x64) AppleWebKit/537.36 (KHTML, like Gecko) Chrome/131.0.0.0 Safari/537.36 Edg/131.0.0.0", accept:"application/json", sec-ch-ua:""Microsoft Edge";v="131", "Chromium";v="131", "Not_A Brand";v="24"", sec-ch-ua-mobile:"?0", origin:"http://localhost:8081", sec-fetch-site:"same-origin", sec-fetch-mode:"cors", sec-fetch-dest:"empty", referer:"http://localhost:8081/swagger-ui/index.html", accept-encoding:"gzip, deflate, br, zstd", accept-language:"en-US,en;q=0.9", Content-Type:"multipart/form-data;boundary=----WebKitFormBoundarynbcXdZngchmk3z8c;charset=UTF-8"]] MDC:[traceId=, spanId=]
2025-01-07 15:08:38 [http-nio-8081-exec-7] DEBUG o.s.w.f.CommonsRequestLoggingFilter - Before request [POST /category/create, headers=[host:"localhost:8081", connection:"keep-alive", content-length:"145822", sec-ch-ua-platform:""Windows"", user-agent:"Mozilla/5.0 (Windows NT 10.0; Win64; x64) AppleWebKit/537.36 (KHTML, like Gecko) Chrome/131.0.0.0 Safari/537.36 Edg/131.0.0.0", accept:"application/json", sec-ch-ua:""Microsoft Edge";v="131", "Chromium";v="131", "Not_A Brand";v="24"", sec-ch-ua-mobile:"?0", origin:"http://localhost:8081", sec-fetch-site:"same-origin", sec-fetch-mode:"cors", sec-fetch-dest:"empty", referer:"http://localhost:8081/swagger-ui/index.html", accept-encoding:"gzip, deflate, br, zstd", accept-language:"en-US,en;q=0.9", Content-Type:"multipart/form-data;boundary=----WebKitFormBoundary4NuKsXZuH6KCSJXT;charset=UTF-8"]] MDC:[traceId=, spanId=]
2025-01-07 15:08:38 [http-nio-8081-exec-7] WARN  o.s.w.s.m.s.DefaultHandlerExceptionResolver - Resolved [org.springframework.web.HttpMediaTypeNotSupportedException: Content-Type 'application/octet-stream' is not supported] MDC:[traceId=, spanId=]
2025-01-07 15:08:38 [http-nio-8081-exec-7] DEBUG o.s.w.f.CommonsRequestLoggingFilter - DATA REQUEST: POST /category/create, headers=[host:"localhost:8081", connection:"keep-alive", content-length:"145822", sec-ch-ua-platform:""Windows"", user-agent:"Mozilla/5.0 (Windows NT 10.0; Win64; x64) AppleWebKit/537.36 (KHTML, like Gecko) Chrome/131.0.0.0 Safari/537.36 Edg/131.0.0.0", accept:"application/json", sec-ch-ua:""Microsoft Edge";v="131", "Chromium";v="131", "Not_A Brand";v="24"", sec-ch-ua-mobile:"?0", origin:"http://localhost:8081", sec-fetch-site:"same-origin", sec-fetch-mode:"cors", sec-fetch-dest:"empty", referer:"http://localhost:8081/swagger-ui/index.html", accept-encoding:"gzip, deflate, br, zstd", accept-language:"en-US,en;q=0.9", Content-Type:"multipart/form-data;boundary=----WebKitFormBoundary4NuKsXZuH6KCSJXT;charset=UTF-8"]] MDC:[traceId=, spanId=]
2025-01-07 15:10:09 [http-nio-8081-exec-10] DEBUG o.s.w.f.CommonsRequestLoggingFilter - Before request [POST /category/create, headers=[host:"localhost:8081", connection:"keep-alive", content-length:"51865", sec-ch-ua-platform:""Windows"", user-agent:"Mozilla/5.0 (Windows NT 10.0; Win64; x64) AppleWebKit/537.36 (KHTML, like Gecko) Chrome/131.0.0.0 Safari/537.36 Edg/131.0.0.0", accept:"application/json, text/plain, */*", sec-ch-ua:""Microsoft Edge";v="131", "Chromium";v="131", "Not_A Brand";v="24"", sec-ch-ua-mobile:"?0", origin:"http://localhost:5173", sec-fetch-site:"same-site", sec-fetch-mode:"cors", sec-fetch-dest:"empty", referer:"http://localhost:5173/", accept-encoding:"gzip, deflate, br, zstd", accept-language:"en-US,en;q=0.9", Content-Type:"multipart/form-data;boundary=----WebKitFormBoundaryQvaPlUtposPAGPzA;charset=UTF-8"]] MDC:[traceId=, spanId=]
2025-01-07 15:10:09 [http-nio-8081-exec-10] DEBUG o.s.w.f.CommonsRequestLoggingFilter - DATA REQUEST: POST /category/create, headers=[host:"localhost:8081", connection:"keep-alive", content-length:"51865", sec-ch-ua-platform:""Windows"", user-agent:"Mozilla/5.0 (Windows NT 10.0; Win64; x64) AppleWebKit/537.36 (KHTML, like Gecko) Chrome/131.0.0.0 Safari/537.36 Edg/131.0.0.0", accept:"application/json, text/plain, */*", sec-ch-ua:""Microsoft Edge";v="131", "Chromium";v="131", "Not_A Brand";v="24"", sec-ch-ua-mobile:"?0", origin:"http://localhost:5173", sec-fetch-site:"same-site", sec-fetch-mode:"cors", sec-fetch-dest:"empty", referer:"http://localhost:5173/", accept-encoding:"gzip, deflate, br, zstd", accept-language:"en-US,en;q=0.9", Content-Type:"multipart/form-data;boundary=----WebKitFormBoundaryQvaPlUtposPAGPzA;charset=UTF-8"]] MDC:[traceId=, spanId=]
2025-01-07 15:18:41 [SpringApplicationShutdownHook] INFO  o.s.b.w.e.tomcat.GracefulShutdown - Commencing graceful shutdown. Waiting for active requests to complete MDC:[traceId=, spanId=]
2025-01-07 15:18:41 [tomcat-shutdown] INFO  o.s.b.w.e.tomcat.GracefulShutdown - Graceful shutdown complete MDC:[traceId=, spanId=]
2025-01-07 15:18:41 [SpringApplicationShutdownHook] INFO  o.s.o.j.LocalContainerEntityManagerFactoryBean - Closing JPA EntityManagerFactory for persistence unit 'default' MDC:[traceId=, spanId=]
2025-01-07 15:18:41 [SpringApplicationShutdownHook] INFO  com.zaxxer.hikari.HikariDataSource - HikariPool-1 - Shutdown initiated... MDC:[traceId=, spanId=]
2025-01-07 15:18:41 [SpringApplicationShutdownHook] INFO  com.zaxxer.hikari.HikariDataSource - HikariPool-1 - Shutdown completed. MDC:[traceId=, spanId=]
2025-01-07 15:18:46 [main] INFO  o.v.p.ProductManagementServiceApplication - Starting ProductManagementServiceApplication using Java 17.0.2 with PID 29896 (D:\java\Springboot\HyggeEcommerce\ProductManagementService\target\classes started by PC in D:\java\Springboot\HyggeEcommerce) MDC:[traceId=, spanId=]
2025-01-07 15:18:46 [main] INFO  o.v.p.ProductManagementServiceApplication - No active profile set, falling back to 1 default profile: "default" MDC:[traceId=, spanId=]
2025-01-07 15:18:47 [main] INFO  o.s.c.c.c.ConfigServerConfigDataLoader - Fetching config from server at : http://localhost:8888/ MDC:[traceId=, spanId=]
2025-01-07 15:18:47 [main] INFO  o.s.c.c.c.ConfigServerConfigDataLoader - Located environment: name=product-manage-service, profiles=[default], label=null, version=null, state=null MDC:[traceId=, spanId=]
2025-01-07 15:18:47 [main] INFO  o.s.d.r.c.RepositoryConfigurationDelegate - Multiple Spring Data modules found, entering strict repository configuration mode MDC:[traceId=, spanId=]
2025-01-07 15:18:47 [main] INFO  o.s.d.r.c.RepositoryConfigurationDelegate - Bootstrapping Spring Data JPA repositories in DEFAULT mode. MDC:[traceId=, spanId=]
2025-01-07 15:18:47 [main] INFO  o.s.d.r.c.RepositoryConfigurationDelegate - Finished Spring Data repository scanning in 93 ms. Found 1 JPA repository interface. MDC:[traceId=, spanId=]
2025-01-07 15:18:47 [main] INFO  o.s.d.r.c.RepositoryConfigurationDelegate - Multiple Spring Data modules found, entering strict repository configuration mode MDC:[traceId=, spanId=]
2025-01-07 15:18:47 [main] INFO  o.s.d.r.c.RepositoryConfigurationDelegate - Bootstrapping Spring Data Redis repositories in DEFAULT mode. MDC:[traceId=, spanId=]
2025-01-07 15:18:47 [main] INFO  o.s.d.r.c.RepositoryConfigurationExtensionSupport - Spring Data Redis - Could not safely identify store assignment for repository candidate interface org.vdt.productmanagementservice.repositories.CategoryRepository; If you want this repository to be a Redis repository, consider annotating your entities with one of these annotations: org.springframework.data.redis.core.RedisHash (preferred), or consider extending one of the following types with your repository: org.springframework.data.keyvalue.repository.KeyValueRepository MDC:[traceId=, spanId=]
2025-01-07 15:18:47 [main] INFO  o.s.d.r.c.RepositoryConfigurationDelegate - Finished Spring Data repository scanning in 5 ms. Found 0 Redis repository interfaces. MDC:[traceId=, spanId=]
2025-01-07 15:18:47 [main] INFO  o.s.cloud.context.scope.GenericScope - BeanFactory id=1c3a8de3-0f25-3458-8ea2-b52b63c27ffb MDC:[traceId=, spanId=]
2025-01-07 15:18:48 [main] INFO  o.s.b.w.e.tomcat.TomcatWebServer - Tomcat initialized with port 8081 (http) MDC:[traceId=, spanId=]
2025-01-07 15:18:48 [main] INFO  o.a.coyote.http11.Http11NioProtocol - Initializing ProtocolHandler ["http-nio-8081"] MDC:[traceId=, spanId=]
2025-01-07 15:18:48 [main] INFO  o.a.catalina.core.StandardService - Starting service [Tomcat] MDC:[traceId=, spanId=]
2025-01-07 15:18:48 [main] INFO  o.a.catalina.core.StandardEngine - Starting Servlet engine: [Apache Tomcat/10.1.34] MDC:[traceId=, spanId=]
2025-01-07 15:18:48 [main] INFO  o.a.c.c.C.[Tomcat].[localhost].[/] - Initializing Spring embedded WebApplicationContext MDC:[traceId=, spanId=]
2025-01-07 15:18:48 [main] INFO  o.s.b.w.s.c.ServletWebServerApplicationContext - Root WebApplicationContext: initialization completed in 1340 ms MDC:[traceId=, spanId=]
2025-01-07 15:18:48 [main] DEBUG o.s.w.f.CommonsRequestLoggingFilter - Filter 'requestLoggingFilter' configured for use MDC:[traceId=, spanId=]
2025-01-07 15:18:48 [main] INFO  o.s.o.j.p.SpringPersistenceUnitInfo - No LoadTimeWeaver setup: ignoring JPA class transformer MDC:[traceId=, spanId=]
2025-01-07 15:18:48 [main] INFO  com.zaxxer.hikari.HikariDataSource - HikariPool-1 - Starting... MDC:[traceId=, spanId=]
2025-01-07 15:18:49 [main] INFO  com.zaxxer.hikari.pool.HikariPool - HikariPool-1 - Added connection com.mysql.cj.jdbc.ConnectionImpl@8ad6d29 MDC:[traceId=, spanId=]
2025-01-07 15:18:49 [main] INFO  com.zaxxer.hikari.HikariDataSource - HikariPool-1 - Start completed. MDC:[traceId=, spanId=]
2025-01-07 15:18:50 [main] INFO  o.s.o.j.LocalContainerEntityManagerFactoryBean - Initialized JPA EntityManagerFactory for persistence unit 'default' MDC:[traceId=, spanId=]
2025-01-07 15:18:50 [main] WARN  o.s.b.a.o.j.JpaBaseConfiguration$JpaWebConfiguration - spring.jpa.open-in-view is enabled by default. Therefore, database queries may be performed during view rendering. Explicitly configure spring.jpa.open-in-view to disable this warning MDC:[traceId=, spanId=]
2025-01-07 15:18:51 [main] INFO  o.a.coyote.http11.Http11NioProtocol - Starting ProtocolHandler ["http-nio-8081"] MDC:[traceId=, spanId=]
2025-01-07 15:18:51 [main] INFO  o.s.b.w.e.tomcat.TomcatWebServer - Tomcat started on port 8081 (http) with context path '/' MDC:[traceId=, spanId=]
2025-01-07 15:18:51 [main] INFO  o.v.p.ProductManagementServiceApplication - Started ProductManagementServiceApplication in 5.686 seconds (process running for 6.402) MDC:[traceId=, spanId=]
2025-01-07 15:18:53 [http-nio-8081-exec-2] INFO  o.a.c.c.C.[Tomcat].[localhost].[/] - Initializing Spring DispatcherServlet 'dispatcherServlet' MDC:[traceId=, spanId=]
2025-01-07 15:18:53 [http-nio-8081-exec-2] INFO  o.s.web.servlet.DispatcherServlet - Initializing Servlet 'dispatcherServlet' MDC:[traceId=, spanId=]
2025-01-07 15:18:53 [http-nio-8081-exec-2] INFO  o.s.web.servlet.DispatcherServlet - Completed initialization in 1 ms MDC:[traceId=, spanId=]
2025-01-07 15:18:53 [http-nio-8081-exec-2] DEBUG o.s.w.f.CommonsRequestLoggingFilter - Before request [GET /swagger-ui/index.html, headers=[host:"localhost:8081", connection:"keep-alive", cache-control:"max-age=0", sec-ch-ua:""Microsoft Edge";v="131", "Chromium";v="131", "Not_A Brand";v="24"", sec-ch-ua-mobile:"?0", sec-ch-ua-platform:""Windows"", upgrade-insecure-requests:"1", user-agent:"Mozilla/5.0 (Windows NT 10.0; Win64; x64) AppleWebKit/537.36 (KHTML, like Gecko) Chrome/131.0.0.0 Safari/537.36 Edg/131.0.0.0", accept:"text/html,application/xhtml+xml,application/xml;q=0.9,image/avif,image/webp,image/apng,*/*;q=0.8,application/signed-exchange;v=b3;q=0.7", sec-fetch-site:"same-origin", sec-fetch-mode:"navigate", sec-fetch-user:"?1", sec-fetch-dest:"document", accept-encoding:"gzip, deflate, br, zstd", accept-language:"en-US,en;q=0.9", if-modified-since:"Fri, 31 Mar 2023 14:44:14 GMT"]] MDC:[traceId=, spanId=]
2025-01-07 15:18:53 [http-nio-8081-exec-2] DEBUG o.s.w.f.CommonsRequestLoggingFilter - DATA REQUEST: GET /swagger-ui/index.html, headers=[host:"localhost:8081", connection:"keep-alive", cache-control:"max-age=0", sec-ch-ua:""Microsoft Edge";v="131", "Chromium";v="131", "Not_A Brand";v="24"", sec-ch-ua-mobile:"?0", sec-ch-ua-platform:""Windows"", upgrade-insecure-requests:"1", user-agent:"Mozilla/5.0 (Windows NT 10.0; Win64; x64) AppleWebKit/537.36 (KHTML, like Gecko) Chrome/131.0.0.0 Safari/537.36 Edg/131.0.0.0", accept:"text/html,application/xhtml+xml,application/xml;q=0.9,image/avif,image/webp,image/apng,*/*;q=0.8,application/signed-exchange;v=b3;q=0.7", sec-fetch-site:"same-origin", sec-fetch-mode:"navigate", sec-fetch-user:"?1", sec-fetch-dest:"document", accept-encoding:"gzip, deflate, br, zstd", accept-language:"en-US,en;q=0.9", if-modified-since:"Fri, 31 Mar 2023 14:44:14 GMT"]] MDC:[traceId=, spanId=]
2025-01-07 15:18:53 [http-nio-8081-exec-1] DEBUG o.s.w.f.CommonsRequestLoggingFilter - Before request [GET /swagger-ui/swagger-initializer.js, headers=[host:"localhost:8081", connection:"keep-alive", sec-ch-ua-platform:""Windows"", user-agent:"Mozilla/5.0 (Windows NT 10.0; Win64; x64) AppleWebKit/537.36 (KHTML, like Gecko) Chrome/131.0.0.0 Safari/537.36 Edg/131.0.0.0", sec-ch-ua:""Microsoft Edge";v="131", "Chromium";v="131", "Not_A Brand";v="24"", sec-ch-ua-mobile:"?0", accept:"*/*", sec-fetch-site:"same-origin", sec-fetch-mode:"no-cors", sec-fetch-dest:"script", referer:"http://localhost:8081/swagger-ui/index.html", accept-encoding:"gzip, deflate, br, zstd", accept-language:"en-US,en;q=0.9"]] MDC:[traceId=, spanId=]
2025-01-07 15:18:53 [http-nio-8081-exec-1] DEBUG o.s.w.f.CommonsRequestLoggingFilter - DATA REQUEST: GET /swagger-ui/swagger-initializer.js, headers=[host:"localhost:8081", connection:"keep-alive", sec-ch-ua-platform:""Windows"", user-agent:"Mozilla/5.0 (Windows NT 10.0; Win64; x64) AppleWebKit/537.36 (KHTML, like Gecko) Chrome/131.0.0.0 Safari/537.36 Edg/131.0.0.0", sec-ch-ua:""Microsoft Edge";v="131", "Chromium";v="131", "Not_A Brand";v="24"", sec-ch-ua-mobile:"?0", accept:"*/*", sec-fetch-site:"same-origin", sec-fetch-mode:"no-cors", sec-fetch-dest:"script", referer:"http://localhost:8081/swagger-ui/index.html", accept-encoding:"gzip, deflate, br, zstd", accept-language:"en-US,en;q=0.9"]] MDC:[traceId=, spanId=]
2025-01-07 15:18:53 [http-nio-8081-exec-3] DEBUG o.s.w.f.CommonsRequestLoggingFilter - Before request [GET /v3/api-docs/swagger-config, headers=[host:"localhost:8081", connection:"keep-alive", sec-ch-ua-platform:""Windows"", user-agent:"Mozilla/5.0 (Windows NT 10.0; Win64; x64) AppleWebKit/537.36 (KHTML, like Gecko) Chrome/131.0.0.0 Safari/537.36 Edg/131.0.0.0", sec-ch-ua:""Microsoft Edge";v="131", "Chromium";v="131", "Not_A Brand";v="24"", sec-ch-ua-mobile:"?0", accept:"*/*", sec-fetch-site:"same-origin", sec-fetch-mode:"cors", sec-fetch-dest:"empty", referer:"http://localhost:8081/swagger-ui/index.html", accept-encoding:"gzip, deflate, br, zstd", accept-language:"en-US,en;q=0.9"]] MDC:[traceId=, spanId=]
2025-01-07 15:18:53 [http-nio-8081-exec-3] DEBUG o.s.w.f.CommonsRequestLoggingFilter - DATA REQUEST: GET /v3/api-docs/swagger-config, headers=[host:"localhost:8081", connection:"keep-alive", sec-ch-ua-platform:""Windows"", user-agent:"Mozilla/5.0 (Windows NT 10.0; Win64; x64) AppleWebKit/537.36 (KHTML, like Gecko) Chrome/131.0.0.0 Safari/537.36 Edg/131.0.0.0", sec-ch-ua:""Microsoft Edge";v="131", "Chromium";v="131", "Not_A Brand";v="24"", sec-ch-ua-mobile:"?0", accept:"*/*", sec-fetch-site:"same-origin", sec-fetch-mode:"cors", sec-fetch-dest:"empty", referer:"http://localhost:8081/swagger-ui/index.html", accept-encoding:"gzip, deflate, br, zstd", accept-language:"en-US,en;q=0.9"]] MDC:[traceId=, spanId=]
2025-01-07 15:18:53 [http-nio-8081-exec-10] DEBUG o.s.w.f.CommonsRequestLoggingFilter - Before request [GET /v3/api-docs, headers=[host:"localhost:8081", connection:"keep-alive", sec-ch-ua-platform:""Windows"", user-agent:"Mozilla/5.0 (Windows NT 10.0; Win64; x64) AppleWebKit/537.36 (KHTML, like Gecko) Chrome/131.0.0.0 Safari/537.36 Edg/131.0.0.0", accept:"application/json,*/*", sec-ch-ua:""Microsoft Edge";v="131", "Chromium";v="131", "Not_A Brand";v="24"", sec-ch-ua-mobile:"?0", sec-fetch-site:"same-origin", sec-fetch-mode:"cors", sec-fetch-dest:"empty", referer:"http://localhost:8081/swagger-ui/index.html", accept-encoding:"gzip, deflate, br, zstd", accept-language:"en-US,en;q=0.9"]] MDC:[traceId=, spanId=]
2025-01-07 15:18:54 [http-nio-8081-exec-10] INFO  o.s.api.AbstractOpenApiResource - Init duration for springdoc-openapi is: 352 ms MDC:[traceId=, spanId=]
2025-01-07 15:18:54 [http-nio-8081-exec-10] DEBUG o.s.w.f.CommonsRequestLoggingFilter - DATA REQUEST: GET /v3/api-docs, headers=[host:"localhost:8081", connection:"keep-alive", sec-ch-ua-platform:""Windows"", user-agent:"Mozilla/5.0 (Windows NT 10.0; Win64; x64) AppleWebKit/537.36 (KHTML, like Gecko) Chrome/131.0.0.0 Safari/537.36 Edg/131.0.0.0", accept:"application/json,*/*", sec-ch-ua:""Microsoft Edge";v="131", "Chromium";v="131", "Not_A Brand";v="24"", sec-ch-ua-mobile:"?0", sec-fetch-site:"same-origin", sec-fetch-mode:"cors", sec-fetch-dest:"empty", referer:"http://localhost:8081/swagger-ui/index.html", accept-encoding:"gzip, deflate, br, zstd", accept-language:"en-US,en;q=0.9"]] MDC:[traceId=, spanId=]
2025-01-07 15:19:10 [http-nio-8081-exec-9] DEBUG o.s.w.f.CommonsRequestLoggingFilter - Before request [POST /category/create, headers=[host:"localhost:8081", connection:"keep-alive", content-length:"145823", sec-ch-ua-platform:""Windows"", user-agent:"Mozilla/5.0 (Windows NT 10.0; Win64; x64) AppleWebKit/537.36 (KHTML, like Gecko) Chrome/131.0.0.0 Safari/537.36 Edg/131.0.0.0", accept:"application/json", sec-ch-ua:""Microsoft Edge";v="131", "Chromium";v="131", "Not_A Brand";v="24"", sec-ch-ua-mobile:"?0", origin:"http://localhost:8081", sec-fetch-site:"same-origin", sec-fetch-mode:"cors", sec-fetch-dest:"empty", referer:"http://localhost:8081/swagger-ui/index.html", accept-encoding:"gzip, deflate, br, zstd", accept-language:"en-US,en;q=0.9", Content-Type:"multipart/form-data;boundary=----WebKitFormBoundaryvuEakD9524aL7DlH;charset=UTF-8"]] MDC:[traceId=, spanId=]
2025-01-07 15:19:10 [http-nio-8081-exec-9] WARN  o.s.w.s.m.s.DefaultHandlerExceptionResolver - Resolved [org.springframework.web.HttpMediaTypeNotSupportedException: Content-Type 'application/octet-stream' is not supported] MDC:[traceId=, spanId=]
2025-01-07 15:19:10 [http-nio-8081-exec-9] DEBUG o.s.w.f.CommonsRequestLoggingFilter - DATA REQUEST: POST /category/create, headers=[host:"localhost:8081", connection:"keep-alive", content-length:"145823", sec-ch-ua-platform:""Windows"", user-agent:"Mozilla/5.0 (Windows NT 10.0; Win64; x64) AppleWebKit/537.36 (KHTML, like Gecko) Chrome/131.0.0.0 Safari/537.36 Edg/131.0.0.0", accept:"application/json", sec-ch-ua:""Microsoft Edge";v="131", "Chromium";v="131", "Not_A Brand";v="24"", sec-ch-ua-mobile:"?0", origin:"http://localhost:8081", sec-fetch-site:"same-origin", sec-fetch-mode:"cors", sec-fetch-dest:"empty", referer:"http://localhost:8081/swagger-ui/index.html", accept-encoding:"gzip, deflate, br, zstd", accept-language:"en-US,en;q=0.9", Content-Type:"multipart/form-data;boundary=----WebKitFormBoundaryvuEakD9524aL7DlH;charset=UTF-8"]] MDC:[traceId=, spanId=]
2025-01-07 15:19:14 [http-nio-8081-exec-5] DEBUG o.s.w.f.CommonsRequestLoggingFilter - Before request [POST /category/create, headers=[host:"localhost:8081", connection:"keep-alive", content-length:"145823", sec-ch-ua-platform:""Windows"", user-agent:"Mozilla/5.0 (Windows NT 10.0; Win64; x64) AppleWebKit/537.36 (KHTML, like Gecko) Chrome/131.0.0.0 Safari/537.36 Edg/131.0.0.0", accept:"application/json", sec-ch-ua:""Microsoft Edge";v="131", "Chromium";v="131", "Not_A Brand";v="24"", sec-ch-ua-mobile:"?0", origin:"http://localhost:8081", sec-fetch-site:"same-origin", sec-fetch-mode:"cors", sec-fetch-dest:"empty", referer:"http://localhost:8081/swagger-ui/index.html", accept-encoding:"gzip, deflate, br, zstd", accept-language:"en-US,en;q=0.9", Content-Type:"multipart/form-data;boundary=----WebKitFormBoundaryA374FkttqdOAckQz;charset=UTF-8"]] MDC:[traceId=, spanId=]
2025-01-07 15:19:14 [http-nio-8081-exec-5] WARN  o.s.w.s.m.s.DefaultHandlerExceptionResolver - Resolved [org.springframework.web.HttpMediaTypeNotSupportedException: Content-Type 'application/octet-stream' is not supported] MDC:[traceId=, spanId=]
2025-01-07 15:19:14 [http-nio-8081-exec-5] DEBUG o.s.w.f.CommonsRequestLoggingFilter - DATA REQUEST: POST /category/create, headers=[host:"localhost:8081", connection:"keep-alive", content-length:"145823", sec-ch-ua-platform:""Windows"", user-agent:"Mozilla/5.0 (Windows NT 10.0; Win64; x64) AppleWebKit/537.36 (KHTML, like Gecko) Chrome/131.0.0.0 Safari/537.36 Edg/131.0.0.0", accept:"application/json", sec-ch-ua:""Microsoft Edge";v="131", "Chromium";v="131", "Not_A Brand";v="24"", sec-ch-ua-mobile:"?0", origin:"http://localhost:8081", sec-fetch-site:"same-origin", sec-fetch-mode:"cors", sec-fetch-dest:"empty", referer:"http://localhost:8081/swagger-ui/index.html", accept-encoding:"gzip, deflate, br, zstd", accept-language:"en-US,en;q=0.9", Content-Type:"multipart/form-data;boundary=----WebKitFormBoundaryA374FkttqdOAckQz;charset=UTF-8"]] MDC:[traceId=, spanId=]
2025-01-07 15:21:31 [SpringApplicationShutdownHook] INFO  o.s.b.w.e.tomcat.GracefulShutdown - Commencing graceful shutdown. Waiting for active requests to complete MDC:[traceId=, spanId=]
2025-01-07 15:21:31 [tomcat-shutdown] INFO  o.s.b.w.e.tomcat.GracefulShutdown - Graceful shutdown complete MDC:[traceId=, spanId=]
2025-01-07 15:21:31 [SpringApplicationShutdownHook] INFO  o.s.o.j.LocalContainerEntityManagerFactoryBean - Closing JPA EntityManagerFactory for persistence unit 'default' MDC:[traceId=, spanId=]
2025-01-07 15:21:31 [SpringApplicationShutdownHook] INFO  com.zaxxer.hikari.HikariDataSource - HikariPool-1 - Shutdown initiated... MDC:[traceId=, spanId=]
2025-01-07 15:21:31 [SpringApplicationShutdownHook] INFO  com.zaxxer.hikari.HikariDataSource - HikariPool-1 - Shutdown completed. MDC:[traceId=, spanId=]
2025-01-07 15:21:34 [main] INFO  o.v.p.ProductManagementServiceApplication - Starting ProductManagementServiceApplication using Java 17.0.2 with PID 26724 (D:\java\Springboot\HyggeEcommerce\ProductManagementService\target\classes started by PC in D:\java\Springboot\HyggeEcommerce) MDC:[traceId=, spanId=]
2025-01-07 15:21:34 [main] INFO  o.v.p.ProductManagementServiceApplication - No active profile set, falling back to 1 default profile: "default" MDC:[traceId=, spanId=]
2025-01-07 15:21:34 [main] INFO  o.s.c.c.c.ConfigServerConfigDataLoader - Fetching config from server at : http://localhost:8888/ MDC:[traceId=, spanId=]
2025-01-07 15:21:34 [main] INFO  o.s.c.c.c.ConfigServerConfigDataLoader - Located environment: name=product-manage-service, profiles=[default], label=null, version=null, state=null MDC:[traceId=, spanId=]
2025-01-07 15:21:35 [main] INFO  o.s.d.r.c.RepositoryConfigurationDelegate - Multiple Spring Data modules found, entering strict repository configuration mode MDC:[traceId=, spanId=]
2025-01-07 15:21:35 [main] INFO  o.s.d.r.c.RepositoryConfigurationDelegate - Bootstrapping Spring Data JPA repositories in DEFAULT mode. MDC:[traceId=, spanId=]
2025-01-07 15:21:35 [main] INFO  o.s.d.r.c.RepositoryConfigurationDelegate - Finished Spring Data repository scanning in 89 ms. Found 1 JPA repository interface. MDC:[traceId=, spanId=]
2025-01-07 15:21:35 [main] INFO  o.s.d.r.c.RepositoryConfigurationDelegate - Multiple Spring Data modules found, entering strict repository configuration mode MDC:[traceId=, spanId=]
2025-01-07 15:21:35 [main] INFO  o.s.d.r.c.RepositoryConfigurationDelegate - Bootstrapping Spring Data Redis repositories in DEFAULT mode. MDC:[traceId=, spanId=]
2025-01-07 15:21:35 [main] INFO  o.s.d.r.c.RepositoryConfigurationExtensionSupport - Spring Data Redis - Could not safely identify store assignment for repository candidate interface org.vdt.productmanagementservice.repositories.CategoryRepository; If you want this repository to be a Redis repository, consider annotating your entities with one of these annotations: org.springframework.data.redis.core.RedisHash (preferred), or consider extending one of the following types with your repository: org.springframework.data.keyvalue.repository.KeyValueRepository MDC:[traceId=, spanId=]
2025-01-07 15:21:35 [main] INFO  o.s.d.r.c.RepositoryConfigurationDelegate - Finished Spring Data repository scanning in 5 ms. Found 0 Redis repository interfaces. MDC:[traceId=, spanId=]
2025-01-07 15:21:35 [main] INFO  o.s.cloud.context.scope.GenericScope - BeanFactory id=1c3a8de3-0f25-3458-8ea2-b52b63c27ffb MDC:[traceId=, spanId=]
2025-01-07 15:21:36 [main] INFO  o.s.b.w.e.tomcat.TomcatWebServer - Tomcat initialized with port 8081 (http) MDC:[traceId=, spanId=]
2025-01-07 15:21:36 [main] INFO  o.a.coyote.http11.Http11NioProtocol - Initializing ProtocolHandler ["http-nio-8081"] MDC:[traceId=, spanId=]
2025-01-07 15:21:36 [main] INFO  o.a.catalina.core.StandardService - Starting service [Tomcat] MDC:[traceId=, spanId=]
2025-01-07 15:21:36 [main] INFO  o.a.catalina.core.StandardEngine - Starting Servlet engine: [Apache Tomcat/10.1.34] MDC:[traceId=, spanId=]
2025-01-07 15:21:36 [main] INFO  o.a.c.c.C.[Tomcat].[localhost].[/] - Initializing Spring embedded WebApplicationContext MDC:[traceId=, spanId=]
2025-01-07 15:21:36 [main] INFO  o.s.b.w.s.c.ServletWebServerApplicationContext - Root WebApplicationContext: initialization completed in 1304 ms MDC:[traceId=, spanId=]
2025-01-07 15:21:36 [main] DEBUG o.s.w.f.CommonsRequestLoggingFilter - Filter 'requestLoggingFilter' configured for use MDC:[traceId=, spanId=]
2025-01-07 15:21:36 [main] INFO  o.s.o.j.p.SpringPersistenceUnitInfo - No LoadTimeWeaver setup: ignoring JPA class transformer MDC:[traceId=, spanId=]
2025-01-07 15:21:36 [main] INFO  com.zaxxer.hikari.HikariDataSource - HikariPool-1 - Starting... MDC:[traceId=, spanId=]
2025-01-07 15:21:36 [main] INFO  com.zaxxer.hikari.pool.HikariPool - HikariPool-1 - Added connection com.mysql.cj.jdbc.ConnectionImpl@674fd531 MDC:[traceId=, spanId=]
2025-01-07 15:21:36 [main] INFO  com.zaxxer.hikari.HikariDataSource - HikariPool-1 - Start completed. MDC:[traceId=, spanId=]
2025-01-07 15:21:38 [main] INFO  o.s.o.j.LocalContainerEntityManagerFactoryBean - Initialized JPA EntityManagerFactory for persistence unit 'default' MDC:[traceId=, spanId=]
2025-01-07 15:21:38 [main] WARN  o.s.b.a.o.j.JpaBaseConfiguration$JpaWebConfiguration - spring.jpa.open-in-view is enabled by default. Therefore, database queries may be performed during view rendering. Explicitly configure spring.jpa.open-in-view to disable this warning MDC:[traceId=, spanId=]
2025-01-07 15:21:39 [main] INFO  o.a.coyote.http11.Http11NioProtocol - Starting ProtocolHandler ["http-nio-8081"] MDC:[traceId=, spanId=]
2025-01-07 15:21:39 [main] INFO  o.s.b.w.e.tomcat.TomcatWebServer - Tomcat started on port 8081 (http) with context path '/' MDC:[traceId=, spanId=]
2025-01-07 15:21:39 [main] INFO  o.v.p.ProductManagementServiceApplication - Started ProductManagementServiceApplication in 5.37 seconds (process running for 6.11) MDC:[traceId=, spanId=]
2025-01-07 15:22:25 [http-nio-8081-exec-1] INFO  o.a.c.c.C.[Tomcat].[localhost].[/] - Initializing Spring DispatcherServlet 'dispatcherServlet' MDC:[traceId=, spanId=]
2025-01-07 15:22:25 [http-nio-8081-exec-1] INFO  o.s.web.servlet.DispatcherServlet - Initializing Servlet 'dispatcherServlet' MDC:[traceId=, spanId=]
2025-01-07 15:22:25 [http-nio-8081-exec-1] INFO  o.s.web.servlet.DispatcherServlet - Completed initialization in 1 ms MDC:[traceId=, spanId=]
2025-01-07 15:22:25 [http-nio-8081-exec-1] DEBUG o.s.w.f.CommonsRequestLoggingFilter - Before request [GET /swagger-ui/index.html, headers=[host:"localhost:8081", connection:"keep-alive", cache-control:"max-age=0", sec-ch-ua:""Microsoft Edge";v="131", "Chromium";v="131", "Not_A Brand";v="24"", sec-ch-ua-mobile:"?0", sec-ch-ua-platform:""Windows"", upgrade-insecure-requests:"1", user-agent:"Mozilla/5.0 (Windows NT 10.0; Win64; x64) AppleWebKit/537.36 (KHTML, like Gecko) Chrome/131.0.0.0 Safari/537.36 Edg/131.0.0.0", accept:"text/html,application/xhtml+xml,application/xml;q=0.9,image/avif,image/webp,image/apng,*/*;q=0.8,application/signed-exchange;v=b3;q=0.7", sec-fetch-site:"same-origin", sec-fetch-mode:"navigate", sec-fetch-user:"?1", sec-fetch-dest:"document", accept-encoding:"gzip, deflate, br, zstd", accept-language:"en-US,en;q=0.9", if-modified-since:"Fri, 31 Mar 2023 14:44:14 GMT"]] MDC:[traceId=, spanId=]
2025-01-07 15:22:25 [http-nio-8081-exec-1] DEBUG o.s.w.f.CommonsRequestLoggingFilter - DATA REQUEST: GET /swagger-ui/index.html, headers=[host:"localhost:8081", connection:"keep-alive", cache-control:"max-age=0", sec-ch-ua:""Microsoft Edge";v="131", "Chromium";v="131", "Not_A Brand";v="24"", sec-ch-ua-mobile:"?0", sec-ch-ua-platform:""Windows"", upgrade-insecure-requests:"1", user-agent:"Mozilla/5.0 (Windows NT 10.0; Win64; x64) AppleWebKit/537.36 (KHTML, like Gecko) Chrome/131.0.0.0 Safari/537.36 Edg/131.0.0.0", accept:"text/html,application/xhtml+xml,application/xml;q=0.9,image/avif,image/webp,image/apng,*/*;q=0.8,application/signed-exchange;v=b3;q=0.7", sec-fetch-site:"same-origin", sec-fetch-mode:"navigate", sec-fetch-user:"?1", sec-fetch-dest:"document", accept-encoding:"gzip, deflate, br, zstd", accept-language:"en-US,en;q=0.9", if-modified-since:"Fri, 31 Mar 2023 14:44:14 GMT"]] MDC:[traceId=, spanId=]
2025-01-07 15:22:25 [http-nio-8081-exec-2] DEBUG o.s.w.f.CommonsRequestLoggingFilter - Before request [GET /swagger-ui/swagger-initializer.js, headers=[host:"localhost:8081", connection:"keep-alive", sec-ch-ua-platform:""Windows"", user-agent:"Mozilla/5.0 (Windows NT 10.0; Win64; x64) AppleWebKit/537.36 (KHTML, like Gecko) Chrome/131.0.0.0 Safari/537.36 Edg/131.0.0.0", sec-ch-ua:""Microsoft Edge";v="131", "Chromium";v="131", "Not_A Brand";v="24"", sec-ch-ua-mobile:"?0", accept:"*/*", sec-fetch-site:"same-origin", sec-fetch-mode:"no-cors", sec-fetch-dest:"script", referer:"http://localhost:8081/swagger-ui/index.html", accept-encoding:"gzip, deflate, br, zstd", accept-language:"en-US,en;q=0.9"]] MDC:[traceId=, spanId=]
2025-01-07 15:22:25 [http-nio-8081-exec-2] DEBUG o.s.w.f.CommonsRequestLoggingFilter - DATA REQUEST: GET /swagger-ui/swagger-initializer.js, headers=[host:"localhost:8081", connection:"keep-alive", sec-ch-ua-platform:""Windows"", user-agent:"Mozilla/5.0 (Windows NT 10.0; Win64; x64) AppleWebKit/537.36 (KHTML, like Gecko) Chrome/131.0.0.0 Safari/537.36 Edg/131.0.0.0", sec-ch-ua:""Microsoft Edge";v="131", "Chromium";v="131", "Not_A Brand";v="24"", sec-ch-ua-mobile:"?0", accept:"*/*", sec-fetch-site:"same-origin", sec-fetch-mode:"no-cors", sec-fetch-dest:"script", referer:"http://localhost:8081/swagger-ui/index.html", accept-encoding:"gzip, deflate, br, zstd", accept-language:"en-US,en;q=0.9"]] MDC:[traceId=, spanId=]
2025-01-07 15:22:25 [http-nio-8081-exec-3] DEBUG o.s.w.f.CommonsRequestLoggingFilter - Before request [GET /v3/api-docs/swagger-config, headers=[host:"localhost:8081", connection:"keep-alive", sec-ch-ua-platform:""Windows"", user-agent:"Mozilla/5.0 (Windows NT 10.0; Win64; x64) AppleWebKit/537.36 (KHTML, like Gecko) Chrome/131.0.0.0 Safari/537.36 Edg/131.0.0.0", sec-ch-ua:""Microsoft Edge";v="131", "Chromium";v="131", "Not_A Brand";v="24"", sec-ch-ua-mobile:"?0", accept:"*/*", sec-fetch-site:"same-origin", sec-fetch-mode:"cors", sec-fetch-dest:"empty", referer:"http://localhost:8081/swagger-ui/index.html", accept-encoding:"gzip, deflate, br, zstd", accept-language:"en-US,en;q=0.9"]] MDC:[traceId=, spanId=]
2025-01-07 15:22:25 [http-nio-8081-exec-3] DEBUG o.s.w.f.CommonsRequestLoggingFilter - DATA REQUEST: GET /v3/api-docs/swagger-config, headers=[host:"localhost:8081", connection:"keep-alive", sec-ch-ua-platform:""Windows"", user-agent:"Mozilla/5.0 (Windows NT 10.0; Win64; x64) AppleWebKit/537.36 (KHTML, like Gecko) Chrome/131.0.0.0 Safari/537.36 Edg/131.0.0.0", sec-ch-ua:""Microsoft Edge";v="131", "Chromium";v="131", "Not_A Brand";v="24"", sec-ch-ua-mobile:"?0", accept:"*/*", sec-fetch-site:"same-origin", sec-fetch-mode:"cors", sec-fetch-dest:"empty", referer:"http://localhost:8081/swagger-ui/index.html", accept-encoding:"gzip, deflate, br, zstd", accept-language:"en-US,en;q=0.9"]] MDC:[traceId=, spanId=]
2025-01-07 15:22:25 [http-nio-8081-exec-4] DEBUG o.s.w.f.CommonsRequestLoggingFilter - Before request [GET /v3/api-docs, headers=[host:"localhost:8081", connection:"keep-alive", sec-ch-ua-platform:""Windows"", user-agent:"Mozilla/5.0 (Windows NT 10.0; Win64; x64) AppleWebKit/537.36 (KHTML, like Gecko) Chrome/131.0.0.0 Safari/537.36 Edg/131.0.0.0", accept:"application/json,*/*", sec-ch-ua:""Microsoft Edge";v="131", "Chromium";v="131", "Not_A Brand";v="24"", sec-ch-ua-mobile:"?0", sec-fetch-site:"same-origin", sec-fetch-mode:"cors", sec-fetch-dest:"empty", referer:"http://localhost:8081/swagger-ui/index.html", accept-encoding:"gzip, deflate, br, zstd", accept-language:"en-US,en;q=0.9"]] MDC:[traceId=, spanId=]
2025-01-07 15:22:25 [http-nio-8081-exec-4] INFO  o.s.api.AbstractOpenApiResource - Init duration for springdoc-openapi is: 280 ms MDC:[traceId=, spanId=]
2025-01-07 15:22:25 [http-nio-8081-exec-4] DEBUG o.s.w.f.CommonsRequestLoggingFilter - DATA REQUEST: GET /v3/api-docs, headers=[host:"localhost:8081", connection:"keep-alive", sec-ch-ua-platform:""Windows"", user-agent:"Mozilla/5.0 (Windows NT 10.0; Win64; x64) AppleWebKit/537.36 (KHTML, like Gecko) Chrome/131.0.0.0 Safari/537.36 Edg/131.0.0.0", accept:"application/json,*/*", sec-ch-ua:""Microsoft Edge";v="131", "Chromium";v="131", "Not_A Brand";v="24"", sec-ch-ua-mobile:"?0", sec-fetch-site:"same-origin", sec-fetch-mode:"cors", sec-fetch-dest:"empty", referer:"http://localhost:8081/swagger-ui/index.html", accept-encoding:"gzip, deflate, br, zstd", accept-language:"en-US,en;q=0.9"]] MDC:[traceId=, spanId=]
2025-01-07 15:26:53 [SpringApplicationShutdownHook] INFO  o.s.b.w.e.tomcat.GracefulShutdown - Commencing graceful shutdown. Waiting for active requests to complete MDC:[traceId=, spanId=]
2025-01-07 15:26:53 [tomcat-shutdown] INFO  o.s.b.w.e.tomcat.GracefulShutdown - Graceful shutdown complete MDC:[traceId=, spanId=]
2025-01-07 15:26:53 [SpringApplicationShutdownHook] INFO  o.s.o.j.LocalContainerEntityManagerFactoryBean - Closing JPA EntityManagerFactory for persistence unit 'default' MDC:[traceId=, spanId=]
2025-01-07 15:26:53 [SpringApplicationShutdownHook] INFO  com.zaxxer.hikari.HikariDataSource - HikariPool-1 - Shutdown initiated... MDC:[traceId=, spanId=]
2025-01-07 15:26:53 [SpringApplicationShutdownHook] INFO  com.zaxxer.hikari.HikariDataSource - HikariPool-1 - Shutdown completed. MDC:[traceId=, spanId=]
2025-01-07 15:26:59 [main] INFO  o.v.p.ProductManagementServiceApplication - Starting ProductManagementServiceApplication using Java 17.0.2 with PID 15108 (D:\java\Springboot\HyggeEcommerce\ProductManagementService\target\classes started by PC in D:\java\Springboot\HyggeEcommerce) MDC:[traceId=, spanId=]
2025-01-07 15:26:59 [main] INFO  o.v.p.ProductManagementServiceApplication - No active profile set, falling back to 1 default profile: "default" MDC:[traceId=, spanId=]
2025-01-07 15:26:59 [main] INFO  o.s.c.c.c.ConfigServerConfigDataLoader - Fetching config from server at : http://localhost:8888/ MDC:[traceId=, spanId=]
2025-01-07 15:26:59 [main] INFO  o.s.c.c.c.ConfigServerConfigDataLoader - Located environment: name=product-manage-service, profiles=[default], label=null, version=null, state=null MDC:[traceId=, spanId=]
2025-01-07 15:26:59 [main] INFO  o.s.d.r.c.RepositoryConfigurationDelegate - Multiple Spring Data modules found, entering strict repository configuration mode MDC:[traceId=, spanId=]
2025-01-07 15:26:59 [main] INFO  o.s.d.r.c.RepositoryConfigurationDelegate - Bootstrapping Spring Data JPA repositories in DEFAULT mode. MDC:[traceId=, spanId=]
2025-01-07 15:27:00 [main] INFO  o.s.d.r.c.RepositoryConfigurationDelegate - Finished Spring Data repository scanning in 95 ms. Found 1 JPA repository interface. MDC:[traceId=, spanId=]
2025-01-07 15:27:00 [main] INFO  o.s.d.r.c.RepositoryConfigurationDelegate - Multiple Spring Data modules found, entering strict repository configuration mode MDC:[traceId=, spanId=]
2025-01-07 15:27:00 [main] INFO  o.s.d.r.c.RepositoryConfigurationDelegate - Bootstrapping Spring Data Redis repositories in DEFAULT mode. MDC:[traceId=, spanId=]
2025-01-07 15:27:00 [main] INFO  o.s.d.r.c.RepositoryConfigurationExtensionSupport - Spring Data Redis - Could not safely identify store assignment for repository candidate interface org.vdt.productmanagementservice.repositories.CategoryRepository; If you want this repository to be a Redis repository, consider annotating your entities with one of these annotations: org.springframework.data.redis.core.RedisHash (preferred), or consider extending one of the following types with your repository: org.springframework.data.keyvalue.repository.KeyValueRepository MDC:[traceId=, spanId=]
2025-01-07 15:27:00 [main] INFO  o.s.d.r.c.RepositoryConfigurationDelegate - Finished Spring Data repository scanning in 5 ms. Found 0 Redis repository interfaces. MDC:[traceId=, spanId=]
2025-01-07 15:27:00 [main] INFO  o.s.cloud.context.scope.GenericScope - BeanFactory id=1c3a8de3-0f25-3458-8ea2-b52b63c27ffb MDC:[traceId=, spanId=]
2025-01-07 15:27:00 [main] INFO  o.s.b.w.e.tomcat.TomcatWebServer - Tomcat initialized with port 8081 (http) MDC:[traceId=, spanId=]
2025-01-07 15:27:00 [main] INFO  o.a.coyote.http11.Http11NioProtocol - Initializing ProtocolHandler ["http-nio-8081"] MDC:[traceId=, spanId=]
2025-01-07 15:27:00 [main] INFO  o.a.catalina.core.StandardService - Starting service [Tomcat] MDC:[traceId=, spanId=]
2025-01-07 15:27:00 [main] INFO  o.a.catalina.core.StandardEngine - Starting Servlet engine: [Apache Tomcat/10.1.34] MDC:[traceId=, spanId=]
2025-01-07 15:27:00 [main] INFO  o.a.c.c.C.[Tomcat].[localhost].[/] - Initializing Spring embedded WebApplicationContext MDC:[traceId=, spanId=]
2025-01-07 15:27:00 [main] INFO  o.s.b.w.s.c.ServletWebServerApplicationContext - Root WebApplicationContext: initialization completed in 1299 ms MDC:[traceId=, spanId=]
2025-01-07 15:27:00 [main] DEBUG o.s.w.f.CommonsRequestLoggingFilter - Filter 'requestLoggingFilter' configured for use MDC:[traceId=, spanId=]
2025-01-07 15:27:01 [main] INFO  o.s.o.j.p.SpringPersistenceUnitInfo - No LoadTimeWeaver setup: ignoring JPA class transformer MDC:[traceId=, spanId=]
2025-01-07 15:27:01 [main] INFO  com.zaxxer.hikari.HikariDataSource - HikariPool-1 - Starting... MDC:[traceId=, spanId=]
2025-01-07 15:27:01 [main] INFO  com.zaxxer.hikari.pool.HikariPool - HikariPool-1 - Added connection com.mysql.cj.jdbc.ConnectionImpl@236f3885 MDC:[traceId=, spanId=]
2025-01-07 15:27:01 [main] INFO  com.zaxxer.hikari.HikariDataSource - HikariPool-1 - Start completed. MDC:[traceId=, spanId=]
2025-01-07 15:27:02 [main] INFO  o.s.o.j.LocalContainerEntityManagerFactoryBean - Initialized JPA EntityManagerFactory for persistence unit 'default' MDC:[traceId=, spanId=]
2025-01-07 15:27:02 [main] WARN  o.s.b.a.o.j.JpaBaseConfiguration$JpaWebConfiguration - spring.jpa.open-in-view is enabled by default. Therefore, database queries may be performed during view rendering. Explicitly configure spring.jpa.open-in-view to disable this warning MDC:[traceId=, spanId=]
2025-01-07 15:27:03 [main] INFO  o.a.coyote.http11.Http11NioProtocol - Starting ProtocolHandler ["http-nio-8081"] MDC:[traceId=, spanId=]
2025-01-07 15:27:03 [main] INFO  o.s.b.w.e.tomcat.TomcatWebServer - Tomcat started on port 8081 (http) with context path '/' MDC:[traceId=, spanId=]
2025-01-07 15:27:03 [main] INFO  o.v.p.ProductManagementServiceApplication - Started ProductManagementServiceApplication in 5.68 seconds (process running for 6.47) MDC:[traceId=, spanId=]
2025-01-07 15:27:06 [http-nio-8081-exec-1] INFO  o.a.c.c.C.[Tomcat].[localhost].[/] - Initializing Spring DispatcherServlet 'dispatcherServlet' MDC:[traceId=, spanId=]
2025-01-07 15:27:06 [http-nio-8081-exec-1] INFO  o.s.web.servlet.DispatcherServlet - Initializing Servlet 'dispatcherServlet' MDC:[traceId=, spanId=]
2025-01-07 15:27:06 [http-nio-8081-exec-1] INFO  o.s.web.servlet.DispatcherServlet - Completed initialization in 2 ms MDC:[traceId=, spanId=]
2025-01-07 15:27:06 [http-nio-8081-exec-1] DEBUG o.s.w.f.CommonsRequestLoggingFilter - Before request [GET /swagger-ui/index.html, headers=[host:"localhost:8081", connection:"keep-alive", cache-control:"max-age=0", sec-ch-ua:""Microsoft Edge";v="131", "Chromium";v="131", "Not_A Brand";v="24"", sec-ch-ua-mobile:"?0", sec-ch-ua-platform:""Windows"", upgrade-insecure-requests:"1", user-agent:"Mozilla/5.0 (Windows NT 10.0; Win64; x64) AppleWebKit/537.36 (KHTML, like Gecko) Chrome/131.0.0.0 Safari/537.36 Edg/131.0.0.0", accept:"text/html,application/xhtml+xml,application/xml;q=0.9,image/avif,image/webp,image/apng,*/*;q=0.8,application/signed-exchange;v=b3;q=0.7", sec-fetch-site:"same-origin", sec-fetch-mode:"navigate", sec-fetch-user:"?1", sec-fetch-dest:"document", accept-encoding:"gzip, deflate, br, zstd", accept-language:"en-US,en;q=0.9", if-modified-since:"Fri, 31 Mar 2023 14:44:14 GMT"]] MDC:[traceId=, spanId=]
2025-01-07 15:27:06 [http-nio-8081-exec-1] DEBUG o.s.w.f.CommonsRequestLoggingFilter - DATA REQUEST: GET /swagger-ui/index.html, headers=[host:"localhost:8081", connection:"keep-alive", cache-control:"max-age=0", sec-ch-ua:""Microsoft Edge";v="131", "Chromium";v="131", "Not_A Brand";v="24"", sec-ch-ua-mobile:"?0", sec-ch-ua-platform:""Windows"", upgrade-insecure-requests:"1", user-agent:"Mozilla/5.0 (Windows NT 10.0; Win64; x64) AppleWebKit/537.36 (KHTML, like Gecko) Chrome/131.0.0.0 Safari/537.36 Edg/131.0.0.0", accept:"text/html,application/xhtml+xml,application/xml;q=0.9,image/avif,image/webp,image/apng,*/*;q=0.8,application/signed-exchange;v=b3;q=0.7", sec-fetch-site:"same-origin", sec-fetch-mode:"navigate", sec-fetch-user:"?1", sec-fetch-dest:"document", accept-encoding:"gzip, deflate, br, zstd", accept-language:"en-US,en;q=0.9", if-modified-since:"Fri, 31 Mar 2023 14:44:14 GMT"]] MDC:[traceId=, spanId=]
2025-01-07 15:27:06 [http-nio-8081-exec-2] DEBUG o.s.w.f.CommonsRequestLoggingFilter - Before request [GET /swagger-ui/swagger-initializer.js, headers=[host:"localhost:8081", connection:"keep-alive", sec-ch-ua-platform:""Windows"", user-agent:"Mozilla/5.0 (Windows NT 10.0; Win64; x64) AppleWebKit/537.36 (KHTML, like Gecko) Chrome/131.0.0.0 Safari/537.36 Edg/131.0.0.0", sec-ch-ua:""Microsoft Edge";v="131", "Chromium";v="131", "Not_A Brand";v="24"", sec-ch-ua-mobile:"?0", accept:"*/*", sec-fetch-site:"same-origin", sec-fetch-mode:"no-cors", sec-fetch-dest:"script", referer:"http://localhost:8081/swagger-ui/index.html", accept-encoding:"gzip, deflate, br, zstd", accept-language:"en-US,en;q=0.9"]] MDC:[traceId=, spanId=]
2025-01-07 15:27:06 [http-nio-8081-exec-2] DEBUG o.s.w.f.CommonsRequestLoggingFilter - DATA REQUEST: GET /swagger-ui/swagger-initializer.js, headers=[host:"localhost:8081", connection:"keep-alive", sec-ch-ua-platform:""Windows"", user-agent:"Mozilla/5.0 (Windows NT 10.0; Win64; x64) AppleWebKit/537.36 (KHTML, like Gecko) Chrome/131.0.0.0 Safari/537.36 Edg/131.0.0.0", sec-ch-ua:""Microsoft Edge";v="131", "Chromium";v="131", "Not_A Brand";v="24"", sec-ch-ua-mobile:"?0", accept:"*/*", sec-fetch-site:"same-origin", sec-fetch-mode:"no-cors", sec-fetch-dest:"script", referer:"http://localhost:8081/swagger-ui/index.html", accept-encoding:"gzip, deflate, br, zstd", accept-language:"en-US,en;q=0.9"]] MDC:[traceId=, spanId=]
2025-01-07 15:27:06 [http-nio-8081-exec-3] DEBUG o.s.w.f.CommonsRequestLoggingFilter - Before request [GET /v3/api-docs/swagger-config, headers=[host:"localhost:8081", connection:"keep-alive", sec-ch-ua-platform:""Windows"", user-agent:"Mozilla/5.0 (Windows NT 10.0; Win64; x64) AppleWebKit/537.36 (KHTML, like Gecko) Chrome/131.0.0.0 Safari/537.36 Edg/131.0.0.0", sec-ch-ua:""Microsoft Edge";v="131", "Chromium";v="131", "Not_A Brand";v="24"", sec-ch-ua-mobile:"?0", accept:"*/*", sec-fetch-site:"same-origin", sec-fetch-mode:"cors", sec-fetch-dest:"empty", referer:"http://localhost:8081/swagger-ui/index.html", accept-encoding:"gzip, deflate, br, zstd", accept-language:"en-US,en;q=0.9"]] MDC:[traceId=, spanId=]
2025-01-07 15:27:06 [http-nio-8081-exec-3] DEBUG o.s.w.f.CommonsRequestLoggingFilter - DATA REQUEST: GET /v3/api-docs/swagger-config, headers=[host:"localhost:8081", connection:"keep-alive", sec-ch-ua-platform:""Windows"", user-agent:"Mozilla/5.0 (Windows NT 10.0; Win64; x64) AppleWebKit/537.36 (KHTML, like Gecko) Chrome/131.0.0.0 Safari/537.36 Edg/131.0.0.0", sec-ch-ua:""Microsoft Edge";v="131", "Chromium";v="131", "Not_A Brand";v="24"", sec-ch-ua-mobile:"?0", accept:"*/*", sec-fetch-site:"same-origin", sec-fetch-mode:"cors", sec-fetch-dest:"empty", referer:"http://localhost:8081/swagger-ui/index.html", accept-encoding:"gzip, deflate, br, zstd", accept-language:"en-US,en;q=0.9"]] MDC:[traceId=, spanId=]
2025-01-07 15:27:06 [http-nio-8081-exec-4] DEBUG o.s.w.f.CommonsRequestLoggingFilter - Before request [GET /v3/api-docs, headers=[host:"localhost:8081", connection:"keep-alive", sec-ch-ua-platform:""Windows"", user-agent:"Mozilla/5.0 (Windows NT 10.0; Win64; x64) AppleWebKit/537.36 (KHTML, like Gecko) Chrome/131.0.0.0 Safari/537.36 Edg/131.0.0.0", accept:"application/json,*/*", sec-ch-ua:""Microsoft Edge";v="131", "Chromium";v="131", "Not_A Brand";v="24"", sec-ch-ua-mobile:"?0", sec-fetch-site:"same-origin", sec-fetch-mode:"cors", sec-fetch-dest:"empty", referer:"http://localhost:8081/swagger-ui/index.html", accept-encoding:"gzip, deflate, br, zstd", accept-language:"en-US,en;q=0.9"]] MDC:[traceId=, spanId=]
2025-01-07 15:27:06 [http-nio-8081-exec-4] INFO  o.s.api.AbstractOpenApiResource - Init duration for springdoc-openapi is: 183 ms MDC:[traceId=, spanId=]
2025-01-07 15:27:06 [http-nio-8081-exec-4] DEBUG o.s.w.f.CommonsRequestLoggingFilter - DATA REQUEST: GET /v3/api-docs, headers=[host:"localhost:8081", connection:"keep-alive", sec-ch-ua-platform:""Windows"", user-agent:"Mozilla/5.0 (Windows NT 10.0; Win64; x64) AppleWebKit/537.36 (KHTML, like Gecko) Chrome/131.0.0.0 Safari/537.36 Edg/131.0.0.0", accept:"application/json,*/*", sec-ch-ua:""Microsoft Edge";v="131", "Chromium";v="131", "Not_A Brand";v="24"", sec-ch-ua-mobile:"?0", sec-fetch-site:"same-origin", sec-fetch-mode:"cors", sec-fetch-dest:"empty", referer:"http://localhost:8081/swagger-ui/index.html", accept-encoding:"gzip, deflate, br, zstd", accept-language:"en-US,en;q=0.9"]] MDC:[traceId=, spanId=]
2025-01-07 15:27:14 [http-nio-8081-exec-5] DEBUG o.s.w.f.CommonsRequestLoggingFilter - Before request [POST /category/create, headers=[host:"localhost:8081", connection:"keep-alive", content-length:"51847", sec-ch-ua-platform:""Windows"", user-agent:"Mozilla/5.0 (Windows NT 10.0; Win64; x64) AppleWebKit/537.36 (KHTML, like Gecko) Chrome/131.0.0.0 Safari/537.36 Edg/131.0.0.0", accept:"application/json", sec-ch-ua:""Microsoft Edge";v="131", "Chromium";v="131", "Not_A Brand";v="24"", sec-ch-ua-mobile:"?0", origin:"http://localhost:8081", sec-fetch-site:"same-origin", sec-fetch-mode:"cors", sec-fetch-dest:"empty", referer:"http://localhost:8081/swagger-ui/index.html", accept-encoding:"gzip, deflate, br, zstd", accept-language:"en-US,en;q=0.9", Content-Type:"multipart/form-data;boundary=----WebKitFormBoundaryD9RsySQwXSBaTjsF;charset=UTF-8"]] MDC:[traceId=, spanId=]
2025-01-07 15:27:14 [http-nio-8081-exec-5] WARN  o.s.w.s.m.s.DefaultHandlerExceptionResolver - Resolved [org.springframework.web.HttpMediaTypeNotSupportedException: Content-Type 'application/octet-stream' is not supported] MDC:[traceId=, spanId=]
2025-01-07 15:27:14 [http-nio-8081-exec-5] DEBUG o.s.w.f.CommonsRequestLoggingFilter - DATA REQUEST: POST /category/create, headers=[host:"localhost:8081", connection:"keep-alive", content-length:"51847", sec-ch-ua-platform:""Windows"", user-agent:"Mozilla/5.0 (Windows NT 10.0; Win64; x64) AppleWebKit/537.36 (KHTML, like Gecko) Chrome/131.0.0.0 Safari/537.36 Edg/131.0.0.0", accept:"application/json", sec-ch-ua:""Microsoft Edge";v="131", "Chromium";v="131", "Not_A Brand";v="24"", sec-ch-ua-mobile:"?0", origin:"http://localhost:8081", sec-fetch-site:"same-origin", sec-fetch-mode:"cors", sec-fetch-dest:"empty", referer:"http://localhost:8081/swagger-ui/index.html", accept-encoding:"gzip, deflate, br, zstd", accept-language:"en-US,en;q=0.9", Content-Type:"multipart/form-data;boundary=----WebKitFormBoundaryD9RsySQwXSBaTjsF;charset=UTF-8"]] MDC:[traceId=, spanId=]
2025-01-07 15:27:15 [http-nio-8081-exec-6] DEBUG o.s.w.f.CommonsRequestLoggingFilter - Before request [POST /category/create, headers=[host:"localhost:8081", connection:"keep-alive", content-length:"51847", sec-ch-ua-platform:""Windows"", user-agent:"Mozilla/5.0 (Windows NT 10.0; Win64; x64) AppleWebKit/537.36 (KHTML, like Gecko) Chrome/131.0.0.0 Safari/537.36 Edg/131.0.0.0", accept:"application/json", sec-ch-ua:""Microsoft Edge";v="131", "Chromium";v="131", "Not_A Brand";v="24"", sec-ch-ua-mobile:"?0", origin:"http://localhost:8081", sec-fetch-site:"same-origin", sec-fetch-mode:"cors", sec-fetch-dest:"empty", referer:"http://localhost:8081/swagger-ui/index.html", accept-encoding:"gzip, deflate, br, zstd", accept-language:"en-US,en;q=0.9", Content-Type:"multipart/form-data;boundary=----WebKitFormBoundaryfR1DnbD7pA2gXfUa;charset=UTF-8"]] MDC:[traceId=, spanId=]
2025-01-07 15:27:15 [http-nio-8081-exec-6] WARN  o.s.w.s.m.s.DefaultHandlerExceptionResolver - Resolved [org.springframework.web.HttpMediaTypeNotSupportedException: Content-Type 'application/octet-stream' is not supported] MDC:[traceId=, spanId=]
2025-01-07 15:27:15 [http-nio-8081-exec-6] DEBUG o.s.w.f.CommonsRequestLoggingFilter - DATA REQUEST: POST /category/create, headers=[host:"localhost:8081", connection:"keep-alive", content-length:"51847", sec-ch-ua-platform:""Windows"", user-agent:"Mozilla/5.0 (Windows NT 10.0; Win64; x64) AppleWebKit/537.36 (KHTML, like Gecko) Chrome/131.0.0.0 Safari/537.36 Edg/131.0.0.0", accept:"application/json", sec-ch-ua:""Microsoft Edge";v="131", "Chromium";v="131", "Not_A Brand";v="24"", sec-ch-ua-mobile:"?0", origin:"http://localhost:8081", sec-fetch-site:"same-origin", sec-fetch-mode:"cors", sec-fetch-dest:"empty", referer:"http://localhost:8081/swagger-ui/index.html", accept-encoding:"gzip, deflate, br, zstd", accept-language:"en-US,en;q=0.9", Content-Type:"multipart/form-data;boundary=----WebKitFormBoundaryfR1DnbD7pA2gXfUa;charset=UTF-8"]] MDC:[traceId=, spanId=]
2025-01-07 15:28:19 [SpringApplicationShutdownHook] INFO  o.s.b.w.e.tomcat.GracefulShutdown - Commencing graceful shutdown. Waiting for active requests to complete MDC:[traceId=, spanId=]
2025-01-07 15:28:19 [tomcat-shutdown] INFO  o.s.b.w.e.tomcat.GracefulShutdown - Graceful shutdown complete MDC:[traceId=, spanId=]
2025-01-07 15:28:19 [SpringApplicationShutdownHook] INFO  o.s.o.j.LocalContainerEntityManagerFactoryBean - Closing JPA EntityManagerFactory for persistence unit 'default' MDC:[traceId=, spanId=]
2025-01-07 15:28:19 [SpringApplicationShutdownHook] INFO  com.zaxxer.hikari.HikariDataSource - HikariPool-1 - Shutdown initiated... MDC:[traceId=, spanId=]
2025-01-07 15:28:19 [SpringApplicationShutdownHook] INFO  com.zaxxer.hikari.HikariDataSource - HikariPool-1 - Shutdown completed. MDC:[traceId=, spanId=]
2025-01-07 15:28:24 [main] INFO  o.v.p.ProductManagementServiceApplication - Starting ProductManagementServiceApplication using Java 17.0.2 with PID 20900 (D:\java\Springboot\HyggeEcommerce\ProductManagementService\target\classes started by PC in D:\java\Springboot\HyggeEcommerce) MDC:[traceId=, spanId=]
2025-01-07 15:28:24 [main] INFO  o.v.p.ProductManagementServiceApplication - No active profile set, falling back to 1 default profile: "default" MDC:[traceId=, spanId=]
2025-01-07 15:28:24 [main] INFO  o.s.c.c.c.ConfigServerConfigDataLoader - Fetching config from server at : http://localhost:8888/ MDC:[traceId=, spanId=]
2025-01-07 15:28:24 [main] INFO  o.s.c.c.c.ConfigServerConfigDataLoader - Located environment: name=product-manage-service, profiles=[default], label=null, version=null, state=null MDC:[traceId=, spanId=]
2025-01-07 15:28:25 [main] INFO  o.s.d.r.c.RepositoryConfigurationDelegate - Multiple Spring Data modules found, entering strict repository configuration mode MDC:[traceId=, spanId=]
2025-01-07 15:28:25 [main] INFO  o.s.d.r.c.RepositoryConfigurationDelegate - Bootstrapping Spring Data JPA repositories in DEFAULT mode. MDC:[traceId=, spanId=]
2025-01-07 15:28:25 [main] INFO  o.s.d.r.c.RepositoryConfigurationDelegate - Finished Spring Data repository scanning in 89 ms. Found 1 JPA repository interface. MDC:[traceId=, spanId=]
2025-01-07 15:28:25 [main] INFO  o.s.d.r.c.RepositoryConfigurationDelegate - Multiple Spring Data modules found, entering strict repository configuration mode MDC:[traceId=, spanId=]
2025-01-07 15:28:25 [main] INFO  o.s.d.r.c.RepositoryConfigurationDelegate - Bootstrapping Spring Data Redis repositories in DEFAULT mode. MDC:[traceId=, spanId=]
2025-01-07 15:28:25 [main] INFO  o.s.d.r.c.RepositoryConfigurationExtensionSupport - Spring Data Redis - Could not safely identify store assignment for repository candidate interface org.vdt.productmanagementservice.repositories.CategoryRepository; If you want this repository to be a Redis repository, consider annotating your entities with one of these annotations: org.springframework.data.redis.core.RedisHash (preferred), or consider extending one of the following types with your repository: org.springframework.data.keyvalue.repository.KeyValueRepository MDC:[traceId=, spanId=]
2025-01-07 15:28:25 [main] INFO  o.s.d.r.c.RepositoryConfigurationDelegate - Finished Spring Data repository scanning in 4 ms. Found 0 Redis repository interfaces. MDC:[traceId=, spanId=]
2025-01-07 15:28:25 [main] INFO  o.s.cloud.context.scope.GenericScope - BeanFactory id=1c3a8de3-0f25-3458-8ea2-b52b63c27ffb MDC:[traceId=, spanId=]
2025-01-07 15:28:26 [main] INFO  o.s.b.w.e.tomcat.TomcatWebServer - Tomcat initialized with port 8081 (http) MDC:[traceId=, spanId=]
2025-01-07 15:28:26 [main] INFO  o.a.coyote.http11.Http11NioProtocol - Initializing ProtocolHandler ["http-nio-8081"] MDC:[traceId=, spanId=]
2025-01-07 15:28:26 [main] INFO  o.a.catalina.core.StandardService - Starting service [Tomcat] MDC:[traceId=, spanId=]
2025-01-07 15:28:26 [main] INFO  o.a.catalina.core.StandardEngine - Starting Servlet engine: [Apache Tomcat/10.1.34] MDC:[traceId=, spanId=]
2025-01-07 15:28:26 [main] INFO  o.a.c.c.C.[Tomcat].[localhost].[/] - Initializing Spring embedded WebApplicationContext MDC:[traceId=, spanId=]
2025-01-07 15:28:26 [main] INFO  o.s.b.w.s.c.ServletWebServerApplicationContext - Root WebApplicationContext: initialization completed in 1303 ms MDC:[traceId=, spanId=]
2025-01-07 15:28:26 [main] DEBUG o.s.w.f.CommonsRequestLoggingFilter - Filter 'requestLoggingFilter' configured for use MDC:[traceId=, spanId=]
2025-01-07 15:28:26 [main] INFO  o.s.o.j.p.SpringPersistenceUnitInfo - No LoadTimeWeaver setup: ignoring JPA class transformer MDC:[traceId=, spanId=]
2025-01-07 15:28:26 [main] INFO  com.zaxxer.hikari.HikariDataSource - HikariPool-1 - Starting... MDC:[traceId=, spanId=]
2025-01-07 15:28:26 [main] INFO  com.zaxxer.hikari.pool.HikariPool - HikariPool-1 - Added connection com.mysql.cj.jdbc.ConnectionImpl@77622c82 MDC:[traceId=, spanId=]
2025-01-07 15:28:26 [main] INFO  com.zaxxer.hikari.HikariDataSource - HikariPool-1 - Start completed. MDC:[traceId=, spanId=]
2025-01-07 15:28:28 [main] INFO  o.s.o.j.LocalContainerEntityManagerFactoryBean - Initialized JPA EntityManagerFactory for persistence unit 'default' MDC:[traceId=, spanId=]
2025-01-07 15:28:28 [main] WARN  o.s.b.a.o.j.JpaBaseConfiguration$JpaWebConfiguration - spring.jpa.open-in-view is enabled by default. Therefore, database queries may be performed during view rendering. Explicitly configure spring.jpa.open-in-view to disable this warning MDC:[traceId=, spanId=]
2025-01-07 15:28:28 [main] INFO  o.a.coyote.http11.Http11NioProtocol - Starting ProtocolHandler ["http-nio-8081"] MDC:[traceId=, spanId=]
2025-01-07 15:28:29 [main] INFO  o.s.b.w.e.tomcat.TomcatWebServer - Tomcat started on port 8081 (http) with context path '/' MDC:[traceId=, spanId=]
2025-01-07 15:28:29 [main] INFO  o.v.p.ProductManagementServiceApplication - Started ProductManagementServiceApplication in 5.343 seconds (process running for 6.046) MDC:[traceId=, spanId=]
2025-01-07 15:29:12 [http-nio-8081-exec-1] INFO  o.a.c.c.C.[Tomcat].[localhost].[/] - Initializing Spring DispatcherServlet 'dispatcherServlet' MDC:[traceId=, spanId=]
2025-01-07 15:29:12 [http-nio-8081-exec-1] INFO  o.s.web.servlet.DispatcherServlet - Initializing Servlet 'dispatcherServlet' MDC:[traceId=, spanId=]
2025-01-07 15:29:12 [http-nio-8081-exec-1] INFO  o.s.web.servlet.DispatcherServlet - Completed initialization in 1 ms MDC:[traceId=, spanId=]
2025-01-07 15:29:12 [http-nio-8081-exec-1] DEBUG o.s.w.f.CommonsRequestLoggingFilter - Before request [GET /swagger-ui/index.html, headers=[host:"localhost:8081", connection:"keep-alive", cache-control:"max-age=0", sec-ch-ua:""Microsoft Edge";v="131", "Chromium";v="131", "Not_A Brand";v="24"", sec-ch-ua-mobile:"?0", sec-ch-ua-platform:""Windows"", upgrade-insecure-requests:"1", user-agent:"Mozilla/5.0 (Windows NT 10.0; Win64; x64) AppleWebKit/537.36 (KHTML, like Gecko) Chrome/131.0.0.0 Safari/537.36 Edg/131.0.0.0", accept:"text/html,application/xhtml+xml,application/xml;q=0.9,image/avif,image/webp,image/apng,*/*;q=0.8,application/signed-exchange;v=b3;q=0.7", sec-fetch-site:"same-origin", sec-fetch-mode:"navigate", sec-fetch-user:"?1", sec-fetch-dest:"document", accept-encoding:"gzip, deflate, br, zstd", accept-language:"en-US,en;q=0.9", if-modified-since:"Fri, 31 Mar 2023 14:44:14 GMT"]] MDC:[traceId=, spanId=]
2025-01-07 15:29:12 [http-nio-8081-exec-1] DEBUG o.s.w.f.CommonsRequestLoggingFilter - DATA REQUEST: GET /swagger-ui/index.html, headers=[host:"localhost:8081", connection:"keep-alive", cache-control:"max-age=0", sec-ch-ua:""Microsoft Edge";v="131", "Chromium";v="131", "Not_A Brand";v="24"", sec-ch-ua-mobile:"?0", sec-ch-ua-platform:""Windows"", upgrade-insecure-requests:"1", user-agent:"Mozilla/5.0 (Windows NT 10.0; Win64; x64) AppleWebKit/537.36 (KHTML, like Gecko) Chrome/131.0.0.0 Safari/537.36 Edg/131.0.0.0", accept:"text/html,application/xhtml+xml,application/xml;q=0.9,image/avif,image/webp,image/apng,*/*;q=0.8,application/signed-exchange;v=b3;q=0.7", sec-fetch-site:"same-origin", sec-fetch-mode:"navigate", sec-fetch-user:"?1", sec-fetch-dest:"document", accept-encoding:"gzip, deflate, br, zstd", accept-language:"en-US,en;q=0.9", if-modified-since:"Fri, 31 Mar 2023 14:44:14 GMT"]] MDC:[traceId=, spanId=]
2025-01-07 15:29:12 [http-nio-8081-exec-3] DEBUG o.s.w.f.CommonsRequestLoggingFilter - Before request [GET /swagger-ui/swagger-initializer.js, headers=[host:"localhost:8081", connection:"keep-alive", sec-ch-ua-platform:""Windows"", user-agent:"Mozilla/5.0 (Windows NT 10.0; Win64; x64) AppleWebKit/537.36 (KHTML, like Gecko) Chrome/131.0.0.0 Safari/537.36 Edg/131.0.0.0", sec-ch-ua:""Microsoft Edge";v="131", "Chromium";v="131", "Not_A Brand";v="24"", sec-ch-ua-mobile:"?0", accept:"*/*", sec-fetch-site:"same-origin", sec-fetch-mode:"no-cors", sec-fetch-dest:"script", referer:"http://localhost:8081/swagger-ui/index.html", accept-encoding:"gzip, deflate, br, zstd", accept-language:"en-US,en;q=0.9"]] MDC:[traceId=, spanId=]
2025-01-07 15:29:12 [http-nio-8081-exec-3] DEBUG o.s.w.f.CommonsRequestLoggingFilter - DATA REQUEST: GET /swagger-ui/swagger-initializer.js, headers=[host:"localhost:8081", connection:"keep-alive", sec-ch-ua-platform:""Windows"", user-agent:"Mozilla/5.0 (Windows NT 10.0; Win64; x64) AppleWebKit/537.36 (KHTML, like Gecko) Chrome/131.0.0.0 Safari/537.36 Edg/131.0.0.0", sec-ch-ua:""Microsoft Edge";v="131", "Chromium";v="131", "Not_A Brand";v="24"", sec-ch-ua-mobile:"?0", accept:"*/*", sec-fetch-site:"same-origin", sec-fetch-mode:"no-cors", sec-fetch-dest:"script", referer:"http://localhost:8081/swagger-ui/index.html", accept-encoding:"gzip, deflate, br, zstd", accept-language:"en-US,en;q=0.9"]] MDC:[traceId=, spanId=]
2025-01-07 15:29:12 [http-nio-8081-exec-10] DEBUG o.s.w.f.CommonsRequestLoggingFilter - Before request [GET /v3/api-docs/swagger-config, headers=[host:"localhost:8081", connection:"keep-alive", sec-ch-ua-platform:""Windows"", user-agent:"Mozilla/5.0 (Windows NT 10.0; Win64; x64) AppleWebKit/537.36 (KHTML, like Gecko) Chrome/131.0.0.0 Safari/537.36 Edg/131.0.0.0", sec-ch-ua:""Microsoft Edge";v="131", "Chromium";v="131", "Not_A Brand";v="24"", sec-ch-ua-mobile:"?0", accept:"*/*", sec-fetch-site:"same-origin", sec-fetch-mode:"cors", sec-fetch-dest:"empty", referer:"http://localhost:8081/swagger-ui/index.html", accept-encoding:"gzip, deflate, br, zstd", accept-language:"en-US,en;q=0.9"]] MDC:[traceId=, spanId=]
2025-01-07 15:29:12 [http-nio-8081-exec-10] DEBUG o.s.w.f.CommonsRequestLoggingFilter - DATA REQUEST: GET /v3/api-docs/swagger-config, headers=[host:"localhost:8081", connection:"keep-alive", sec-ch-ua-platform:""Windows"", user-agent:"Mozilla/5.0 (Windows NT 10.0; Win64; x64) AppleWebKit/537.36 (KHTML, like Gecko) Chrome/131.0.0.0 Safari/537.36 Edg/131.0.0.0", sec-ch-ua:""Microsoft Edge";v="131", "Chromium";v="131", "Not_A Brand";v="24"", sec-ch-ua-mobile:"?0", accept:"*/*", sec-fetch-site:"same-origin", sec-fetch-mode:"cors", sec-fetch-dest:"empty", referer:"http://localhost:8081/swagger-ui/index.html", accept-encoding:"gzip, deflate, br, zstd", accept-language:"en-US,en;q=0.9"]] MDC:[traceId=, spanId=]
2025-01-07 15:29:13 [http-nio-8081-exec-2] DEBUG o.s.w.f.CommonsRequestLoggingFilter - Before request [GET /v3/api-docs, headers=[host:"localhost:8081", connection:"keep-alive", sec-ch-ua-platform:""Windows"", user-agent:"Mozilla/5.0 (Windows NT 10.0; Win64; x64) AppleWebKit/537.36 (KHTML, like Gecko) Chrome/131.0.0.0 Safari/537.36 Edg/131.0.0.0", accept:"application/json,*/*", sec-ch-ua:""Microsoft Edge";v="131", "Chromium";v="131", "Not_A Brand";v="24"", sec-ch-ua-mobile:"?0", sec-fetch-site:"same-origin", sec-fetch-mode:"cors", sec-fetch-dest:"empty", referer:"http://localhost:8081/swagger-ui/index.html", accept-encoding:"gzip, deflate, br, zstd", accept-language:"en-US,en;q=0.9"]] MDC:[traceId=, spanId=]
2025-01-07 15:29:13 [http-nio-8081-exec-2] INFO  o.s.api.AbstractOpenApiResource - Init duration for springdoc-openapi is: 190 ms MDC:[traceId=, spanId=]
2025-01-07 15:29:13 [http-nio-8081-exec-2] DEBUG o.s.w.f.CommonsRequestLoggingFilter - DATA REQUEST: GET /v3/api-docs, headers=[host:"localhost:8081", connection:"keep-alive", sec-ch-ua-platform:""Windows"", user-agent:"Mozilla/5.0 (Windows NT 10.0; Win64; x64) AppleWebKit/537.36 (KHTML, like Gecko) Chrome/131.0.0.0 Safari/537.36 Edg/131.0.0.0", accept:"application/json,*/*", sec-ch-ua:""Microsoft Edge";v="131", "Chromium";v="131", "Not_A Brand";v="24"", sec-ch-ua-mobile:"?0", sec-fetch-site:"same-origin", sec-fetch-mode:"cors", sec-fetch-dest:"empty", referer:"http://localhost:8081/swagger-ui/index.html", accept-encoding:"gzip, deflate, br, zstd", accept-language:"en-US,en;q=0.9"]] MDC:[traceId=, spanId=]
2025-01-07 15:29:24 [http-nio-8081-exec-5] DEBUG o.s.w.f.CommonsRequestLoggingFilter - Before request [POST /category/create, headers=[host:"localhost:8081", connection:"keep-alive", content-length:"145824", sec-ch-ua-platform:""Windows"", user-agent:"Mozilla/5.0 (Windows NT 10.0; Win64; x64) AppleWebKit/537.36 (KHTML, like Gecko) Chrome/131.0.0.0 Safari/537.36 Edg/131.0.0.0", accept:"application/json", sec-ch-ua:""Microsoft Edge";v="131", "Chromium";v="131", "Not_A Brand";v="24"", sec-ch-ua-mobile:"?0", origin:"http://localhost:8081", sec-fetch-site:"same-origin", sec-fetch-mode:"cors", sec-fetch-dest:"empty", referer:"http://localhost:8081/swagger-ui/index.html", accept-encoding:"gzip, deflate, br, zstd", accept-language:"en-US,en;q=0.9", Content-Type:"multipart/form-data;boundary=----WebKitFormBoundarynocUZQoYCPz26cwo;charset=UTF-8"]] MDC:[traceId=, spanId=]
2025-01-07 15:29:24 [http-nio-8081-exec-5] WARN  o.s.w.s.m.s.DefaultHandlerExceptionResolver - Resolved [org.springframework.web.HttpMediaTypeNotSupportedException: Content-Type 'application/octet-stream' is not supported] MDC:[traceId=, spanId=]
2025-01-07 15:29:24 [http-nio-8081-exec-5] DEBUG o.s.w.f.CommonsRequestLoggingFilter - DATA REQUEST: POST /category/create, headers=[host:"localhost:8081", connection:"keep-alive", content-length:"145824", sec-ch-ua-platform:""Windows"", user-agent:"Mozilla/5.0 (Windows NT 10.0; Win64; x64) AppleWebKit/537.36 (KHTML, like Gecko) Chrome/131.0.0.0 Safari/537.36 Edg/131.0.0.0", accept:"application/json", sec-ch-ua:""Microsoft Edge";v="131", "Chromium";v="131", "Not_A Brand";v="24"", sec-ch-ua-mobile:"?0", origin:"http://localhost:8081", sec-fetch-site:"same-origin", sec-fetch-mode:"cors", sec-fetch-dest:"empty", referer:"http://localhost:8081/swagger-ui/index.html", accept-encoding:"gzip, deflate, br, zstd", accept-language:"en-US,en;q=0.9", Content-Type:"multipart/form-data;boundary=----WebKitFormBoundarynocUZQoYCPz26cwo;charset=UTF-8"]] MDC:[traceId=, spanId=]
2025-01-07 15:29:25 [http-nio-8081-exec-6] DEBUG o.s.w.f.CommonsRequestLoggingFilter - Before request [POST /category/create, headers=[host:"localhost:8081", connection:"keep-alive", content-length:"145824", sec-ch-ua-platform:""Windows"", user-agent:"Mozilla/5.0 (Windows NT 10.0; Win64; x64) AppleWebKit/537.36 (KHTML, like Gecko) Chrome/131.0.0.0 Safari/537.36 Edg/131.0.0.0", accept:"application/json", sec-ch-ua:""Microsoft Edge";v="131", "Chromium";v="131", "Not_A Brand";v="24"", sec-ch-ua-mobile:"?0", origin:"http://localhost:8081", sec-fetch-site:"same-origin", sec-fetch-mode:"cors", sec-fetch-dest:"empty", referer:"http://localhost:8081/swagger-ui/index.html", accept-encoding:"gzip, deflate, br, zstd", accept-language:"en-US,en;q=0.9", Content-Type:"multipart/form-data;boundary=----WebKitFormBoundary7c1WLsRoOIAN9oYZ;charset=UTF-8"]] MDC:[traceId=, spanId=]
2025-01-07 15:29:25 [http-nio-8081-exec-6] WARN  o.s.w.s.m.s.DefaultHandlerExceptionResolver - Resolved [org.springframework.web.HttpMediaTypeNotSupportedException: Content-Type 'application/octet-stream' is not supported] MDC:[traceId=, spanId=]
2025-01-07 15:29:25 [http-nio-8081-exec-6] DEBUG o.s.w.f.CommonsRequestLoggingFilter - DATA REQUEST: POST /category/create, headers=[host:"localhost:8081", connection:"keep-alive", content-length:"145824", sec-ch-ua-platform:""Windows"", user-agent:"Mozilla/5.0 (Windows NT 10.0; Win64; x64) AppleWebKit/537.36 (KHTML, like Gecko) Chrome/131.0.0.0 Safari/537.36 Edg/131.0.0.0", accept:"application/json", sec-ch-ua:""Microsoft Edge";v="131", "Chromium";v="131", "Not_A Brand";v="24"", sec-ch-ua-mobile:"?0", origin:"http://localhost:8081", sec-fetch-site:"same-origin", sec-fetch-mode:"cors", sec-fetch-dest:"empty", referer:"http://localhost:8081/swagger-ui/index.html", accept-encoding:"gzip, deflate, br, zstd", accept-language:"en-US,en;q=0.9", Content-Type:"multipart/form-data;boundary=----WebKitFormBoundary7c1WLsRoOIAN9oYZ;charset=UTF-8"]] MDC:[traceId=, spanId=]
2025-01-07 15:30:12 [SpringApplicationShutdownHook] INFO  o.s.b.w.e.tomcat.GracefulShutdown - Commencing graceful shutdown. Waiting for active requests to complete MDC:[traceId=, spanId=]
2025-01-07 15:30:12 [tomcat-shutdown] INFO  o.s.b.w.e.tomcat.GracefulShutdown - Graceful shutdown complete MDC:[traceId=, spanId=]
2025-01-07 15:30:12 [SpringApplicationShutdownHook] INFO  o.s.o.j.LocalContainerEntityManagerFactoryBean - Closing JPA EntityManagerFactory for persistence unit 'default' MDC:[traceId=, spanId=]
2025-01-07 15:30:12 [SpringApplicationShutdownHook] INFO  com.zaxxer.hikari.HikariDataSource - HikariPool-1 - Shutdown initiated... MDC:[traceId=, spanId=]
2025-01-07 15:30:12 [SpringApplicationShutdownHook] INFO  com.zaxxer.hikari.HikariDataSource - HikariPool-1 - Shutdown completed. MDC:[traceId=, spanId=]
2025-01-07 15:30:17 [main] INFO  o.v.p.ProductManagementServiceApplication - Starting ProductManagementServiceApplication using Java 17.0.2 with PID 19332 (D:\java\Springboot\HyggeEcommerce\ProductManagementService\target\classes started by PC in D:\java\Springboot\HyggeEcommerce) MDC:[traceId=, spanId=]
2025-01-07 15:30:17 [main] INFO  o.v.p.ProductManagementServiceApplication - No active profile set, falling back to 1 default profile: "default" MDC:[traceId=, spanId=]
2025-01-07 15:30:17 [main] INFO  o.s.c.c.c.ConfigServerConfigDataLoader - Fetching config from server at : http://localhost:8888/ MDC:[traceId=, spanId=]
2025-01-07 15:30:17 [main] INFO  o.s.c.c.c.ConfigServerConfigDataLoader - Located environment: name=product-manage-service, profiles=[default], label=null, version=null, state=null MDC:[traceId=, spanId=]
2025-01-07 15:30:18 [main] INFO  o.s.d.r.c.RepositoryConfigurationDelegate - Multiple Spring Data modules found, entering strict repository configuration mode MDC:[traceId=, spanId=]
2025-01-07 15:30:18 [main] INFO  o.s.d.r.c.RepositoryConfigurationDelegate - Bootstrapping Spring Data JPA repositories in DEFAULT mode. MDC:[traceId=, spanId=]
2025-01-07 15:30:18 [main] INFO  o.s.d.r.c.RepositoryConfigurationDelegate - Finished Spring Data repository scanning in 88 ms. Found 1 JPA repository interface. MDC:[traceId=, spanId=]
2025-01-07 15:30:18 [main] INFO  o.s.d.r.c.RepositoryConfigurationDelegate - Multiple Spring Data modules found, entering strict repository configuration mode MDC:[traceId=, spanId=]
2025-01-07 15:30:18 [main] INFO  o.s.d.r.c.RepositoryConfigurationDelegate - Bootstrapping Spring Data Redis repositories in DEFAULT mode. MDC:[traceId=, spanId=]
2025-01-07 15:30:18 [main] INFO  o.s.d.r.c.RepositoryConfigurationExtensionSupport - Spring Data Redis - Could not safely identify store assignment for repository candidate interface org.vdt.productmanagementservice.repositories.CategoryRepository; If you want this repository to be a Redis repository, consider annotating your entities with one of these annotations: org.springframework.data.redis.core.RedisHash (preferred), or consider extending one of the following types with your repository: org.springframework.data.keyvalue.repository.KeyValueRepository MDC:[traceId=, spanId=]
2025-01-07 15:30:18 [main] INFO  o.s.d.r.c.RepositoryConfigurationDelegate - Finished Spring Data repository scanning in 4 ms. Found 0 Redis repository interfaces. MDC:[traceId=, spanId=]
2025-01-07 15:30:18 [main] INFO  o.s.cloud.context.scope.GenericScope - BeanFactory id=1c3a8de3-0f25-3458-8ea2-b52b63c27ffb MDC:[traceId=, spanId=]
2025-01-07 15:30:18 [main] INFO  o.s.b.w.e.tomcat.TomcatWebServer - Tomcat initialized with port 8081 (http) MDC:[traceId=, spanId=]
2025-01-07 15:30:19 [main] INFO  o.a.coyote.http11.Http11NioProtocol - Initializing ProtocolHandler ["http-nio-8081"] MDC:[traceId=, spanId=]
2025-01-07 15:30:19 [main] INFO  o.a.catalina.core.StandardService - Starting service [Tomcat] MDC:[traceId=, spanId=]
2025-01-07 15:30:19 [main] INFO  o.a.catalina.core.StandardEngine - Starting Servlet engine: [Apache Tomcat/10.1.34] MDC:[traceId=, spanId=]
2025-01-07 15:30:19 [main] INFO  o.a.c.c.C.[Tomcat].[localhost].[/] - Initializing Spring embedded WebApplicationContext MDC:[traceId=, spanId=]
2025-01-07 15:30:19 [main] INFO  o.s.b.w.s.c.ServletWebServerApplicationContext - Root WebApplicationContext: initialization completed in 1282 ms MDC:[traceId=, spanId=]
2025-01-07 15:30:19 [main] DEBUG o.s.w.f.CommonsRequestLoggingFilter - Filter 'requestLoggingFilter' configured for use MDC:[traceId=, spanId=]
2025-01-07 15:30:19 [main] INFO  o.s.o.j.p.SpringPersistenceUnitInfo - No LoadTimeWeaver setup: ignoring JPA class transformer MDC:[traceId=, spanId=]
2025-01-07 15:30:19 [main] INFO  com.zaxxer.hikari.HikariDataSource - HikariPool-1 - Starting... MDC:[traceId=, spanId=]
2025-01-07 15:30:19 [main] INFO  com.zaxxer.hikari.pool.HikariPool - HikariPool-1 - Added connection com.mysql.cj.jdbc.ConnectionImpl@27b7e663 MDC:[traceId=, spanId=]
2025-01-07 15:30:19 [main] INFO  com.zaxxer.hikari.HikariDataSource - HikariPool-1 - Start completed. MDC:[traceId=, spanId=]
2025-01-07 15:30:21 [main] INFO  o.s.o.j.LocalContainerEntityManagerFactoryBean - Initialized JPA EntityManagerFactory for persistence unit 'default' MDC:[traceId=, spanId=]
2025-01-07 15:30:21 [main] WARN  o.s.b.a.o.j.JpaBaseConfiguration$JpaWebConfiguration - spring.jpa.open-in-view is enabled by default. Therefore, database queries may be performed during view rendering. Explicitly configure spring.jpa.open-in-view to disable this warning MDC:[traceId=, spanId=]
2025-01-07 15:30:22 [main] INFO  o.a.coyote.http11.Http11NioProtocol - Starting ProtocolHandler ["http-nio-8081"] MDC:[traceId=, spanId=]
2025-01-07 15:30:22 [main] INFO  o.s.b.w.e.tomcat.TomcatWebServer - Tomcat started on port 8081 (http) with context path '/' MDC:[traceId=, spanId=]
2025-01-07 15:30:22 [main] INFO  o.v.p.ProductManagementServiceApplication - Started ProductManagementServiceApplication in 5.38 seconds (process running for 6.065) MDC:[traceId=, spanId=]
2025-01-07 15:30:24 [http-nio-8081-exec-1] INFO  o.a.c.c.C.[Tomcat].[localhost].[/] - Initializing Spring DispatcherServlet 'dispatcherServlet' MDC:[traceId=, spanId=]
2025-01-07 15:30:24 [http-nio-8081-exec-1] INFO  o.s.web.servlet.DispatcherServlet - Initializing Servlet 'dispatcherServlet' MDC:[traceId=, spanId=]
2025-01-07 15:30:24 [http-nio-8081-exec-1] INFO  o.s.web.servlet.DispatcherServlet - Completed initialization in 1 ms MDC:[traceId=, spanId=]
2025-01-07 15:30:24 [http-nio-8081-exec-1] DEBUG o.s.w.f.CommonsRequestLoggingFilter - Before request [POST /category/create, headers=[host:"localhost:8081", connection:"keep-alive", content-length:"145824", sec-ch-ua-platform:""Windows"", user-agent:"Mozilla/5.0 (Windows NT 10.0; Win64; x64) AppleWebKit/537.36 (KHTML, like Gecko) Chrome/131.0.0.0 Safari/537.36 Edg/131.0.0.0", accept:"application/json", sec-ch-ua:""Microsoft Edge";v="131", "Chromium";v="131", "Not_A Brand";v="24"", sec-ch-ua-mobile:"?0", origin:"http://localhost:8081", sec-fetch-site:"same-origin", sec-fetch-mode:"cors", sec-fetch-dest:"empty", referer:"http://localhost:8081/swagger-ui/index.html", accept-encoding:"gzip, deflate, br, zstd", accept-language:"en-US,en;q=0.9", Content-Type:"multipart/form-data;boundary=----WebKitFormBoundaryWWg3aias0sF39VvA;charset=UTF-8"]] MDC:[traceId=, spanId=]
2025-01-07 15:30:24 [http-nio-8081-exec-1] WARN  o.s.w.s.m.s.DefaultHandlerExceptionResolver - Resolved [org.springframework.web.HttpMediaTypeNotSupportedException: Content-Type 'application/octet-stream' is not supported] MDC:[traceId=, spanId=]
2025-01-07 15:30:24 [http-nio-8081-exec-1] DEBUG o.s.w.f.CommonsRequestLoggingFilter - DATA REQUEST: POST /category/create, headers=[host:"localhost:8081", connection:"keep-alive", content-length:"145824", sec-ch-ua-platform:""Windows"", user-agent:"Mozilla/5.0 (Windows NT 10.0; Win64; x64) AppleWebKit/537.36 (KHTML, like Gecko) Chrome/131.0.0.0 Safari/537.36 Edg/131.0.0.0", accept:"application/json", sec-ch-ua:""Microsoft Edge";v="131", "Chromium";v="131", "Not_A Brand";v="24"", sec-ch-ua-mobile:"?0", origin:"http://localhost:8081", sec-fetch-site:"same-origin", sec-fetch-mode:"cors", sec-fetch-dest:"empty", referer:"http://localhost:8081/swagger-ui/index.html", accept-encoding:"gzip, deflate, br, zstd", accept-language:"en-US,en;q=0.9", Content-Type:"multipart/form-data;boundary=----WebKitFormBoundaryWWg3aias0sF39VvA;charset=UTF-8"]] MDC:[traceId=, spanId=]
2025-01-07 15:30:27 [http-nio-8081-exec-2] DEBUG o.s.w.f.CommonsRequestLoggingFilter - Before request [GET /swagger-ui/index.html, headers=[host:"localhost:8081", connection:"keep-alive", cache-control:"max-age=0", sec-ch-ua:""Microsoft Edge";v="131", "Chromium";v="131", "Not_A Brand";v="24"", sec-ch-ua-mobile:"?0", sec-ch-ua-platform:""Windows"", upgrade-insecure-requests:"1", user-agent:"Mozilla/5.0 (Windows NT 10.0; Win64; x64) AppleWebKit/537.36 (KHTML, like Gecko) Chrome/131.0.0.0 Safari/537.36 Edg/131.0.0.0", accept:"text/html,application/xhtml+xml,application/xml;q=0.9,image/avif,image/webp,image/apng,*/*;q=0.8,application/signed-exchange;v=b3;q=0.7", sec-fetch-site:"same-origin", sec-fetch-mode:"navigate", sec-fetch-user:"?1", sec-fetch-dest:"document", accept-encoding:"gzip, deflate, br, zstd", accept-language:"en-US,en;q=0.9", if-modified-since:"Fri, 31 Mar 2023 14:44:14 GMT"]] MDC:[traceId=, spanId=]
2025-01-07 15:30:27 [http-nio-8081-exec-2] DEBUG o.s.w.f.CommonsRequestLoggingFilter - DATA REQUEST: GET /swagger-ui/index.html, headers=[host:"localhost:8081", connection:"keep-alive", cache-control:"max-age=0", sec-ch-ua:""Microsoft Edge";v="131", "Chromium";v="131", "Not_A Brand";v="24"", sec-ch-ua-mobile:"?0", sec-ch-ua-platform:""Windows"", upgrade-insecure-requests:"1", user-agent:"Mozilla/5.0 (Windows NT 10.0; Win64; x64) AppleWebKit/537.36 (KHTML, like Gecko) Chrome/131.0.0.0 Safari/537.36 Edg/131.0.0.0", accept:"text/html,application/xhtml+xml,application/xml;q=0.9,image/avif,image/webp,image/apng,*/*;q=0.8,application/signed-exchange;v=b3;q=0.7", sec-fetch-site:"same-origin", sec-fetch-mode:"navigate", sec-fetch-user:"?1", sec-fetch-dest:"document", accept-encoding:"gzip, deflate, br, zstd", accept-language:"en-US,en;q=0.9", if-modified-since:"Fri, 31 Mar 2023 14:44:14 GMT"]] MDC:[traceId=, spanId=]
2025-01-07 15:30:27 [http-nio-8081-exec-9] DEBUG o.s.w.f.CommonsRequestLoggingFilter - Before request [GET /swagger-ui/swagger-initializer.js, headers=[host:"localhost:8081", connection:"keep-alive", sec-ch-ua-platform:""Windows"", user-agent:"Mozilla/5.0 (Windows NT 10.0; Win64; x64) AppleWebKit/537.36 (KHTML, like Gecko) Chrome/131.0.0.0 Safari/537.36 Edg/131.0.0.0", sec-ch-ua:""Microsoft Edge";v="131", "Chromium";v="131", "Not_A Brand";v="24"", sec-ch-ua-mobile:"?0", accept:"*/*", sec-fetch-site:"same-origin", sec-fetch-mode:"no-cors", sec-fetch-dest:"script", referer:"http://localhost:8081/swagger-ui/index.html", accept-encoding:"gzip, deflate, br, zstd", accept-language:"en-US,en;q=0.9"]] MDC:[traceId=, spanId=]
2025-01-07 15:30:27 [http-nio-8081-exec-9] DEBUG o.s.w.f.CommonsRequestLoggingFilter - DATA REQUEST: GET /swagger-ui/swagger-initializer.js, headers=[host:"localhost:8081", connection:"keep-alive", sec-ch-ua-platform:""Windows"", user-agent:"Mozilla/5.0 (Windows NT 10.0; Win64; x64) AppleWebKit/537.36 (KHTML, like Gecko) Chrome/131.0.0.0 Safari/537.36 Edg/131.0.0.0", sec-ch-ua:""Microsoft Edge";v="131", "Chromium";v="131", "Not_A Brand";v="24"", sec-ch-ua-mobile:"?0", accept:"*/*", sec-fetch-site:"same-origin", sec-fetch-mode:"no-cors", sec-fetch-dest:"script", referer:"http://localhost:8081/swagger-ui/index.html", accept-encoding:"gzip, deflate, br, zstd", accept-language:"en-US,en;q=0.9"]] MDC:[traceId=, spanId=]
2025-01-07 15:30:27 [http-nio-8081-exec-4] DEBUG o.s.w.f.CommonsRequestLoggingFilter - Before request [GET /v3/api-docs/swagger-config, headers=[host:"localhost:8081", connection:"keep-alive", sec-ch-ua-platform:""Windows"", user-agent:"Mozilla/5.0 (Windows NT 10.0; Win64; x64) AppleWebKit/537.36 (KHTML, like Gecko) Chrome/131.0.0.0 Safari/537.36 Edg/131.0.0.0", sec-ch-ua:""Microsoft Edge";v="131", "Chromium";v="131", "Not_A Brand";v="24"", sec-ch-ua-mobile:"?0", accept:"*/*", sec-fetch-site:"same-origin", sec-fetch-mode:"cors", sec-fetch-dest:"empty", referer:"http://localhost:8081/swagger-ui/index.html", accept-encoding:"gzip, deflate, br, zstd", accept-language:"en-US,en;q=0.9"]] MDC:[traceId=, spanId=]
2025-01-07 15:30:27 [http-nio-8081-exec-4] DEBUG o.s.w.f.CommonsRequestLoggingFilter - DATA REQUEST: GET /v3/api-docs/swagger-config, headers=[host:"localhost:8081", connection:"keep-alive", sec-ch-ua-platform:""Windows"", user-agent:"Mozilla/5.0 (Windows NT 10.0; Win64; x64) AppleWebKit/537.36 (KHTML, like Gecko) Chrome/131.0.0.0 Safari/537.36 Edg/131.0.0.0", sec-ch-ua:""Microsoft Edge";v="131", "Chromium";v="131", "Not_A Brand";v="24"", sec-ch-ua-mobile:"?0", accept:"*/*", sec-fetch-site:"same-origin", sec-fetch-mode:"cors", sec-fetch-dest:"empty", referer:"http://localhost:8081/swagger-ui/index.html", accept-encoding:"gzip, deflate, br, zstd", accept-language:"en-US,en;q=0.9"]] MDC:[traceId=, spanId=]
2025-01-07 15:30:27 [http-nio-8081-exec-5] DEBUG o.s.w.f.CommonsRequestLoggingFilter - Before request [GET /v3/api-docs, headers=[host:"localhost:8081", connection:"keep-alive", sec-ch-ua-platform:""Windows"", user-agent:"Mozilla/5.0 (Windows NT 10.0; Win64; x64) AppleWebKit/537.36 (KHTML, like Gecko) Chrome/131.0.0.0 Safari/537.36 Edg/131.0.0.0", accept:"application/json,*/*", sec-ch-ua:""Microsoft Edge";v="131", "Chromium";v="131", "Not_A Brand";v="24"", sec-ch-ua-mobile:"?0", sec-fetch-site:"same-origin", sec-fetch-mode:"cors", sec-fetch-dest:"empty", referer:"http://localhost:8081/swagger-ui/index.html", accept-encoding:"gzip, deflate, br, zstd", accept-language:"en-US,en;q=0.9"]] MDC:[traceId=, spanId=]
2025-01-07 15:30:27 [http-nio-8081-exec-5] INFO  o.s.api.AbstractOpenApiResource - Init duration for springdoc-openapi is: 231 ms MDC:[traceId=, spanId=]
2025-01-07 15:30:27 [http-nio-8081-exec-5] DEBUG o.s.w.f.CommonsRequestLoggingFilter - DATA REQUEST: GET /v3/api-docs, headers=[host:"localhost:8081", connection:"keep-alive", sec-ch-ua-platform:""Windows"", user-agent:"Mozilla/5.0 (Windows NT 10.0; Win64; x64) AppleWebKit/537.36 (KHTML, like Gecko) Chrome/131.0.0.0 Safari/537.36 Edg/131.0.0.0", accept:"application/json,*/*", sec-ch-ua:""Microsoft Edge";v="131", "Chromium";v="131", "Not_A Brand";v="24"", sec-ch-ua-mobile:"?0", sec-fetch-site:"same-origin", sec-fetch-mode:"cors", sec-fetch-dest:"empty", referer:"http://localhost:8081/swagger-ui/index.html", accept-encoding:"gzip, deflate, br, zstd", accept-language:"en-US,en;q=0.9"]] MDC:[traceId=, spanId=]
2025-01-07 15:30:41 [http-nio-8081-exec-7] DEBUG o.s.w.f.CommonsRequestLoggingFilter - Before request [POST /category/create, headers=[host:"localhost:8081", connection:"keep-alive", content-length:"145822", sec-ch-ua-platform:""Windows"", user-agent:"Mozilla/5.0 (Windows NT 10.0; Win64; x64) AppleWebKit/537.36 (KHTML, like Gecko) Chrome/131.0.0.0 Safari/537.36 Edg/131.0.0.0", accept:"application/json", sec-ch-ua:""Microsoft Edge";v="131", "Chromium";v="131", "Not_A Brand";v="24"", sec-ch-ua-mobile:"?0", origin:"http://localhost:8081", sec-fetch-site:"same-origin", sec-fetch-mode:"cors", sec-fetch-dest:"empty", referer:"http://localhost:8081/swagger-ui/index.html", accept-encoding:"gzip, deflate, br, zstd", accept-language:"en-US,en;q=0.9", Content-Type:"multipart/form-data;boundary=----WebKitFormBoundarytY6Tm0K1QzSACE0K;charset=UTF-8"]] MDC:[traceId=, spanId=]
2025-01-07 15:30:41 [http-nio-8081-exec-7] WARN  o.s.w.s.m.s.DefaultHandlerExceptionResolver - Resolved [org.springframework.web.HttpMediaTypeNotSupportedException: Content-Type 'application/octet-stream' is not supported] MDC:[traceId=, spanId=]
2025-01-07 15:30:41 [http-nio-8081-exec-7] DEBUG o.s.w.f.CommonsRequestLoggingFilter - DATA REQUEST: POST /category/create, headers=[host:"localhost:8081", connection:"keep-alive", content-length:"145822", sec-ch-ua-platform:""Windows"", user-agent:"Mozilla/5.0 (Windows NT 10.0; Win64; x64) AppleWebKit/537.36 (KHTML, like Gecko) Chrome/131.0.0.0 Safari/537.36 Edg/131.0.0.0", accept:"application/json", sec-ch-ua:""Microsoft Edge";v="131", "Chromium";v="131", "Not_A Brand";v="24"", sec-ch-ua-mobile:"?0", origin:"http://localhost:8081", sec-fetch-site:"same-origin", sec-fetch-mode:"cors", sec-fetch-dest:"empty", referer:"http://localhost:8081/swagger-ui/index.html", accept-encoding:"gzip, deflate, br, zstd", accept-language:"en-US,en;q=0.9", Content-Type:"multipart/form-data;boundary=----WebKitFormBoundarytY6Tm0K1QzSACE0K;charset=UTF-8"]] MDC:[traceId=, spanId=]
2025-01-07 15:30:44 [http-nio-8081-exec-6] DEBUG o.s.w.f.CommonsRequestLoggingFilter - Before request [POST /category/create, headers=[host:"localhost:8081", connection:"keep-alive", content-length:"145822", sec-ch-ua-platform:""Windows"", user-agent:"Mozilla/5.0 (Windows NT 10.0; Win64; x64) AppleWebKit/537.36 (KHTML, like Gecko) Chrome/131.0.0.0 Safari/537.36 Edg/131.0.0.0", accept:"application/json", sec-ch-ua:""Microsoft Edge";v="131", "Chromium";v="131", "Not_A Brand";v="24"", sec-ch-ua-mobile:"?0", origin:"http://localhost:8081", sec-fetch-site:"same-origin", sec-fetch-mode:"cors", sec-fetch-dest:"empty", referer:"http://localhost:8081/swagger-ui/index.html", accept-encoding:"gzip, deflate, br, zstd", accept-language:"en-US,en;q=0.9", Content-Type:"multipart/form-data;boundary=----WebKitFormBoundarypDrnHvaMLdYbBpCE;charset=UTF-8"]] MDC:[traceId=, spanId=]
2025-01-07 15:30:44 [http-nio-8081-exec-6] WARN  o.s.w.s.m.s.DefaultHandlerExceptionResolver - Resolved [org.springframework.web.HttpMediaTypeNotSupportedException: Content-Type 'application/octet-stream' is not supported] MDC:[traceId=, spanId=]
2025-01-07 15:30:44 [http-nio-8081-exec-6] DEBUG o.s.w.f.CommonsRequestLoggingFilter - DATA REQUEST: POST /category/create, headers=[host:"localhost:8081", connection:"keep-alive", content-length:"145822", sec-ch-ua-platform:""Windows"", user-agent:"Mozilla/5.0 (Windows NT 10.0; Win64; x64) AppleWebKit/537.36 (KHTML, like Gecko) Chrome/131.0.0.0 Safari/537.36 Edg/131.0.0.0", accept:"application/json", sec-ch-ua:""Microsoft Edge";v="131", "Chromium";v="131", "Not_A Brand";v="24"", sec-ch-ua-mobile:"?0", origin:"http://localhost:8081", sec-fetch-site:"same-origin", sec-fetch-mode:"cors", sec-fetch-dest:"empty", referer:"http://localhost:8081/swagger-ui/index.html", accept-encoding:"gzip, deflate, br, zstd", accept-language:"en-US,en;q=0.9", Content-Type:"multipart/form-data;boundary=----WebKitFormBoundarypDrnHvaMLdYbBpCE;charset=UTF-8"]] MDC:[traceId=, spanId=]
2025-01-07 15:33:09 [SpringApplicationShutdownHook] INFO  o.s.b.w.e.tomcat.GracefulShutdown - Commencing graceful shutdown. Waiting for active requests to complete MDC:[traceId=, spanId=]
2025-01-07 15:33:09 [tomcat-shutdown] INFO  o.s.b.w.e.tomcat.GracefulShutdown - Graceful shutdown complete MDC:[traceId=, spanId=]
2025-01-07 15:33:09 [SpringApplicationShutdownHook] INFO  o.s.o.j.LocalContainerEntityManagerFactoryBean - Closing JPA EntityManagerFactory for persistence unit 'default' MDC:[traceId=, spanId=]
2025-01-07 15:33:09 [SpringApplicationShutdownHook] INFO  com.zaxxer.hikari.HikariDataSource - HikariPool-1 - Shutdown initiated... MDC:[traceId=, spanId=]
2025-01-07 15:33:09 [SpringApplicationShutdownHook] INFO  com.zaxxer.hikari.HikariDataSource - HikariPool-1 - Shutdown completed. MDC:[traceId=, spanId=]
2025-01-07 15:33:14 [main] INFO  o.v.p.ProductManagementServiceApplication - Starting ProductManagementServiceApplication using Java 17.0.2 with PID 16408 (D:\java\Springboot\HyggeEcommerce\ProductManagementService\target\classes started by PC in D:\java\Springboot\HyggeEcommerce) MDC:[traceId=, spanId=]
2025-01-07 15:33:14 [main] INFO  o.v.p.ProductManagementServiceApplication - No active profile set, falling back to 1 default profile: "default" MDC:[traceId=, spanId=]
2025-01-07 15:33:14 [main] INFO  o.s.c.c.c.ConfigServerConfigDataLoader - Fetching config from server at : http://localhost:8888/ MDC:[traceId=, spanId=]
2025-01-07 15:33:14 [main] INFO  o.s.c.c.c.ConfigServerConfigDataLoader - Located environment: name=product-manage-service, profiles=[default], label=null, version=null, state=null MDC:[traceId=, spanId=]
2025-01-07 15:33:14 [main] INFO  o.s.d.r.c.RepositoryConfigurationDelegate - Multiple Spring Data modules found, entering strict repository configuration mode MDC:[traceId=, spanId=]
2025-01-07 15:33:14 [main] INFO  o.s.d.r.c.RepositoryConfigurationDelegate - Bootstrapping Spring Data JPA repositories in DEFAULT mode. MDC:[traceId=, spanId=]
2025-01-07 15:33:14 [main] INFO  o.s.d.r.c.RepositoryConfigurationDelegate - Finished Spring Data repository scanning in 90 ms. Found 1 JPA repository interface. MDC:[traceId=, spanId=]
2025-01-07 15:33:14 [main] INFO  o.s.d.r.c.RepositoryConfigurationDelegate - Multiple Spring Data modules found, entering strict repository configuration mode MDC:[traceId=, spanId=]
2025-01-07 15:33:14 [main] INFO  o.s.d.r.c.RepositoryConfigurationDelegate - Bootstrapping Spring Data Redis repositories in DEFAULT mode. MDC:[traceId=, spanId=]
2025-01-07 15:33:14 [main] INFO  o.s.d.r.c.RepositoryConfigurationExtensionSupport - Spring Data Redis - Could not safely identify store assignment for repository candidate interface org.vdt.productmanagementservice.repositories.CategoryRepository; If you want this repository to be a Redis repository, consider annotating your entities with one of these annotations: org.springframework.data.redis.core.RedisHash (preferred), or consider extending one of the following types with your repository: org.springframework.data.keyvalue.repository.KeyValueRepository MDC:[traceId=, spanId=]
2025-01-07 15:33:14 [main] INFO  o.s.d.r.c.RepositoryConfigurationDelegate - Finished Spring Data repository scanning in 5 ms. Found 0 Redis repository interfaces. MDC:[traceId=, spanId=]
2025-01-07 15:33:15 [main] INFO  o.s.cloud.context.scope.GenericScope - BeanFactory id=1c3a8de3-0f25-3458-8ea2-b52b63c27ffb MDC:[traceId=, spanId=]
2025-01-07 15:33:15 [main] INFO  o.s.b.w.e.tomcat.TomcatWebServer - Tomcat initialized with port 8081 (http) MDC:[traceId=, spanId=]
2025-01-07 15:33:15 [main] INFO  o.a.coyote.http11.Http11NioProtocol - Initializing ProtocolHandler ["http-nio-8081"] MDC:[traceId=, spanId=]
2025-01-07 15:33:15 [main] INFO  o.a.catalina.core.StandardService - Starting service [Tomcat] MDC:[traceId=, spanId=]
2025-01-07 15:33:15 [main] INFO  o.a.catalina.core.StandardEngine - Starting Servlet engine: [Apache Tomcat/10.1.34] MDC:[traceId=, spanId=]
2025-01-07 15:33:15 [main] INFO  o.a.c.c.C.[Tomcat].[localhost].[/] - Initializing Spring embedded WebApplicationContext MDC:[traceId=, spanId=]
2025-01-07 15:33:15 [main] INFO  o.s.b.w.s.c.ServletWebServerApplicationContext - Root WebApplicationContext: initialization completed in 1324 ms MDC:[traceId=, spanId=]
2025-01-07 15:33:15 [main] DEBUG o.s.w.f.CommonsRequestLoggingFilter - Filter 'requestLoggingFilter' configured for use MDC:[traceId=, spanId=]
2025-01-07 15:33:15 [main] INFO  o.s.o.j.p.SpringPersistenceUnitInfo - No LoadTimeWeaver setup: ignoring JPA class transformer MDC:[traceId=, spanId=]
2025-01-07 15:33:16 [main] INFO  com.zaxxer.hikari.HikariDataSource - HikariPool-1 - Starting... MDC:[traceId=, spanId=]
2025-01-07 15:33:16 [main] INFO  com.zaxxer.hikari.pool.HikariPool - HikariPool-1 - Added connection com.mysql.cj.jdbc.ConnectionImpl@21b2579d MDC:[traceId=, spanId=]
2025-01-07 15:33:16 [main] INFO  com.zaxxer.hikari.HikariDataSource - HikariPool-1 - Start completed. MDC:[traceId=, spanId=]
2025-01-07 15:33:17 [main] INFO  o.s.o.j.LocalContainerEntityManagerFactoryBean - Initialized JPA EntityManagerFactory for persistence unit 'default' MDC:[traceId=, spanId=]
2025-01-07 15:33:17 [main] WARN  o.s.b.a.o.j.JpaBaseConfiguration$JpaWebConfiguration - spring.jpa.open-in-view is enabled by default. Therefore, database queries may be performed during view rendering. Explicitly configure spring.jpa.open-in-view to disable this warning MDC:[traceId=, spanId=]
2025-01-07 15:33:18 [main] INFO  o.a.coyote.http11.Http11NioProtocol - Starting ProtocolHandler ["http-nio-8081"] MDC:[traceId=, spanId=]
2025-01-07 15:33:18 [main] INFO  o.s.b.w.e.tomcat.TomcatWebServer - Tomcat started on port 8081 (http) with context path '/' MDC:[traceId=, spanId=]
2025-01-07 15:33:18 [main] INFO  o.v.p.ProductManagementServiceApplication - Started ProductManagementServiceApplication in 5.149 seconds (process running for 5.828) MDC:[traceId=, spanId=]
2025-01-07 15:33:23 [http-nio-8081-exec-1] INFO  o.a.c.c.C.[Tomcat].[localhost].[/] - Initializing Spring DispatcherServlet 'dispatcherServlet' MDC:[traceId=, spanId=]
2025-01-07 15:33:23 [http-nio-8081-exec-1] INFO  o.s.web.servlet.DispatcherServlet - Initializing Servlet 'dispatcherServlet' MDC:[traceId=, spanId=]
2025-01-07 15:33:23 [http-nio-8081-exec-1] INFO  o.s.web.servlet.DispatcherServlet - Completed initialization in 1 ms MDC:[traceId=, spanId=]
2025-01-07 15:33:23 [http-nio-8081-exec-1] DEBUG o.s.w.f.CommonsRequestLoggingFilter - Before request [GET /swagger-ui/index.html, headers=[host:"localhost:8081", connection:"keep-alive", cache-control:"max-age=0", sec-ch-ua:""Microsoft Edge";v="131", "Chromium";v="131", "Not_A Brand";v="24"", sec-ch-ua-mobile:"?0", sec-ch-ua-platform:""Windows"", upgrade-insecure-requests:"1", user-agent:"Mozilla/5.0 (Windows NT 10.0; Win64; x64) AppleWebKit/537.36 (KHTML, like Gecko) Chrome/131.0.0.0 Safari/537.36 Edg/131.0.0.0", accept:"text/html,application/xhtml+xml,application/xml;q=0.9,image/avif,image/webp,image/apng,*/*;q=0.8,application/signed-exchange;v=b3;q=0.7", sec-fetch-site:"same-origin", sec-fetch-mode:"navigate", sec-fetch-user:"?1", sec-fetch-dest:"document", accept-encoding:"gzip, deflate, br, zstd", accept-language:"en-US,en;q=0.9", if-modified-since:"Fri, 31 Mar 2023 14:44:14 GMT"]] MDC:[traceId=, spanId=]
2025-01-07 15:33:23 [http-nio-8081-exec-1] DEBUG o.s.w.f.CommonsRequestLoggingFilter - DATA REQUEST: GET /swagger-ui/index.html, headers=[host:"localhost:8081", connection:"keep-alive", cache-control:"max-age=0", sec-ch-ua:""Microsoft Edge";v="131", "Chromium";v="131", "Not_A Brand";v="24"", sec-ch-ua-mobile:"?0", sec-ch-ua-platform:""Windows"", upgrade-insecure-requests:"1", user-agent:"Mozilla/5.0 (Windows NT 10.0; Win64; x64) AppleWebKit/537.36 (KHTML, like Gecko) Chrome/131.0.0.0 Safari/537.36 Edg/131.0.0.0", accept:"text/html,application/xhtml+xml,application/xml;q=0.9,image/avif,image/webp,image/apng,*/*;q=0.8,application/signed-exchange;v=b3;q=0.7", sec-fetch-site:"same-origin", sec-fetch-mode:"navigate", sec-fetch-user:"?1", sec-fetch-dest:"document", accept-encoding:"gzip, deflate, br, zstd", accept-language:"en-US,en;q=0.9", if-modified-since:"Fri, 31 Mar 2023 14:44:14 GMT"]] MDC:[traceId=, spanId=]
2025-01-07 15:33:23 [http-nio-8081-exec-7] DEBUG o.s.w.f.CommonsRequestLoggingFilter - Before request [GET /swagger-ui/swagger-initializer.js, headers=[host:"localhost:8081", connection:"keep-alive", sec-ch-ua-platform:""Windows"", user-agent:"Mozilla/5.0 (Windows NT 10.0; Win64; x64) AppleWebKit/537.36 (KHTML, like Gecko) Chrome/131.0.0.0 Safari/537.36 Edg/131.0.0.0", sec-ch-ua:""Microsoft Edge";v="131", "Chromium";v="131", "Not_A Brand";v="24"", sec-ch-ua-mobile:"?0", accept:"*/*", sec-fetch-site:"same-origin", sec-fetch-mode:"no-cors", sec-fetch-dest:"script", referer:"http://localhost:8081/swagger-ui/index.html", accept-encoding:"gzip, deflate, br, zstd", accept-language:"en-US,en;q=0.9"]] MDC:[traceId=, spanId=]
2025-01-07 15:33:23 [http-nio-8081-exec-7] DEBUG o.s.w.f.CommonsRequestLoggingFilter - DATA REQUEST: GET /swagger-ui/swagger-initializer.js, headers=[host:"localhost:8081", connection:"keep-alive", sec-ch-ua-platform:""Windows"", user-agent:"Mozilla/5.0 (Windows NT 10.0; Win64; x64) AppleWebKit/537.36 (KHTML, like Gecko) Chrome/131.0.0.0 Safari/537.36 Edg/131.0.0.0", sec-ch-ua:""Microsoft Edge";v="131", "Chromium";v="131", "Not_A Brand";v="24"", sec-ch-ua-mobile:"?0", accept:"*/*", sec-fetch-site:"same-origin", sec-fetch-mode:"no-cors", sec-fetch-dest:"script", referer:"http://localhost:8081/swagger-ui/index.html", accept-encoding:"gzip, deflate, br, zstd", accept-language:"en-US,en;q=0.9"]] MDC:[traceId=, spanId=]
2025-01-07 15:33:23 [http-nio-8081-exec-4] DEBUG o.s.w.f.CommonsRequestLoggingFilter - Before request [GET /v3/api-docs/swagger-config, headers=[host:"localhost:8081", connection:"keep-alive", sec-ch-ua-platform:""Windows"", user-agent:"Mozilla/5.0 (Windows NT 10.0; Win64; x64) AppleWebKit/537.36 (KHTML, like Gecko) Chrome/131.0.0.0 Safari/537.36 Edg/131.0.0.0", sec-ch-ua:""Microsoft Edge";v="131", "Chromium";v="131", "Not_A Brand";v="24"", sec-ch-ua-mobile:"?0", accept:"*/*", sec-fetch-site:"same-origin", sec-fetch-mode:"cors", sec-fetch-dest:"empty", referer:"http://localhost:8081/swagger-ui/index.html", accept-encoding:"gzip, deflate, br, zstd", accept-language:"en-US,en;q=0.9"]] MDC:[traceId=, spanId=]
2025-01-07 15:33:23 [http-nio-8081-exec-4] DEBUG o.s.w.f.CommonsRequestLoggingFilter - DATA REQUEST: GET /v3/api-docs/swagger-config, headers=[host:"localhost:8081", connection:"keep-alive", sec-ch-ua-platform:""Windows"", user-agent:"Mozilla/5.0 (Windows NT 10.0; Win64; x64) AppleWebKit/537.36 (KHTML, like Gecko) Chrome/131.0.0.0 Safari/537.36 Edg/131.0.0.0", sec-ch-ua:""Microsoft Edge";v="131", "Chromium";v="131", "Not_A Brand";v="24"", sec-ch-ua-mobile:"?0", accept:"*/*", sec-fetch-site:"same-origin", sec-fetch-mode:"cors", sec-fetch-dest:"empty", referer:"http://localhost:8081/swagger-ui/index.html", accept-encoding:"gzip, deflate, br, zstd", accept-language:"en-US,en;q=0.9"]] MDC:[traceId=, spanId=]
2025-01-07 15:33:23 [http-nio-8081-exec-3] DEBUG o.s.w.f.CommonsRequestLoggingFilter - Before request [GET /v3/api-docs, headers=[host:"localhost:8081", connection:"keep-alive", sec-ch-ua-platform:""Windows"", user-agent:"Mozilla/5.0 (Windows NT 10.0; Win64; x64) AppleWebKit/537.36 (KHTML, like Gecko) Chrome/131.0.0.0 Safari/537.36 Edg/131.0.0.0", accept:"application/json,*/*", sec-ch-ua:""Microsoft Edge";v="131", "Chromium";v="131", "Not_A Brand";v="24"", sec-ch-ua-mobile:"?0", sec-fetch-site:"same-origin", sec-fetch-mode:"cors", sec-fetch-dest:"empty", referer:"http://localhost:8081/swagger-ui/index.html", accept-encoding:"gzip, deflate, br, zstd", accept-language:"en-US,en;q=0.9"]] MDC:[traceId=, spanId=]
2025-01-07 15:33:24 [http-nio-8081-exec-3] INFO  o.s.api.AbstractOpenApiResource - Init duration for springdoc-openapi is: 187 ms MDC:[traceId=, spanId=]
2025-01-07 15:33:24 [http-nio-8081-exec-3] DEBUG o.s.w.f.CommonsRequestLoggingFilter - DATA REQUEST: GET /v3/api-docs, headers=[host:"localhost:8081", connection:"keep-alive", sec-ch-ua-platform:""Windows"", user-agent:"Mozilla/5.0 (Windows NT 10.0; Win64; x64) AppleWebKit/537.36 (KHTML, like Gecko) Chrome/131.0.0.0 Safari/537.36 Edg/131.0.0.0", accept:"application/json,*/*", sec-ch-ua:""Microsoft Edge";v="131", "Chromium";v="131", "Not_A Brand";v="24"", sec-ch-ua-mobile:"?0", sec-fetch-site:"same-origin", sec-fetch-mode:"cors", sec-fetch-dest:"empty", referer:"http://localhost:8081/swagger-ui/index.html", accept-encoding:"gzip, deflate, br, zstd", accept-language:"en-US,en;q=0.9"]] MDC:[traceId=, spanId=]
2025-01-07 15:33:32 [http-nio-8081-exec-6] DEBUG o.s.w.f.CommonsRequestLoggingFilter - Before request [POST /category/create, headers=[host:"localhost:8081", connection:"keep-alive", content-length:"51846", sec-ch-ua-platform:""Windows"", user-agent:"Mozilla/5.0 (Windows NT 10.0; Win64; x64) AppleWebKit/537.36 (KHTML, like Gecko) Chrome/131.0.0.0 Safari/537.36 Edg/131.0.0.0", accept:"application/json", sec-ch-ua:""Microsoft Edge";v="131", "Chromium";v="131", "Not_A Brand";v="24"", sec-ch-ua-mobile:"?0", origin:"http://localhost:8081", sec-fetch-site:"same-origin", sec-fetch-mode:"cors", sec-fetch-dest:"empty", referer:"http://localhost:8081/swagger-ui/index.html", accept-encoding:"gzip, deflate, br, zstd", accept-language:"en-US,en;q=0.9", Content-Type:"multipart/form-data;boundary=----WebKitFormBoundaryDmsLuKc9aOo3PVKd;charset=UTF-8"]] MDC:[traceId=, spanId=]
2025-01-07 15:33:32 [http-nio-8081-exec-6] WARN  o.s.w.s.m.s.DefaultHandlerExceptionResolver - Resolved [org.springframework.web.HttpMediaTypeNotSupportedException: Content-Type 'application/octet-stream' is not supported] MDC:[traceId=, spanId=]
2025-01-07 15:33:32 [http-nio-8081-exec-6] DEBUG o.s.w.f.CommonsRequestLoggingFilter - DATA REQUEST: POST /category/create, headers=[host:"localhost:8081", connection:"keep-alive", content-length:"51846", sec-ch-ua-platform:""Windows"", user-agent:"Mozilla/5.0 (Windows NT 10.0; Win64; x64) AppleWebKit/537.36 (KHTML, like Gecko) Chrome/131.0.0.0 Safari/537.36 Edg/131.0.0.0", accept:"application/json", sec-ch-ua:""Microsoft Edge";v="131", "Chromium";v="131", "Not_A Brand";v="24"", sec-ch-ua-mobile:"?0", origin:"http://localhost:8081", sec-fetch-site:"same-origin", sec-fetch-mode:"cors", sec-fetch-dest:"empty", referer:"http://localhost:8081/swagger-ui/index.html", accept-encoding:"gzip, deflate, br, zstd", accept-language:"en-US,en;q=0.9", Content-Type:"multipart/form-data;boundary=----WebKitFormBoundaryDmsLuKc9aOo3PVKd;charset=UTF-8"]] MDC:[traceId=, spanId=]
2025-01-07 15:33:34 [http-nio-8081-exec-5] DEBUG o.s.w.f.CommonsRequestLoggingFilter - Before request [POST /category/create, headers=[host:"localhost:8081", connection:"keep-alive", content-length:"51846", sec-ch-ua-platform:""Windows"", user-agent:"Mozilla/5.0 (Windows NT 10.0; Win64; x64) AppleWebKit/537.36 (KHTML, like Gecko) Chrome/131.0.0.0 Safari/537.36 Edg/131.0.0.0", accept:"application/json", sec-ch-ua:""Microsoft Edge";v="131", "Chromium";v="131", "Not_A Brand";v="24"", sec-ch-ua-mobile:"?0", origin:"http://localhost:8081", sec-fetch-site:"same-origin", sec-fetch-mode:"cors", sec-fetch-dest:"empty", referer:"http://localhost:8081/swagger-ui/index.html", accept-encoding:"gzip, deflate, br, zstd", accept-language:"en-US,en;q=0.9", Content-Type:"multipart/form-data;boundary=----WebKitFormBoundaryKpUOzHhUGky1MooT;charset=UTF-8"]] MDC:[traceId=, spanId=]
2025-01-07 15:33:34 [http-nio-8081-exec-5] WARN  o.s.w.s.m.s.DefaultHandlerExceptionResolver - Resolved [org.springframework.web.HttpMediaTypeNotSupportedException: Content-Type 'application/octet-stream' is not supported] MDC:[traceId=, spanId=]
2025-01-07 15:33:34 [http-nio-8081-exec-5] DEBUG o.s.w.f.CommonsRequestLoggingFilter - DATA REQUEST: POST /category/create, headers=[host:"localhost:8081", connection:"keep-alive", content-length:"51846", sec-ch-ua-platform:""Windows"", user-agent:"Mozilla/5.0 (Windows NT 10.0; Win64; x64) AppleWebKit/537.36 (KHTML, like Gecko) Chrome/131.0.0.0 Safari/537.36 Edg/131.0.0.0", accept:"application/json", sec-ch-ua:""Microsoft Edge";v="131", "Chromium";v="131", "Not_A Brand";v="24"", sec-ch-ua-mobile:"?0", origin:"http://localhost:8081", sec-fetch-site:"same-origin", sec-fetch-mode:"cors", sec-fetch-dest:"empty", referer:"http://localhost:8081/swagger-ui/index.html", accept-encoding:"gzip, deflate, br, zstd", accept-language:"en-US,en;q=0.9", Content-Type:"multipart/form-data;boundary=----WebKitFormBoundaryKpUOzHhUGky1MooT;charset=UTF-8"]] MDC:[traceId=, spanId=]
2025-01-07 15:33:34 [http-nio-8081-exec-2] DEBUG o.s.w.f.CommonsRequestLoggingFilter - Before request [POST /category/create, headers=[host:"localhost:8081", connection:"keep-alive", content-length:"51846", sec-ch-ua-platform:""Windows"", user-agent:"Mozilla/5.0 (Windows NT 10.0; Win64; x64) AppleWebKit/537.36 (KHTML, like Gecko) Chrome/131.0.0.0 Safari/537.36 Edg/131.0.0.0", accept:"application/json", sec-ch-ua:""Microsoft Edge";v="131", "Chromium";v="131", "Not_A Brand";v="24"", sec-ch-ua-mobile:"?0", origin:"http://localhost:8081", sec-fetch-site:"same-origin", sec-fetch-mode:"cors", sec-fetch-dest:"empty", referer:"http://localhost:8081/swagger-ui/index.html", accept-encoding:"gzip, deflate, br, zstd", accept-language:"en-US,en;q=0.9", Content-Type:"multipart/form-data;boundary=----WebKitFormBoundaryNNeuS0qwhhZrL46O;charset=UTF-8"]] MDC:[traceId=, spanId=]
2025-01-07 15:33:34 [http-nio-8081-exec-2] WARN  o.s.w.s.m.s.DefaultHandlerExceptionResolver - Resolved [org.springframework.web.HttpMediaTypeNotSupportedException: Content-Type 'application/octet-stream' is not supported] MDC:[traceId=, spanId=]
2025-01-07 15:33:34 [http-nio-8081-exec-2] DEBUG o.s.w.f.CommonsRequestLoggingFilter - DATA REQUEST: POST /category/create, headers=[host:"localhost:8081", connection:"keep-alive", content-length:"51846", sec-ch-ua-platform:""Windows"", user-agent:"Mozilla/5.0 (Windows NT 10.0; Win64; x64) AppleWebKit/537.36 (KHTML, like Gecko) Chrome/131.0.0.0 Safari/537.36 Edg/131.0.0.0", accept:"application/json", sec-ch-ua:""Microsoft Edge";v="131", "Chromium";v="131", "Not_A Brand";v="24"", sec-ch-ua-mobile:"?0", origin:"http://localhost:8081", sec-fetch-site:"same-origin", sec-fetch-mode:"cors", sec-fetch-dest:"empty", referer:"http://localhost:8081/swagger-ui/index.html", accept-encoding:"gzip, deflate, br, zstd", accept-language:"en-US,en;q=0.9", Content-Type:"multipart/form-data;boundary=----WebKitFormBoundaryNNeuS0qwhhZrL46O;charset=UTF-8"]] MDC:[traceId=, spanId=]
2025-01-07 15:34:13 [SpringApplicationShutdownHook] INFO  o.s.b.w.e.tomcat.GracefulShutdown - Commencing graceful shutdown. Waiting for active requests to complete MDC:[traceId=, spanId=]
2025-01-07 15:34:14 [tomcat-shutdown] INFO  o.s.b.w.e.tomcat.GracefulShutdown - Graceful shutdown complete MDC:[traceId=, spanId=]
2025-01-07 15:34:14 [SpringApplicationShutdownHook] INFO  o.s.o.j.LocalContainerEntityManagerFactoryBean - Closing JPA EntityManagerFactory for persistence unit 'default' MDC:[traceId=, spanId=]
2025-01-07 15:34:14 [SpringApplicationShutdownHook] INFO  com.zaxxer.hikari.HikariDataSource - HikariPool-1 - Shutdown initiated... MDC:[traceId=, spanId=]
2025-01-07 15:34:14 [SpringApplicationShutdownHook] INFO  com.zaxxer.hikari.HikariDataSource - HikariPool-1 - Shutdown completed. MDC:[traceId=, spanId=]
2025-01-07 15:34:19 [main] INFO  o.v.p.ProductManagementServiceApplication - Starting ProductManagementServiceApplication using Java 17.0.2 with PID 28012 (D:\java\Springboot\HyggeEcommerce\ProductManagementService\target\classes started by PC in D:\java\Springboot\HyggeEcommerce) MDC:[traceId=, spanId=]
2025-01-07 15:34:19 [main] INFO  o.v.p.ProductManagementServiceApplication - No active profile set, falling back to 1 default profile: "default" MDC:[traceId=, spanId=]
2025-01-07 15:34:19 [main] INFO  o.s.c.c.c.ConfigServerConfigDataLoader - Fetching config from server at : http://localhost:8888/ MDC:[traceId=, spanId=]
2025-01-07 15:34:19 [main] INFO  o.s.c.c.c.ConfigServerConfigDataLoader - Located environment: name=product-manage-service, profiles=[default], label=null, version=null, state=null MDC:[traceId=, spanId=]
2025-01-07 15:34:19 [main] INFO  o.s.d.r.c.RepositoryConfigurationDelegate - Multiple Spring Data modules found, entering strict repository configuration mode MDC:[traceId=, spanId=]
2025-01-07 15:34:19 [main] INFO  o.s.d.r.c.RepositoryConfigurationDelegate - Bootstrapping Spring Data JPA repositories in DEFAULT mode. MDC:[traceId=, spanId=]
2025-01-07 15:34:19 [main] INFO  o.s.d.r.c.RepositoryConfigurationDelegate - Finished Spring Data repository scanning in 97 ms. Found 1 JPA repository interface. MDC:[traceId=, spanId=]
2025-01-07 15:34:19 [main] INFO  o.s.d.r.c.RepositoryConfigurationDelegate - Multiple Spring Data modules found, entering strict repository configuration mode MDC:[traceId=, spanId=]
2025-01-07 15:34:19 [main] INFO  o.s.d.r.c.RepositoryConfigurationDelegate - Bootstrapping Spring Data Redis repositories in DEFAULT mode. MDC:[traceId=, spanId=]
2025-01-07 15:34:19 [main] INFO  o.s.d.r.c.RepositoryConfigurationExtensionSupport - Spring Data Redis - Could not safely identify store assignment for repository candidate interface org.vdt.productmanagementservice.repositories.CategoryRepository; If you want this repository to be a Redis repository, consider annotating your entities with one of these annotations: org.springframework.data.redis.core.RedisHash (preferred), or consider extending one of the following types with your repository: org.springframework.data.keyvalue.repository.KeyValueRepository MDC:[traceId=, spanId=]
2025-01-07 15:34:19 [main] INFO  o.s.d.r.c.RepositoryConfigurationDelegate - Finished Spring Data repository scanning in 5 ms. Found 0 Redis repository interfaces. MDC:[traceId=, spanId=]
2025-01-07 15:34:20 [main] INFO  o.s.cloud.context.scope.GenericScope - BeanFactory id=1c3a8de3-0f25-3458-8ea2-b52b63c27ffb MDC:[traceId=, spanId=]
2025-01-07 15:34:20 [main] INFO  o.s.b.w.e.tomcat.TomcatWebServer - Tomcat initialized with port 8081 (http) MDC:[traceId=, spanId=]
2025-01-07 15:34:20 [main] INFO  o.a.coyote.http11.Http11NioProtocol - Initializing ProtocolHandler ["http-nio-8081"] MDC:[traceId=, spanId=]
2025-01-07 15:34:20 [main] INFO  o.a.catalina.core.StandardService - Starting service [Tomcat] MDC:[traceId=, spanId=]
2025-01-07 15:34:20 [main] INFO  o.a.catalina.core.StandardEngine - Starting Servlet engine: [Apache Tomcat/10.1.34] MDC:[traceId=, spanId=]
2025-01-07 15:34:20 [main] INFO  o.a.c.c.C.[Tomcat].[localhost].[/] - Initializing Spring embedded WebApplicationContext MDC:[traceId=, spanId=]
2025-01-07 15:34:20 [main] INFO  o.s.b.w.s.c.ServletWebServerApplicationContext - Root WebApplicationContext: initialization completed in 1257 ms MDC:[traceId=, spanId=]
2025-01-07 15:34:20 [main] DEBUG o.s.w.f.CommonsRequestLoggingFilter - Filter 'requestLoggingFilter' configured for use MDC:[traceId=, spanId=]
2025-01-07 15:34:20 [main] INFO  o.s.o.j.p.SpringPersistenceUnitInfo - No LoadTimeWeaver setup: ignoring JPA class transformer MDC:[traceId=, spanId=]
2025-01-07 15:34:20 [main] INFO  com.zaxxer.hikari.HikariDataSource - HikariPool-1 - Starting... MDC:[traceId=, spanId=]
2025-01-07 15:34:21 [main] INFO  com.zaxxer.hikari.pool.HikariPool - HikariPool-1 - Added connection com.mysql.cj.jdbc.ConnectionImpl@4feaa4b8 MDC:[traceId=, spanId=]
2025-01-07 15:34:21 [main] INFO  com.zaxxer.hikari.HikariDataSource - HikariPool-1 - Start completed. MDC:[traceId=, spanId=]
2025-01-07 15:34:22 [main] INFO  o.s.o.j.LocalContainerEntityManagerFactoryBean - Initialized JPA EntityManagerFactory for persistence unit 'default' MDC:[traceId=, spanId=]
2025-01-07 15:34:22 [main] WARN  o.s.b.a.o.j.JpaBaseConfiguration$JpaWebConfiguration - spring.jpa.open-in-view is enabled by default. Therefore, database queries may be performed during view rendering. Explicitly configure spring.jpa.open-in-view to disable this warning MDC:[traceId=, spanId=]
2025-01-07 15:34:23 [main] INFO  o.a.coyote.http11.Http11NioProtocol - Starting ProtocolHandler ["http-nio-8081"] MDC:[traceId=, spanId=]
2025-01-07 15:34:23 [main] INFO  o.s.b.w.e.tomcat.TomcatWebServer - Tomcat started on port 8081 (http) with context path '/' MDC:[traceId=, spanId=]
2025-01-07 15:34:23 [main] INFO  o.v.p.ProductManagementServiceApplication - Started ProductManagementServiceApplication in 5.312 seconds (process running for 5.985) MDC:[traceId=, spanId=]
2025-01-07 15:34:27 [http-nio-8081-exec-1] INFO  o.a.c.c.C.[Tomcat].[localhost].[/] - Initializing Spring DispatcherServlet 'dispatcherServlet' MDC:[traceId=, spanId=]
2025-01-07 15:34:27 [http-nio-8081-exec-1] INFO  o.s.web.servlet.DispatcherServlet - Initializing Servlet 'dispatcherServlet' MDC:[traceId=, spanId=]
2025-01-07 15:34:27 [http-nio-8081-exec-1] INFO  o.s.web.servlet.DispatcherServlet - Completed initialization in 1 ms MDC:[traceId=, spanId=]
2025-01-07 15:34:27 [http-nio-8081-exec-1] DEBUG o.s.w.f.CommonsRequestLoggingFilter - Before request [GET /swagger-ui/index.html, headers=[host:"localhost:8081", connection:"keep-alive", cache-control:"max-age=0", sec-ch-ua:""Microsoft Edge";v="131", "Chromium";v="131", "Not_A Brand";v="24"", sec-ch-ua-mobile:"?0", sec-ch-ua-platform:""Windows"", upgrade-insecure-requests:"1", user-agent:"Mozilla/5.0 (Windows NT 10.0; Win64; x64) AppleWebKit/537.36 (KHTML, like Gecko) Chrome/131.0.0.0 Safari/537.36 Edg/131.0.0.0", accept:"text/html,application/xhtml+xml,application/xml;q=0.9,image/avif,image/webp,image/apng,*/*;q=0.8,application/signed-exchange;v=b3;q=0.7", sec-fetch-site:"same-origin", sec-fetch-mode:"navigate", sec-fetch-user:"?1", sec-fetch-dest:"document", accept-encoding:"gzip, deflate, br, zstd", accept-language:"en-US,en;q=0.9", if-modified-since:"Fri, 31 Mar 2023 14:44:14 GMT"]] MDC:[traceId=, spanId=]
2025-01-07 15:34:27 [http-nio-8081-exec-1] DEBUG o.s.w.f.CommonsRequestLoggingFilter - DATA REQUEST: GET /swagger-ui/index.html, headers=[host:"localhost:8081", connection:"keep-alive", cache-control:"max-age=0", sec-ch-ua:""Microsoft Edge";v="131", "Chromium";v="131", "Not_A Brand";v="24"", sec-ch-ua-mobile:"?0", sec-ch-ua-platform:""Windows"", upgrade-insecure-requests:"1", user-agent:"Mozilla/5.0 (Windows NT 10.0; Win64; x64) AppleWebKit/537.36 (KHTML, like Gecko) Chrome/131.0.0.0 Safari/537.36 Edg/131.0.0.0", accept:"text/html,application/xhtml+xml,application/xml;q=0.9,image/avif,image/webp,image/apng,*/*;q=0.8,application/signed-exchange;v=b3;q=0.7", sec-fetch-site:"same-origin", sec-fetch-mode:"navigate", sec-fetch-user:"?1", sec-fetch-dest:"document", accept-encoding:"gzip, deflate, br, zstd", accept-language:"en-US,en;q=0.9", if-modified-since:"Fri, 31 Mar 2023 14:44:14 GMT"]] MDC:[traceId=, spanId=]
2025-01-07 15:34:27 [http-nio-8081-exec-3] DEBUG o.s.w.f.CommonsRequestLoggingFilter - Before request [GET /swagger-ui/swagger-initializer.js, headers=[host:"localhost:8081", connection:"keep-alive", sec-ch-ua-platform:""Windows"", user-agent:"Mozilla/5.0 (Windows NT 10.0; Win64; x64) AppleWebKit/537.36 (KHTML, like Gecko) Chrome/131.0.0.0 Safari/537.36 Edg/131.0.0.0", sec-ch-ua:""Microsoft Edge";v="131", "Chromium";v="131", "Not_A Brand";v="24"", sec-ch-ua-mobile:"?0", accept:"*/*", sec-fetch-site:"same-origin", sec-fetch-mode:"no-cors", sec-fetch-dest:"script", referer:"http://localhost:8081/swagger-ui/index.html", accept-encoding:"gzip, deflate, br, zstd", accept-language:"en-US,en;q=0.9"]] MDC:[traceId=, spanId=]
2025-01-07 15:34:28 [http-nio-8081-exec-3] DEBUG o.s.w.f.CommonsRequestLoggingFilter - DATA REQUEST: GET /swagger-ui/swagger-initializer.js, headers=[host:"localhost:8081", connection:"keep-alive", sec-ch-ua-platform:""Windows"", user-agent:"Mozilla/5.0 (Windows NT 10.0; Win64; x64) AppleWebKit/537.36 (KHTML, like Gecko) Chrome/131.0.0.0 Safari/537.36 Edg/131.0.0.0", sec-ch-ua:""Microsoft Edge";v="131", "Chromium";v="131", "Not_A Brand";v="24"", sec-ch-ua-mobile:"?0", accept:"*/*", sec-fetch-site:"same-origin", sec-fetch-mode:"no-cors", sec-fetch-dest:"script", referer:"http://localhost:8081/swagger-ui/index.html", accept-encoding:"gzip, deflate, br, zstd", accept-language:"en-US,en;q=0.9"]] MDC:[traceId=, spanId=]
2025-01-07 15:34:28 [http-nio-8081-exec-9] DEBUG o.s.w.f.CommonsRequestLoggingFilter - Before request [GET /v3/api-docs/swagger-config, headers=[host:"localhost:8081", connection:"keep-alive", sec-ch-ua-platform:""Windows"", user-agent:"Mozilla/5.0 (Windows NT 10.0; Win64; x64) AppleWebKit/537.36 (KHTML, like Gecko) Chrome/131.0.0.0 Safari/537.36 Edg/131.0.0.0", sec-ch-ua:""Microsoft Edge";v="131", "Chromium";v="131", "Not_A Brand";v="24"", sec-ch-ua-mobile:"?0", accept:"*/*", sec-fetch-site:"same-origin", sec-fetch-mode:"cors", sec-fetch-dest:"empty", referer:"http://localhost:8081/swagger-ui/index.html", accept-encoding:"gzip, deflate, br, zstd", accept-language:"en-US,en;q=0.9"]] MDC:[traceId=, spanId=]
2025-01-07 15:34:28 [http-nio-8081-exec-9] DEBUG o.s.w.f.CommonsRequestLoggingFilter - DATA REQUEST: GET /v3/api-docs/swagger-config, headers=[host:"localhost:8081", connection:"keep-alive", sec-ch-ua-platform:""Windows"", user-agent:"Mozilla/5.0 (Windows NT 10.0; Win64; x64) AppleWebKit/537.36 (KHTML, like Gecko) Chrome/131.0.0.0 Safari/537.36 Edg/131.0.0.0", sec-ch-ua:""Microsoft Edge";v="131", "Chromium";v="131", "Not_A Brand";v="24"", sec-ch-ua-mobile:"?0", accept:"*/*", sec-fetch-site:"same-origin", sec-fetch-mode:"cors", sec-fetch-dest:"empty", referer:"http://localhost:8081/swagger-ui/index.html", accept-encoding:"gzip, deflate, br, zstd", accept-language:"en-US,en;q=0.9"]] MDC:[traceId=, spanId=]
2025-01-07 15:34:28 [http-nio-8081-exec-5] DEBUG o.s.w.f.CommonsRequestLoggingFilter - Before request [GET /v3/api-docs, headers=[host:"localhost:8081", connection:"keep-alive", sec-ch-ua-platform:""Windows"", user-agent:"Mozilla/5.0 (Windows NT 10.0; Win64; x64) AppleWebKit/537.36 (KHTML, like Gecko) Chrome/131.0.0.0 Safari/537.36 Edg/131.0.0.0", accept:"application/json,*/*", sec-ch-ua:""Microsoft Edge";v="131", "Chromium";v="131", "Not_A Brand";v="24"", sec-ch-ua-mobile:"?0", sec-fetch-site:"same-origin", sec-fetch-mode:"cors", sec-fetch-dest:"empty", referer:"http://localhost:8081/swagger-ui/index.html", accept-encoding:"gzip, deflate, br, zstd", accept-language:"en-US,en;q=0.9"]] MDC:[traceId=, spanId=]
2025-01-07 15:34:28 [http-nio-8081-exec-5] INFO  o.s.api.AbstractOpenApiResource - Init duration for springdoc-openapi is: 184 ms MDC:[traceId=, spanId=]
2025-01-07 15:34:28 [http-nio-8081-exec-5] DEBUG o.s.w.f.CommonsRequestLoggingFilter - DATA REQUEST: GET /v3/api-docs, headers=[host:"localhost:8081", connection:"keep-alive", sec-ch-ua-platform:""Windows"", user-agent:"Mozilla/5.0 (Windows NT 10.0; Win64; x64) AppleWebKit/537.36 (KHTML, like Gecko) Chrome/131.0.0.0 Safari/537.36 Edg/131.0.0.0", accept:"application/json,*/*", sec-ch-ua:""Microsoft Edge";v="131", "Chromium";v="131", "Not_A Brand";v="24"", sec-ch-ua-mobile:"?0", sec-fetch-site:"same-origin", sec-fetch-mode:"cors", sec-fetch-dest:"empty", referer:"http://localhost:8081/swagger-ui/index.html", accept-encoding:"gzip, deflate, br, zstd", accept-language:"en-US,en;q=0.9"]] MDC:[traceId=, spanId=]
2025-01-07 15:34:38 [http-nio-8081-exec-2] DEBUG o.s.w.f.CommonsRequestLoggingFilter - Before request [POST /category/create, headers=[host:"localhost:8081", connection:"keep-alive", content-length:"145873", sec-ch-ua-platform:""Windows"", user-agent:"Mozilla/5.0 (Windows NT 10.0; Win64; x64) AppleWebKit/537.36 (KHTML, like Gecko) Chrome/131.0.0.0 Safari/537.36 Edg/131.0.0.0", accept:"application/json", sec-ch-ua:""Microsoft Edge";v="131", "Chromium";v="131", "Not_A Brand";v="24"", sec-ch-ua-mobile:"?0", origin:"http://localhost:8081", sec-fetch-site:"same-origin", sec-fetch-mode:"cors", sec-fetch-dest:"empty", referer:"http://localhost:8081/swagger-ui/index.html", accept-encoding:"gzip, deflate, br, zstd", accept-language:"en-US,en;q=0.9", Content-Type:"multipart/form-data;boundary=----WebKitFormBoundaryBzkP4HPq5C6BaA8D;charset=UTF-8"]] MDC:[traceId=, spanId=]
2025-01-07 15:34:38 [http-nio-8081-exec-2] WARN  o.s.w.s.m.s.DefaultHandlerExceptionResolver - Resolved [org.springframework.web.HttpMediaTypeNotSupportedException: Content-Type 'application/octet-stream' is not supported] MDC:[traceId=, spanId=]
2025-01-07 15:34:38 [http-nio-8081-exec-2] DEBUG o.s.w.f.CommonsRequestLoggingFilter - DATA REQUEST: POST /category/create, headers=[host:"localhost:8081", connection:"keep-alive", content-length:"145873", sec-ch-ua-platform:""Windows"", user-agent:"Mozilla/5.0 (Windows NT 10.0; Win64; x64) AppleWebKit/537.36 (KHTML, like Gecko) Chrome/131.0.0.0 Safari/537.36 Edg/131.0.0.0", accept:"application/json", sec-ch-ua:""Microsoft Edge";v="131", "Chromium";v="131", "Not_A Brand";v="24"", sec-ch-ua-mobile:"?0", origin:"http://localhost:8081", sec-fetch-site:"same-origin", sec-fetch-mode:"cors", sec-fetch-dest:"empty", referer:"http://localhost:8081/swagger-ui/index.html", accept-encoding:"gzip, deflate, br, zstd", accept-language:"en-US,en;q=0.9", Content-Type:"multipart/form-data;boundary=----WebKitFormBoundaryBzkP4HPq5C6BaA8D;charset=UTF-8"]] MDC:[traceId=, spanId=]
2025-01-07 15:34:39 [http-nio-8081-exec-6] DEBUG o.s.w.f.CommonsRequestLoggingFilter - Before request [POST /category/create, headers=[host:"localhost:8081", connection:"keep-alive", content-length:"145873", sec-ch-ua-platform:""Windows"", user-agent:"Mozilla/5.0 (Windows NT 10.0; Win64; x64) AppleWebKit/537.36 (KHTML, like Gecko) Chrome/131.0.0.0 Safari/537.36 Edg/131.0.0.0", accept:"application/json", sec-ch-ua:""Microsoft Edge";v="131", "Chromium";v="131", "Not_A Brand";v="24"", sec-ch-ua-mobile:"?0", origin:"http://localhost:8081", sec-fetch-site:"same-origin", sec-fetch-mode:"cors", sec-fetch-dest:"empty", referer:"http://localhost:8081/swagger-ui/index.html", accept-encoding:"gzip, deflate, br, zstd", accept-language:"en-US,en;q=0.9", Content-Type:"multipart/form-data;boundary=----WebKitFormBoundary790zPHcn1cNLvfRB;charset=UTF-8"]] MDC:[traceId=, spanId=]
2025-01-07 15:34:39 [http-nio-8081-exec-6] WARN  o.s.w.s.m.s.DefaultHandlerExceptionResolver - Resolved [org.springframework.web.HttpMediaTypeNotSupportedException: Content-Type 'application/octet-stream' is not supported] MDC:[traceId=, spanId=]
2025-01-07 15:34:39 [http-nio-8081-exec-6] DEBUG o.s.w.f.CommonsRequestLoggingFilter - DATA REQUEST: POST /category/create, headers=[host:"localhost:8081", connection:"keep-alive", content-length:"145873", sec-ch-ua-platform:""Windows"", user-agent:"Mozilla/5.0 (Windows NT 10.0; Win64; x64) AppleWebKit/537.36 (KHTML, like Gecko) Chrome/131.0.0.0 Safari/537.36 Edg/131.0.0.0", accept:"application/json", sec-ch-ua:""Microsoft Edge";v="131", "Chromium";v="131", "Not_A Brand";v="24"", sec-ch-ua-mobile:"?0", origin:"http://localhost:8081", sec-fetch-site:"same-origin", sec-fetch-mode:"cors", sec-fetch-dest:"empty", referer:"http://localhost:8081/swagger-ui/index.html", accept-encoding:"gzip, deflate, br, zstd", accept-language:"en-US,en;q=0.9", Content-Type:"multipart/form-data;boundary=----WebKitFormBoundary790zPHcn1cNLvfRB;charset=UTF-8"]] MDC:[traceId=, spanId=]
2025-01-07 15:35:03 [SpringApplicationShutdownHook] INFO  o.s.b.w.e.tomcat.GracefulShutdown - Commencing graceful shutdown. Waiting for active requests to complete MDC:[traceId=, spanId=]
2025-01-07 15:35:03 [tomcat-shutdown] INFO  o.s.b.w.e.tomcat.GracefulShutdown - Graceful shutdown complete MDC:[traceId=, spanId=]
2025-01-07 15:35:03 [SpringApplicationShutdownHook] INFO  o.s.o.j.LocalContainerEntityManagerFactoryBean - Closing JPA EntityManagerFactory for persistence unit 'default' MDC:[traceId=, spanId=]
2025-01-07 15:35:03 [SpringApplicationShutdownHook] INFO  com.zaxxer.hikari.HikariDataSource - HikariPool-1 - Shutdown initiated... MDC:[traceId=, spanId=]
2025-01-07 15:35:03 [SpringApplicationShutdownHook] INFO  com.zaxxer.hikari.HikariDataSource - HikariPool-1 - Shutdown completed. MDC:[traceId=, spanId=]
2025-01-07 15:35:09 [main] INFO  o.v.p.ProductManagementServiceApplication - Starting ProductManagementServiceApplication using Java 17.0.2 with PID 27668 (D:\java\Springboot\HyggeEcommerce\ProductManagementService\target\classes started by PC in D:\java\Springboot\HyggeEcommerce) MDC:[traceId=, spanId=]
2025-01-07 15:35:09 [main] INFO  o.v.p.ProductManagementServiceApplication - No active profile set, falling back to 1 default profile: "default" MDC:[traceId=, spanId=]
2025-01-07 15:35:09 [main] INFO  o.s.c.c.c.ConfigServerConfigDataLoader - Fetching config from server at : http://localhost:8888/ MDC:[traceId=, spanId=]
2025-01-07 15:35:09 [main] INFO  o.s.c.c.c.ConfigServerConfigDataLoader - Located environment: name=product-manage-service, profiles=[default], label=null, version=null, state=null MDC:[traceId=, spanId=]
2025-01-07 15:35:09 [main] INFO  o.s.d.r.c.RepositoryConfigurationDelegate - Multiple Spring Data modules found, entering strict repository configuration mode MDC:[traceId=, spanId=]
2025-01-07 15:35:09 [main] INFO  o.s.d.r.c.RepositoryConfigurationDelegate - Bootstrapping Spring Data JPA repositories in DEFAULT mode. MDC:[traceId=, spanId=]
2025-01-07 15:35:09 [main] INFO  o.s.d.r.c.RepositoryConfigurationDelegate - Finished Spring Data repository scanning in 91 ms. Found 1 JPA repository interface. MDC:[traceId=, spanId=]
2025-01-07 15:35:09 [main] INFO  o.s.d.r.c.RepositoryConfigurationDelegate - Multiple Spring Data modules found, entering strict repository configuration mode MDC:[traceId=, spanId=]
2025-01-07 15:35:09 [main] INFO  o.s.d.r.c.RepositoryConfigurationDelegate - Bootstrapping Spring Data Redis repositories in DEFAULT mode. MDC:[traceId=, spanId=]
2025-01-07 15:35:09 [main] INFO  o.s.d.r.c.RepositoryConfigurationExtensionSupport - Spring Data Redis - Could not safely identify store assignment for repository candidate interface org.vdt.productmanagementservice.repositories.CategoryRepository; If you want this repository to be a Redis repository, consider annotating your entities with one of these annotations: org.springframework.data.redis.core.RedisHash (preferred), or consider extending one of the following types with your repository: org.springframework.data.keyvalue.repository.KeyValueRepository MDC:[traceId=, spanId=]
2025-01-07 15:35:09 [main] INFO  o.s.d.r.c.RepositoryConfigurationDelegate - Finished Spring Data repository scanning in 5 ms. Found 0 Redis repository interfaces. MDC:[traceId=, spanId=]
2025-01-07 15:35:10 [main] INFO  o.s.cloud.context.scope.GenericScope - BeanFactory id=1c3a8de3-0f25-3458-8ea2-b52b63c27ffb MDC:[traceId=, spanId=]
2025-01-07 15:35:10 [main] INFO  o.s.b.w.e.tomcat.TomcatWebServer - Tomcat initialized with port 8081 (http) MDC:[traceId=, spanId=]
2025-01-07 15:35:10 [main] INFO  o.a.coyote.http11.Http11NioProtocol - Initializing ProtocolHandler ["http-nio-8081"] MDC:[traceId=, spanId=]
2025-01-07 15:35:10 [main] INFO  o.a.catalina.core.StandardService - Starting service [Tomcat] MDC:[traceId=, spanId=]
2025-01-07 15:35:10 [main] INFO  o.a.catalina.core.StandardEngine - Starting Servlet engine: [Apache Tomcat/10.1.34] MDC:[traceId=, spanId=]
2025-01-07 15:35:10 [main] INFO  o.a.c.c.C.[Tomcat].[localhost].[/] - Initializing Spring embedded WebApplicationContext MDC:[traceId=, spanId=]
2025-01-07 15:35:10 [main] INFO  o.s.b.w.s.c.ServletWebServerApplicationContext - Root WebApplicationContext: initialization completed in 1325 ms MDC:[traceId=, spanId=]
2025-01-07 15:35:10 [main] DEBUG o.s.w.f.CommonsRequestLoggingFilter - Filter 'requestLoggingFilter' configured for use MDC:[traceId=, spanId=]
2025-01-07 15:35:10 [main] INFO  o.s.o.j.p.SpringPersistenceUnitInfo - No LoadTimeWeaver setup: ignoring JPA class transformer MDC:[traceId=, spanId=]
2025-01-07 15:35:10 [main] INFO  com.zaxxer.hikari.HikariDataSource - HikariPool-1 - Starting... MDC:[traceId=, spanId=]
2025-01-07 15:35:11 [main] INFO  com.zaxxer.hikari.pool.HikariPool - HikariPool-1 - Added connection com.mysql.cj.jdbc.ConnectionImpl@71817f66 MDC:[traceId=, spanId=]
2025-01-07 15:35:11 [main] INFO  com.zaxxer.hikari.HikariDataSource - HikariPool-1 - Start completed. MDC:[traceId=, spanId=]
2025-01-07 15:35:12 [main] INFO  o.s.o.j.LocalContainerEntityManagerFactoryBean - Initialized JPA EntityManagerFactory for persistence unit 'default' MDC:[traceId=, spanId=]
2025-01-07 15:35:12 [main] WARN  o.s.b.a.o.j.JpaBaseConfiguration$JpaWebConfiguration - spring.jpa.open-in-view is enabled by default. Therefore, database queries may be performed during view rendering. Explicitly configure spring.jpa.open-in-view to disable this warning MDC:[traceId=, spanId=]
2025-01-07 15:35:13 [main] INFO  o.a.coyote.http11.Http11NioProtocol - Starting ProtocolHandler ["http-nio-8081"] MDC:[traceId=, spanId=]
2025-01-07 15:35:13 [main] INFO  o.s.b.w.e.tomcat.TomcatWebServer - Tomcat started on port 8081 (http) with context path '/' MDC:[traceId=, spanId=]
2025-01-07 15:35:13 [main] INFO  o.v.p.ProductManagementServiceApplication - Started ProductManagementServiceApplication in 5.3 seconds (process running for 5.94) MDC:[traceId=, spanId=]
2025-01-07 15:35:24 [SpringApplicationShutdownHook] INFO  o.s.b.w.e.tomcat.GracefulShutdown - Commencing graceful shutdown. Waiting for active requests to complete MDC:[traceId=, spanId=]
2025-01-07 15:35:24 [tomcat-shutdown] INFO  o.s.b.w.e.tomcat.GracefulShutdown - Graceful shutdown complete MDC:[traceId=, spanId=]
2025-01-07 15:35:24 [SpringApplicationShutdownHook] INFO  o.s.o.j.LocalContainerEntityManagerFactoryBean - Closing JPA EntityManagerFactory for persistence unit 'default' MDC:[traceId=, spanId=]
2025-01-07 15:35:24 [SpringApplicationShutdownHook] INFO  com.zaxxer.hikari.HikariDataSource - HikariPool-1 - Shutdown initiated... MDC:[traceId=, spanId=]
2025-01-07 15:35:24 [SpringApplicationShutdownHook] INFO  com.zaxxer.hikari.HikariDataSource - HikariPool-1 - Shutdown completed. MDC:[traceId=, spanId=]
2025-01-07 15:35:28 [main] INFO  o.v.p.ProductManagementServiceApplication - Starting ProductManagementServiceApplication using Java 17.0.2 with PID 14216 (D:\java\Springboot\HyggeEcommerce\ProductManagementService\target\classes started by PC in D:\java\Springboot\HyggeEcommerce) MDC:[traceId=, spanId=]
2025-01-07 15:35:28 [main] INFO  o.v.p.ProductManagementServiceApplication - No active profile set, falling back to 1 default profile: "default" MDC:[traceId=, spanId=]
2025-01-07 15:35:28 [main] INFO  o.s.c.c.c.ConfigServerConfigDataLoader - Fetching config from server at : http://localhost:8888/ MDC:[traceId=, spanId=]
2025-01-07 15:35:28 [main] INFO  o.s.c.c.c.ConfigServerConfigDataLoader - Located environment: name=product-manage-service, profiles=[default], label=null, version=null, state=null MDC:[traceId=, spanId=]
2025-01-07 15:35:29 [main] INFO  o.s.d.r.c.RepositoryConfigurationDelegate - Multiple Spring Data modules found, entering strict repository configuration mode MDC:[traceId=, spanId=]
2025-01-07 15:35:29 [main] INFO  o.s.d.r.c.RepositoryConfigurationDelegate - Bootstrapping Spring Data JPA repositories in DEFAULT mode. MDC:[traceId=, spanId=]
2025-01-07 15:35:29 [main] INFO  o.s.d.r.c.RepositoryConfigurationDelegate - Finished Spring Data repository scanning in 89 ms. Found 1 JPA repository interface. MDC:[traceId=, spanId=]
2025-01-07 15:35:29 [main] INFO  o.s.d.r.c.RepositoryConfigurationDelegate - Multiple Spring Data modules found, entering strict repository configuration mode MDC:[traceId=, spanId=]
2025-01-07 15:35:29 [main] INFO  o.s.d.r.c.RepositoryConfigurationDelegate - Bootstrapping Spring Data Redis repositories in DEFAULT mode. MDC:[traceId=, spanId=]
2025-01-07 15:35:29 [main] INFO  o.s.d.r.c.RepositoryConfigurationExtensionSupport - Spring Data Redis - Could not safely identify store assignment for repository candidate interface org.vdt.productmanagementservice.repositories.CategoryRepository; If you want this repository to be a Redis repository, consider annotating your entities with one of these annotations: org.springframework.data.redis.core.RedisHash (preferred), or consider extending one of the following types with your repository: org.springframework.data.keyvalue.repository.KeyValueRepository MDC:[traceId=, spanId=]
2025-01-07 15:35:29 [main] INFO  o.s.d.r.c.RepositoryConfigurationDelegate - Finished Spring Data repository scanning in 5 ms. Found 0 Redis repository interfaces. MDC:[traceId=, spanId=]
2025-01-07 15:35:29 [main] INFO  o.s.cloud.context.scope.GenericScope - BeanFactory id=1c3a8de3-0f25-3458-8ea2-b52b63c27ffb MDC:[traceId=, spanId=]
2025-01-07 15:35:30 [main] INFO  o.s.b.w.e.tomcat.TomcatWebServer - Tomcat initialized with port 8081 (http) MDC:[traceId=, spanId=]
2025-01-07 15:35:30 [main] INFO  o.a.coyote.http11.Http11NioProtocol - Initializing ProtocolHandler ["http-nio-8081"] MDC:[traceId=, spanId=]
2025-01-07 15:35:30 [main] INFO  o.a.catalina.core.StandardService - Starting service [Tomcat] MDC:[traceId=, spanId=]
2025-01-07 15:35:30 [main] INFO  o.a.catalina.core.StandardEngine - Starting Servlet engine: [Apache Tomcat/10.1.34] MDC:[traceId=, spanId=]
2025-01-07 15:35:30 [main] INFO  o.a.c.c.C.[Tomcat].[localhost].[/] - Initializing Spring embedded WebApplicationContext MDC:[traceId=, spanId=]
2025-01-07 15:35:30 [main] INFO  o.s.b.w.s.c.ServletWebServerApplicationContext - Root WebApplicationContext: initialization completed in 1271 ms MDC:[traceId=, spanId=]
2025-01-07 15:35:30 [main] DEBUG o.s.w.f.CommonsRequestLoggingFilter - Filter 'requestLoggingFilter' configured for use MDC:[traceId=, spanId=]
2025-01-07 15:35:30 [main] INFO  o.s.o.j.p.SpringPersistenceUnitInfo - No LoadTimeWeaver setup: ignoring JPA class transformer MDC:[traceId=, spanId=]
2025-01-07 15:35:30 [main] INFO  com.zaxxer.hikari.HikariDataSource - HikariPool-1 - Starting... MDC:[traceId=, spanId=]
2025-01-07 15:35:30 [main] INFO  com.zaxxer.hikari.pool.HikariPool - HikariPool-1 - Added connection com.mysql.cj.jdbc.ConnectionImpl@7f53b345 MDC:[traceId=, spanId=]
2025-01-07 15:35:30 [main] INFO  com.zaxxer.hikari.HikariDataSource - HikariPool-1 - Start completed. MDC:[traceId=, spanId=]
2025-01-07 15:35:31 [main] INFO  o.s.o.j.LocalContainerEntityManagerFactoryBean - Initialized JPA EntityManagerFactory for persistence unit 'default' MDC:[traceId=, spanId=]
2025-01-07 15:35:32 [main] WARN  o.s.b.a.o.j.JpaBaseConfiguration$JpaWebConfiguration - spring.jpa.open-in-view is enabled by default. Therefore, database queries may be performed during view rendering. Explicitly configure spring.jpa.open-in-view to disable this warning MDC:[traceId=, spanId=]
2025-01-07 15:35:32 [main] INFO  o.a.coyote.http11.Http11NioProtocol - Starting ProtocolHandler ["http-nio-8081"] MDC:[traceId=, spanId=]
2025-01-07 15:35:32 [main] INFO  o.s.b.w.e.tomcat.TomcatWebServer - Tomcat started on port 8081 (http) with context path '/' MDC:[traceId=, spanId=]
2025-01-07 15:35:32 [main] INFO  o.v.p.ProductManagementServiceApplication - Started ProductManagementServiceApplication in 5.192 seconds (process running for 5.872) MDC:[traceId=, spanId=]
2025-01-07 15:35:58 [http-nio-8081-exec-1] INFO  o.a.c.c.C.[Tomcat].[localhost].[/] - Initializing Spring DispatcherServlet 'dispatcherServlet' MDC:[traceId=, spanId=]
2025-01-07 15:35:58 [http-nio-8081-exec-1] INFO  o.s.web.servlet.DispatcherServlet - Initializing Servlet 'dispatcherServlet' MDC:[traceId=, spanId=]
2025-01-07 15:35:58 [http-nio-8081-exec-1] INFO  o.s.web.servlet.DispatcherServlet - Completed initialization in 0 ms MDC:[traceId=, spanId=]
2025-01-07 15:35:58 [http-nio-8081-exec-1] DEBUG o.s.w.f.CommonsRequestLoggingFilter - Before request [POST /category/create, headers=[host:"localhost:8081", connection:"keep-alive", content-length:"145873", sec-ch-ua-platform:""Windows"", user-agent:"Mozilla/5.0 (Windows NT 10.0; Win64; x64) AppleWebKit/537.36 (KHTML, like Gecko) Chrome/131.0.0.0 Safari/537.36 Edg/131.0.0.0", accept:"application/json", sec-ch-ua:""Microsoft Edge";v="131", "Chromium";v="131", "Not_A Brand";v="24"", sec-ch-ua-mobile:"?0", origin:"http://localhost:8081", sec-fetch-site:"same-origin", sec-fetch-mode:"cors", sec-fetch-dest:"empty", referer:"http://localhost:8081/swagger-ui/index.html", accept-encoding:"gzip, deflate, br, zstd", accept-language:"en-US,en;q=0.9", Content-Type:"multipart/form-data;boundary=----WebKitFormBoundaryTPLIrM9eljQ7wR8s;charset=UTF-8"]] MDC:[traceId=, spanId=]
2025-01-07 15:35:58 [http-nio-8081-exec-1] WARN  o.s.w.s.m.s.DefaultHandlerExceptionResolver - Resolved [org.springframework.web.HttpMediaTypeNotSupportedException: Content-Type 'application/octet-stream' is not supported] MDC:[traceId=, spanId=]
2025-01-07 15:35:58 [http-nio-8081-exec-1] DEBUG o.s.w.f.CommonsRequestLoggingFilter - DATA REQUEST: POST /category/create, headers=[host:"localhost:8081", connection:"keep-alive", content-length:"145873", sec-ch-ua-platform:""Windows"", user-agent:"Mozilla/5.0 (Windows NT 10.0; Win64; x64) AppleWebKit/537.36 (KHTML, like Gecko) Chrome/131.0.0.0 Safari/537.36 Edg/131.0.0.0", accept:"application/json", sec-ch-ua:""Microsoft Edge";v="131", "Chromium";v="131", "Not_A Brand";v="24"", sec-ch-ua-mobile:"?0", origin:"http://localhost:8081", sec-fetch-site:"same-origin", sec-fetch-mode:"cors", sec-fetch-dest:"empty", referer:"http://localhost:8081/swagger-ui/index.html", accept-encoding:"gzip, deflate, br, zstd", accept-language:"en-US,en;q=0.9", Content-Type:"multipart/form-data;boundary=----WebKitFormBoundaryTPLIrM9eljQ7wR8s;charset=UTF-8"]] MDC:[traceId=, spanId=]
2025-01-07 15:36:00 [http-nio-8081-exec-3] DEBUG o.s.w.f.CommonsRequestLoggingFilter - Before request [GET /swagger-ui/index.html, headers=[host:"localhost:8081", connection:"keep-alive", cache-control:"max-age=0", sec-ch-ua:""Microsoft Edge";v="131", "Chromium";v="131", "Not_A Brand";v="24"", sec-ch-ua-mobile:"?0", sec-ch-ua-platform:""Windows"", upgrade-insecure-requests:"1", user-agent:"Mozilla/5.0 (Windows NT 10.0; Win64; x64) AppleWebKit/537.36 (KHTML, like Gecko) Chrome/131.0.0.0 Safari/537.36 Edg/131.0.0.0", accept:"text/html,application/xhtml+xml,application/xml;q=0.9,image/avif,image/webp,image/apng,*/*;q=0.8,application/signed-exchange;v=b3;q=0.7", sec-fetch-site:"same-origin", sec-fetch-mode:"navigate", sec-fetch-user:"?1", sec-fetch-dest:"document", accept-encoding:"gzip, deflate, br, zstd", accept-language:"en-US,en;q=0.9", if-modified-since:"Fri, 31 Mar 2023 14:44:14 GMT"]] MDC:[traceId=, spanId=]
2025-01-07 15:36:00 [http-nio-8081-exec-3] DEBUG o.s.w.f.CommonsRequestLoggingFilter - DATA REQUEST: GET /swagger-ui/index.html, headers=[host:"localhost:8081", connection:"keep-alive", cache-control:"max-age=0", sec-ch-ua:""Microsoft Edge";v="131", "Chromium";v="131", "Not_A Brand";v="24"", sec-ch-ua-mobile:"?0", sec-ch-ua-platform:""Windows"", upgrade-insecure-requests:"1", user-agent:"Mozilla/5.0 (Windows NT 10.0; Win64; x64) AppleWebKit/537.36 (KHTML, like Gecko) Chrome/131.0.0.0 Safari/537.36 Edg/131.0.0.0", accept:"text/html,application/xhtml+xml,application/xml;q=0.9,image/avif,image/webp,image/apng,*/*;q=0.8,application/signed-exchange;v=b3;q=0.7", sec-fetch-site:"same-origin", sec-fetch-mode:"navigate", sec-fetch-user:"?1", sec-fetch-dest:"document", accept-encoding:"gzip, deflate, br, zstd", accept-language:"en-US,en;q=0.9", if-modified-since:"Fri, 31 Mar 2023 14:44:14 GMT"]] MDC:[traceId=, spanId=]
2025-01-07 15:36:00 [http-nio-8081-exec-2] DEBUG o.s.w.f.CommonsRequestLoggingFilter - Before request [GET /swagger-ui/swagger-initializer.js, headers=[host:"localhost:8081", connection:"keep-alive", sec-ch-ua-platform:""Windows"", user-agent:"Mozilla/5.0 (Windows NT 10.0; Win64; x64) AppleWebKit/537.36 (KHTML, like Gecko) Chrome/131.0.0.0 Safari/537.36 Edg/131.0.0.0", sec-ch-ua:""Microsoft Edge";v="131", "Chromium";v="131", "Not_A Brand";v="24"", sec-ch-ua-mobile:"?0", accept:"*/*", sec-fetch-site:"same-origin", sec-fetch-mode:"no-cors", sec-fetch-dest:"script", referer:"http://localhost:8081/swagger-ui/index.html", accept-encoding:"gzip, deflate, br, zstd", accept-language:"en-US,en;q=0.9"]] MDC:[traceId=, spanId=]
2025-01-07 15:36:00 [http-nio-8081-exec-2] DEBUG o.s.w.f.CommonsRequestLoggingFilter - DATA REQUEST: GET /swagger-ui/swagger-initializer.js, headers=[host:"localhost:8081", connection:"keep-alive", sec-ch-ua-platform:""Windows"", user-agent:"Mozilla/5.0 (Windows NT 10.0; Win64; x64) AppleWebKit/537.36 (KHTML, like Gecko) Chrome/131.0.0.0 Safari/537.36 Edg/131.0.0.0", sec-ch-ua:""Microsoft Edge";v="131", "Chromium";v="131", "Not_A Brand";v="24"", sec-ch-ua-mobile:"?0", accept:"*/*", sec-fetch-site:"same-origin", sec-fetch-mode:"no-cors", sec-fetch-dest:"script", referer:"http://localhost:8081/swagger-ui/index.html", accept-encoding:"gzip, deflate, br, zstd", accept-language:"en-US,en;q=0.9"]] MDC:[traceId=, spanId=]
2025-01-07 15:36:00 [http-nio-8081-exec-6] DEBUG o.s.w.f.CommonsRequestLoggingFilter - Before request [GET /v3/api-docs/swagger-config, headers=[host:"localhost:8081", connection:"keep-alive", sec-ch-ua-platform:""Windows"", user-agent:"Mozilla/5.0 (Windows NT 10.0; Win64; x64) AppleWebKit/537.36 (KHTML, like Gecko) Chrome/131.0.0.0 Safari/537.36 Edg/131.0.0.0", sec-ch-ua:""Microsoft Edge";v="131", "Chromium";v="131", "Not_A Brand";v="24"", sec-ch-ua-mobile:"?0", accept:"*/*", sec-fetch-site:"same-origin", sec-fetch-mode:"cors", sec-fetch-dest:"empty", referer:"http://localhost:8081/swagger-ui/index.html", accept-encoding:"gzip, deflate, br, zstd", accept-language:"en-US,en;q=0.9"]] MDC:[traceId=, spanId=]
2025-01-07 15:36:00 [http-nio-8081-exec-6] DEBUG o.s.w.f.CommonsRequestLoggingFilter - DATA REQUEST: GET /v3/api-docs/swagger-config, headers=[host:"localhost:8081", connection:"keep-alive", sec-ch-ua-platform:""Windows"", user-agent:"Mozilla/5.0 (Windows NT 10.0; Win64; x64) AppleWebKit/537.36 (KHTML, like Gecko) Chrome/131.0.0.0 Safari/537.36 Edg/131.0.0.0", sec-ch-ua:""Microsoft Edge";v="131", "Chromium";v="131", "Not_A Brand";v="24"", sec-ch-ua-mobile:"?0", accept:"*/*", sec-fetch-site:"same-origin", sec-fetch-mode:"cors", sec-fetch-dest:"empty", referer:"http://localhost:8081/swagger-ui/index.html", accept-encoding:"gzip, deflate, br, zstd", accept-language:"en-US,en;q=0.9"]] MDC:[traceId=, spanId=]
2025-01-07 15:36:00 [http-nio-8081-exec-7] DEBUG o.s.w.f.CommonsRequestLoggingFilter - Before request [GET /v3/api-docs, headers=[host:"localhost:8081", connection:"keep-alive", sec-ch-ua-platform:""Windows"", user-agent:"Mozilla/5.0 (Windows NT 10.0; Win64; x64) AppleWebKit/537.36 (KHTML, like Gecko) Chrome/131.0.0.0 Safari/537.36 Edg/131.0.0.0", accept:"application/json,*/*", sec-ch-ua:""Microsoft Edge";v="131", "Chromium";v="131", "Not_A Brand";v="24"", sec-ch-ua-mobile:"?0", sec-fetch-site:"same-origin", sec-fetch-mode:"cors", sec-fetch-dest:"empty", referer:"http://localhost:8081/swagger-ui/index.html", accept-encoding:"gzip, deflate, br, zstd", accept-language:"en-US,en;q=0.9"]] MDC:[traceId=, spanId=]
2025-01-07 15:36:00 [http-nio-8081-exec-7] INFO  o.s.api.AbstractOpenApiResource - Init duration for springdoc-openapi is: 199 ms MDC:[traceId=, spanId=]
2025-01-07 15:36:00 [http-nio-8081-exec-7] DEBUG o.s.w.f.CommonsRequestLoggingFilter - DATA REQUEST: GET /v3/api-docs, headers=[host:"localhost:8081", connection:"keep-alive", sec-ch-ua-platform:""Windows"", user-agent:"Mozilla/5.0 (Windows NT 10.0; Win64; x64) AppleWebKit/537.36 (KHTML, like Gecko) Chrome/131.0.0.0 Safari/537.36 Edg/131.0.0.0", accept:"application/json,*/*", sec-ch-ua:""Microsoft Edge";v="131", "Chromium";v="131", "Not_A Brand";v="24"", sec-ch-ua-mobile:"?0", sec-fetch-site:"same-origin", sec-fetch-mode:"cors", sec-fetch-dest:"empty", referer:"http://localhost:8081/swagger-ui/index.html", accept-encoding:"gzip, deflate, br, zstd", accept-language:"en-US,en;q=0.9"]] MDC:[traceId=, spanId=]
2025-01-07 15:36:09 [http-nio-8081-exec-4] DEBUG o.s.w.f.CommonsRequestLoggingFilter - Before request [POST /category/create, headers=[host:"localhost:8081", connection:"keep-alive", content-length:"145824", sec-ch-ua-platform:""Windows"", user-agent:"Mozilla/5.0 (Windows NT 10.0; Win64; x64) AppleWebKit/537.36 (KHTML, like Gecko) Chrome/131.0.0.0 Safari/537.36 Edg/131.0.0.0", accept:"application/json", sec-ch-ua:""Microsoft Edge";v="131", "Chromium";v="131", "Not_A Brand";v="24"", sec-ch-ua-mobile:"?0", origin:"http://localhost:8081", sec-fetch-site:"same-origin", sec-fetch-mode:"cors", sec-fetch-dest:"empty", referer:"http://localhost:8081/swagger-ui/index.html", accept-encoding:"gzip, deflate, br, zstd", accept-language:"en-US,en;q=0.9", Content-Type:"multipart/form-data;boundary=----WebKitFormBoundaryytlBGJIbEH8T2BnI;charset=UTF-8"]] MDC:[traceId=, spanId=]
2025-01-07 15:36:09 [http-nio-8081-exec-4] WARN  o.s.w.s.m.s.DefaultHandlerExceptionResolver - Resolved [org.springframework.web.HttpMediaTypeNotSupportedException: Content-Type 'application/octet-stream' is not supported] MDC:[traceId=, spanId=]
2025-01-07 15:36:09 [http-nio-8081-exec-4] DEBUG o.s.w.f.CommonsRequestLoggingFilter - DATA REQUEST: POST /category/create, headers=[host:"localhost:8081", connection:"keep-alive", content-length:"145824", sec-ch-ua-platform:""Windows"", user-agent:"Mozilla/5.0 (Windows NT 10.0; Win64; x64) AppleWebKit/537.36 (KHTML, like Gecko) Chrome/131.0.0.0 Safari/537.36 Edg/131.0.0.0", accept:"application/json", sec-ch-ua:""Microsoft Edge";v="131", "Chromium";v="131", "Not_A Brand";v="24"", sec-ch-ua-mobile:"?0", origin:"http://localhost:8081", sec-fetch-site:"same-origin", sec-fetch-mode:"cors", sec-fetch-dest:"empty", referer:"http://localhost:8081/swagger-ui/index.html", accept-encoding:"gzip, deflate, br, zstd", accept-language:"en-US,en;q=0.9", Content-Type:"multipart/form-data;boundary=----WebKitFormBoundaryytlBGJIbEH8T2BnI;charset=UTF-8"]] MDC:[traceId=, spanId=]
2025-01-07 15:36:10 [http-nio-8081-exec-5] DEBUG o.s.w.f.CommonsRequestLoggingFilter - Before request [POST /category/create, headers=[host:"localhost:8081", connection:"keep-alive", content-length:"145824", sec-ch-ua-platform:""Windows"", user-agent:"Mozilla/5.0 (Windows NT 10.0; Win64; x64) AppleWebKit/537.36 (KHTML, like Gecko) Chrome/131.0.0.0 Safari/537.36 Edg/131.0.0.0", accept:"application/json", sec-ch-ua:""Microsoft Edge";v="131", "Chromium";v="131", "Not_A Brand";v="24"", sec-ch-ua-mobile:"?0", origin:"http://localhost:8081", sec-fetch-site:"same-origin", sec-fetch-mode:"cors", sec-fetch-dest:"empty", referer:"http://localhost:8081/swagger-ui/index.html", accept-encoding:"gzip, deflate, br, zstd", accept-language:"en-US,en;q=0.9", Content-Type:"multipart/form-data;boundary=----WebKitFormBoundaryI2tjgojwHVdUWCPq;charset=UTF-8"]] MDC:[traceId=, spanId=]
2025-01-07 15:36:10 [http-nio-8081-exec-5] WARN  o.s.w.s.m.s.DefaultHandlerExceptionResolver - Resolved [org.springframework.web.HttpMediaTypeNotSupportedException: Content-Type 'application/octet-stream' is not supported] MDC:[traceId=, spanId=]
2025-01-07 15:36:10 [http-nio-8081-exec-5] DEBUG o.s.w.f.CommonsRequestLoggingFilter - DATA REQUEST: POST /category/create, headers=[host:"localhost:8081", connection:"keep-alive", content-length:"145824", sec-ch-ua-platform:""Windows"", user-agent:"Mozilla/5.0 (Windows NT 10.0; Win64; x64) AppleWebKit/537.36 (KHTML, like Gecko) Chrome/131.0.0.0 Safari/537.36 Edg/131.0.0.0", accept:"application/json", sec-ch-ua:""Microsoft Edge";v="131", "Chromium";v="131", "Not_A Brand";v="24"", sec-ch-ua-mobile:"?0", origin:"http://localhost:8081", sec-fetch-site:"same-origin", sec-fetch-mode:"cors", sec-fetch-dest:"empty", referer:"http://localhost:8081/swagger-ui/index.html", accept-encoding:"gzip, deflate, br, zstd", accept-language:"en-US,en;q=0.9", Content-Type:"multipart/form-data;boundary=----WebKitFormBoundaryI2tjgojwHVdUWCPq;charset=UTF-8"]] MDC:[traceId=, spanId=]
2025-01-07 15:39:42 [SpringApplicationShutdownHook] INFO  o.s.b.w.e.tomcat.GracefulShutdown - Commencing graceful shutdown. Waiting for active requests to complete MDC:[traceId=, spanId=]
2025-01-07 15:39:42 [tomcat-shutdown] INFO  o.s.b.w.e.tomcat.GracefulShutdown - Graceful shutdown complete MDC:[traceId=, spanId=]
2025-01-07 15:39:42 [SpringApplicationShutdownHook] INFO  o.s.o.j.LocalContainerEntityManagerFactoryBean - Closing JPA EntityManagerFactory for persistence unit 'default' MDC:[traceId=, spanId=]
2025-01-07 15:39:42 [SpringApplicationShutdownHook] INFO  com.zaxxer.hikari.HikariDataSource - HikariPool-1 - Shutdown initiated... MDC:[traceId=, spanId=]
2025-01-07 15:39:42 [SpringApplicationShutdownHook] INFO  com.zaxxer.hikari.HikariDataSource - HikariPool-1 - Shutdown completed. MDC:[traceId=, spanId=]
2025-01-07 15:39:45 [main] INFO  o.v.p.ProductManagementServiceApplication - Starting ProductManagementServiceApplication using Java 17.0.2 with PID 1452 (D:\java\Springboot\HyggeEcommerce\ProductManagementService\target\classes started by PC in D:\java\Springboot\HyggeEcommerce) MDC:[traceId=, spanId=]
2025-01-07 15:39:45 [main] INFO  o.v.p.ProductManagementServiceApplication - No active profile set, falling back to 1 default profile: "default" MDC:[traceId=, spanId=]
2025-01-07 15:39:45 [main] INFO  o.s.c.c.c.ConfigServerConfigDataLoader - Fetching config from server at : http://localhost:8888/ MDC:[traceId=, spanId=]
2025-01-07 15:39:45 [main] INFO  o.s.c.c.c.ConfigServerConfigDataLoader - Located environment: name=product-manage-service, profiles=[default], label=null, version=null, state=null MDC:[traceId=, spanId=]
2025-01-07 15:39:46 [main] INFO  o.s.d.r.c.RepositoryConfigurationDelegate - Multiple Spring Data modules found, entering strict repository configuration mode MDC:[traceId=, spanId=]
2025-01-07 15:39:46 [main] INFO  o.s.d.r.c.RepositoryConfigurationDelegate - Bootstrapping Spring Data JPA repositories in DEFAULT mode. MDC:[traceId=, spanId=]
2025-01-07 15:39:46 [main] INFO  o.s.d.r.c.RepositoryConfigurationDelegate - Finished Spring Data repository scanning in 93 ms. Found 1 JPA repository interface. MDC:[traceId=, spanId=]
2025-01-07 15:39:46 [main] INFO  o.s.d.r.c.RepositoryConfigurationDelegate - Multiple Spring Data modules found, entering strict repository configuration mode MDC:[traceId=, spanId=]
2025-01-07 15:39:46 [main] INFO  o.s.d.r.c.RepositoryConfigurationDelegate - Bootstrapping Spring Data Redis repositories in DEFAULT mode. MDC:[traceId=, spanId=]
2025-01-07 15:39:46 [main] INFO  o.s.d.r.c.RepositoryConfigurationExtensionSupport - Spring Data Redis - Could not safely identify store assignment for repository candidate interface org.vdt.productmanagementservice.repositories.CategoryRepository; If you want this repository to be a Redis repository, consider annotating your entities with one of these annotations: org.springframework.data.redis.core.RedisHash (preferred), or consider extending one of the following types with your repository: org.springframework.data.keyvalue.repository.KeyValueRepository MDC:[traceId=, spanId=]
2025-01-07 15:39:46 [main] INFO  o.s.d.r.c.RepositoryConfigurationDelegate - Finished Spring Data repository scanning in 7 ms. Found 0 Redis repository interfaces. MDC:[traceId=, spanId=]
2025-01-07 15:39:46 [main] INFO  o.s.cloud.context.scope.GenericScope - BeanFactory id=1c3a8de3-0f25-3458-8ea2-b52b63c27ffb MDC:[traceId=, spanId=]
2025-01-07 15:39:46 [main] INFO  o.s.b.w.e.tomcat.TomcatWebServer - Tomcat initialized with port 8081 (http) MDC:[traceId=, spanId=]
2025-01-07 15:39:47 [main] INFO  o.a.coyote.http11.Http11NioProtocol - Initializing ProtocolHandler ["http-nio-8081"] MDC:[traceId=, spanId=]
2025-01-07 15:39:47 [main] INFO  o.a.catalina.core.StandardService - Starting service [Tomcat] MDC:[traceId=, spanId=]
2025-01-07 15:39:47 [main] INFO  o.a.catalina.core.StandardEngine - Starting Servlet engine: [Apache Tomcat/10.1.34] MDC:[traceId=, spanId=]
2025-01-07 15:39:47 [main] INFO  o.a.c.c.C.[Tomcat].[localhost].[/] - Initializing Spring embedded WebApplicationContext MDC:[traceId=, spanId=]
2025-01-07 15:39:47 [main] INFO  o.s.b.w.s.c.ServletWebServerApplicationContext - Root WebApplicationContext: initialization completed in 1267 ms MDC:[traceId=, spanId=]
2025-01-07 15:39:47 [main] DEBUG o.s.w.f.CommonsRequestLoggingFilter - Filter 'requestLoggingFilter' configured for use MDC:[traceId=, spanId=]
2025-01-07 15:39:47 [main] INFO  o.s.o.j.p.SpringPersistenceUnitInfo - No LoadTimeWeaver setup: ignoring JPA class transformer MDC:[traceId=, spanId=]
2025-01-07 15:39:47 [main] INFO  com.zaxxer.hikari.HikariDataSource - HikariPool-1 - Starting... MDC:[traceId=, spanId=]
2025-01-07 15:39:47 [main] INFO  com.zaxxer.hikari.pool.HikariPool - HikariPool-1 - Added connection com.mysql.cj.jdbc.ConnectionImpl@14d513ca MDC:[traceId=, spanId=]
2025-01-07 15:39:47 [main] INFO  com.zaxxer.hikari.HikariDataSource - HikariPool-1 - Start completed. MDC:[traceId=, spanId=]
2025-01-07 15:39:48 [main] INFO  o.s.o.j.LocalContainerEntityManagerFactoryBean - Initialized JPA EntityManagerFactory for persistence unit 'default' MDC:[traceId=, spanId=]
2025-01-07 15:39:49 [main] WARN  o.s.b.a.o.j.JpaBaseConfiguration$JpaWebConfiguration - spring.jpa.open-in-view is enabled by default. Therefore, database queries may be performed during view rendering. Explicitly configure spring.jpa.open-in-view to disable this warning MDC:[traceId=, spanId=]
2025-01-07 15:39:49 [main] INFO  o.a.coyote.http11.Http11NioProtocol - Starting ProtocolHandler ["http-nio-8081"] MDC:[traceId=, spanId=]
2025-01-07 15:39:49 [main] INFO  o.s.b.w.e.tomcat.TomcatWebServer - Tomcat started on port 8081 (http) with context path '/' MDC:[traceId=, spanId=]
2025-01-07 15:39:50 [main] INFO  o.v.p.ProductManagementServiceApplication - Started ProductManagementServiceApplication in 5.284 seconds (process running for 6.011) MDC:[traceId=, spanId=]
2025-01-07 15:39:53 [http-nio-8081-exec-1] INFO  o.a.c.c.C.[Tomcat].[localhost].[/] - Initializing Spring DispatcherServlet 'dispatcherServlet' MDC:[traceId=, spanId=]
2025-01-07 15:39:53 [http-nio-8081-exec-1] INFO  o.s.web.servlet.DispatcherServlet - Initializing Servlet 'dispatcherServlet' MDC:[traceId=, spanId=]
2025-01-07 15:39:53 [http-nio-8081-exec-1] INFO  o.s.web.servlet.DispatcherServlet - Completed initialization in 1 ms MDC:[traceId=, spanId=]
2025-01-07 15:39:53 [http-nio-8081-exec-1] DEBUG o.s.w.f.CommonsRequestLoggingFilter - Before request [GET /swagger-ui/index.html, headers=[host:"localhost:8081", connection:"keep-alive", cache-control:"max-age=0", sec-ch-ua:""Microsoft Edge";v="131", "Chromium";v="131", "Not_A Brand";v="24"", sec-ch-ua-mobile:"?0", sec-ch-ua-platform:""Windows"", upgrade-insecure-requests:"1", user-agent:"Mozilla/5.0 (Windows NT 10.0; Win64; x64) AppleWebKit/537.36 (KHTML, like Gecko) Chrome/131.0.0.0 Safari/537.36 Edg/131.0.0.0", accept:"text/html,application/xhtml+xml,application/xml;q=0.9,image/avif,image/webp,image/apng,*/*;q=0.8,application/signed-exchange;v=b3;q=0.7", sec-fetch-site:"same-origin", sec-fetch-mode:"navigate", sec-fetch-user:"?1", sec-fetch-dest:"document", accept-encoding:"gzip, deflate, br, zstd", accept-language:"en-US,en;q=0.9", if-modified-since:"Fri, 31 Mar 2023 14:44:14 GMT"]] MDC:[traceId=, spanId=]
2025-01-07 15:39:53 [http-nio-8081-exec-1] DEBUG o.s.w.f.CommonsRequestLoggingFilter - DATA REQUEST: GET /swagger-ui/index.html, headers=[host:"localhost:8081", connection:"keep-alive", cache-control:"max-age=0", sec-ch-ua:""Microsoft Edge";v="131", "Chromium";v="131", "Not_A Brand";v="24"", sec-ch-ua-mobile:"?0", sec-ch-ua-platform:""Windows"", upgrade-insecure-requests:"1", user-agent:"Mozilla/5.0 (Windows NT 10.0; Win64; x64) AppleWebKit/537.36 (KHTML, like Gecko) Chrome/131.0.0.0 Safari/537.36 Edg/131.0.0.0", accept:"text/html,application/xhtml+xml,application/xml;q=0.9,image/avif,image/webp,image/apng,*/*;q=0.8,application/signed-exchange;v=b3;q=0.7", sec-fetch-site:"same-origin", sec-fetch-mode:"navigate", sec-fetch-user:"?1", sec-fetch-dest:"document", accept-encoding:"gzip, deflate, br, zstd", accept-language:"en-US,en;q=0.9", if-modified-since:"Fri, 31 Mar 2023 14:44:14 GMT"]] MDC:[traceId=, spanId=]
2025-01-07 15:39:53 [http-nio-8081-exec-2] DEBUG o.s.w.f.CommonsRequestLoggingFilter - Before request [GET /swagger-ui/swagger-initializer.js, headers=[host:"localhost:8081", connection:"keep-alive", sec-ch-ua-platform:""Windows"", user-agent:"Mozilla/5.0 (Windows NT 10.0; Win64; x64) AppleWebKit/537.36 (KHTML, like Gecko) Chrome/131.0.0.0 Safari/537.36 Edg/131.0.0.0", sec-ch-ua:""Microsoft Edge";v="131", "Chromium";v="131", "Not_A Brand";v="24"", sec-ch-ua-mobile:"?0", accept:"*/*", sec-fetch-site:"same-origin", sec-fetch-mode:"no-cors", sec-fetch-dest:"script", referer:"http://localhost:8081/swagger-ui/index.html", accept-encoding:"gzip, deflate, br, zstd", accept-language:"en-US,en;q=0.9"]] MDC:[traceId=, spanId=]
2025-01-07 15:39:53 [http-nio-8081-exec-2] DEBUG o.s.w.f.CommonsRequestLoggingFilter - DATA REQUEST: GET /swagger-ui/swagger-initializer.js, headers=[host:"localhost:8081", connection:"keep-alive", sec-ch-ua-platform:""Windows"", user-agent:"Mozilla/5.0 (Windows NT 10.0; Win64; x64) AppleWebKit/537.36 (KHTML, like Gecko) Chrome/131.0.0.0 Safari/537.36 Edg/131.0.0.0", sec-ch-ua:""Microsoft Edge";v="131", "Chromium";v="131", "Not_A Brand";v="24"", sec-ch-ua-mobile:"?0", accept:"*/*", sec-fetch-site:"same-origin", sec-fetch-mode:"no-cors", sec-fetch-dest:"script", referer:"http://localhost:8081/swagger-ui/index.html", accept-encoding:"gzip, deflate, br, zstd", accept-language:"en-US,en;q=0.9"]] MDC:[traceId=, spanId=]
2025-01-07 15:39:53 [http-nio-8081-exec-3] DEBUG o.s.w.f.CommonsRequestLoggingFilter - Before request [GET /v3/api-docs/swagger-config, headers=[host:"localhost:8081", connection:"keep-alive", sec-ch-ua-platform:""Windows"", user-agent:"Mozilla/5.0 (Windows NT 10.0; Win64; x64) AppleWebKit/537.36 (KHTML, like Gecko) Chrome/131.0.0.0 Safari/537.36 Edg/131.0.0.0", sec-ch-ua:""Microsoft Edge";v="131", "Chromium";v="131", "Not_A Brand";v="24"", sec-ch-ua-mobile:"?0", accept:"*/*", sec-fetch-site:"same-origin", sec-fetch-mode:"cors", sec-fetch-dest:"empty", referer:"http://localhost:8081/swagger-ui/index.html", accept-encoding:"gzip, deflate, br, zstd", accept-language:"en-US,en;q=0.9"]] MDC:[traceId=, spanId=]
2025-01-07 15:39:53 [http-nio-8081-exec-3] DEBUG o.s.w.f.CommonsRequestLoggingFilter - DATA REQUEST: GET /v3/api-docs/swagger-config, headers=[host:"localhost:8081", connection:"keep-alive", sec-ch-ua-platform:""Windows"", user-agent:"Mozilla/5.0 (Windows NT 10.0; Win64; x64) AppleWebKit/537.36 (KHTML, like Gecko) Chrome/131.0.0.0 Safari/537.36 Edg/131.0.0.0", sec-ch-ua:""Microsoft Edge";v="131", "Chromium";v="131", "Not_A Brand";v="24"", sec-ch-ua-mobile:"?0", accept:"*/*", sec-fetch-site:"same-origin", sec-fetch-mode:"cors", sec-fetch-dest:"empty", referer:"http://localhost:8081/swagger-ui/index.html", accept-encoding:"gzip, deflate, br, zstd", accept-language:"en-US,en;q=0.9"]] MDC:[traceId=, spanId=]
2025-01-07 15:39:53 [http-nio-8081-exec-4] DEBUG o.s.w.f.CommonsRequestLoggingFilter - Before request [GET /v3/api-docs, headers=[host:"localhost:8081", connection:"keep-alive", sec-ch-ua-platform:""Windows"", user-agent:"Mozilla/5.0 (Windows NT 10.0; Win64; x64) AppleWebKit/537.36 (KHTML, like Gecko) Chrome/131.0.0.0 Safari/537.36 Edg/131.0.0.0", accept:"application/json,*/*", sec-ch-ua:""Microsoft Edge";v="131", "Chromium";v="131", "Not_A Brand";v="24"", sec-ch-ua-mobile:"?0", sec-fetch-site:"same-origin", sec-fetch-mode:"cors", sec-fetch-dest:"empty", referer:"http://localhost:8081/swagger-ui/index.html", accept-encoding:"gzip, deflate, br, zstd", accept-language:"en-US,en;q=0.9"]] MDC:[traceId=, spanId=]
2025-01-07 15:39:53 [http-nio-8081-exec-4] INFO  o.s.api.AbstractOpenApiResource - Init duration for springdoc-openapi is: 224 ms MDC:[traceId=, spanId=]
2025-01-07 15:39:53 [http-nio-8081-exec-4] DEBUG o.s.w.f.CommonsRequestLoggingFilter - DATA REQUEST: GET /v3/api-docs, headers=[host:"localhost:8081", connection:"keep-alive", sec-ch-ua-platform:""Windows"", user-agent:"Mozilla/5.0 (Windows NT 10.0; Win64; x64) AppleWebKit/537.36 (KHTML, like Gecko) Chrome/131.0.0.0 Safari/537.36 Edg/131.0.0.0", accept:"application/json,*/*", sec-ch-ua:""Microsoft Edge";v="131", "Chromium";v="131", "Not_A Brand";v="24"", sec-ch-ua-mobile:"?0", sec-fetch-site:"same-origin", sec-fetch-mode:"cors", sec-fetch-dest:"empty", referer:"http://localhost:8081/swagger-ui/index.html", accept-encoding:"gzip, deflate, br, zstd", accept-language:"en-US,en;q=0.9"]] MDC:[traceId=, spanId=]
2025-01-07 15:40:02 [http-nio-8081-exec-5] DEBUG o.s.w.f.CommonsRequestLoggingFilter - Before request [POST /category/create, headers=[host:"localhost:8081", connection:"keep-alive", content-length:"145823", sec-ch-ua-platform:""Windows"", user-agent:"Mozilla/5.0 (Windows NT 10.0; Win64; x64) AppleWebKit/537.36 (KHTML, like Gecko) Chrome/131.0.0.0 Safari/537.36 Edg/131.0.0.0", accept:"application/json", sec-ch-ua:""Microsoft Edge";v="131", "Chromium";v="131", "Not_A Brand";v="24"", sec-ch-ua-mobile:"?0", origin:"http://localhost:8081", sec-fetch-site:"same-origin", sec-fetch-mode:"cors", sec-fetch-dest:"empty", referer:"http://localhost:8081/swagger-ui/index.html", accept-encoding:"gzip, deflate, br, zstd", accept-language:"en-US,en;q=0.9", Content-Type:"multipart/form-data;boundary=----WebKitFormBoundaryNSivv75xAkJKZKTq;charset=UTF-8"]] MDC:[traceId=, spanId=]
2025-01-07 15:40:02 [http-nio-8081-exec-5] WARN  o.s.w.s.m.s.DefaultHandlerExceptionResolver - Resolved [org.springframework.web.HttpMediaTypeNotSupportedException: Content-Type 'application/octet-stream' is not supported] MDC:[traceId=, spanId=]
2025-01-07 15:40:02 [http-nio-8081-exec-5] DEBUG o.s.w.f.CommonsRequestLoggingFilter - DATA REQUEST: POST /category/create, headers=[host:"localhost:8081", connection:"keep-alive", content-length:"145823", sec-ch-ua-platform:""Windows"", user-agent:"Mozilla/5.0 (Windows NT 10.0; Win64; x64) AppleWebKit/537.36 (KHTML, like Gecko) Chrome/131.0.0.0 Safari/537.36 Edg/131.0.0.0", accept:"application/json", sec-ch-ua:""Microsoft Edge";v="131", "Chromium";v="131", "Not_A Brand";v="24"", sec-ch-ua-mobile:"?0", origin:"http://localhost:8081", sec-fetch-site:"same-origin", sec-fetch-mode:"cors", sec-fetch-dest:"empty", referer:"http://localhost:8081/swagger-ui/index.html", accept-encoding:"gzip, deflate, br, zstd", accept-language:"en-US,en;q=0.9", Content-Type:"multipart/form-data;boundary=----WebKitFormBoundaryNSivv75xAkJKZKTq;charset=UTF-8"]] MDC:[traceId=, spanId=]
2025-01-07 15:40:03 [http-nio-8081-exec-6] DEBUG o.s.w.f.CommonsRequestLoggingFilter - Before request [POST /category/create, headers=[host:"localhost:8081", connection:"keep-alive", content-length:"145823", sec-ch-ua-platform:""Windows"", user-agent:"Mozilla/5.0 (Windows NT 10.0; Win64; x64) AppleWebKit/537.36 (KHTML, like Gecko) Chrome/131.0.0.0 Safari/537.36 Edg/131.0.0.0", accept:"application/json", sec-ch-ua:""Microsoft Edge";v="131", "Chromium";v="131", "Not_A Brand";v="24"", sec-ch-ua-mobile:"?0", origin:"http://localhost:8081", sec-fetch-site:"same-origin", sec-fetch-mode:"cors", sec-fetch-dest:"empty", referer:"http://localhost:8081/swagger-ui/index.html", accept-encoding:"gzip, deflate, br, zstd", accept-language:"en-US,en;q=0.9", Content-Type:"multipart/form-data;boundary=----WebKitFormBoundaryT4pWV8BbqGM8u4ds;charset=UTF-8"]] MDC:[traceId=, spanId=]
2025-01-07 15:40:03 [http-nio-8081-exec-6] WARN  o.s.w.s.m.s.DefaultHandlerExceptionResolver - Resolved [org.springframework.web.HttpMediaTypeNotSupportedException: Content-Type 'application/octet-stream' is not supported] MDC:[traceId=, spanId=]
2025-01-07 15:40:03 [http-nio-8081-exec-6] DEBUG o.s.w.f.CommonsRequestLoggingFilter - DATA REQUEST: POST /category/create, headers=[host:"localhost:8081", connection:"keep-alive", content-length:"145823", sec-ch-ua-platform:""Windows"", user-agent:"Mozilla/5.0 (Windows NT 10.0; Win64; x64) AppleWebKit/537.36 (KHTML, like Gecko) Chrome/131.0.0.0 Safari/537.36 Edg/131.0.0.0", accept:"application/json", sec-ch-ua:""Microsoft Edge";v="131", "Chromium";v="131", "Not_A Brand";v="24"", sec-ch-ua-mobile:"?0", origin:"http://localhost:8081", sec-fetch-site:"same-origin", sec-fetch-mode:"cors", sec-fetch-dest:"empty", referer:"http://localhost:8081/swagger-ui/index.html", accept-encoding:"gzip, deflate, br, zstd", accept-language:"en-US,en;q=0.9", Content-Type:"multipart/form-data;boundary=----WebKitFormBoundaryT4pWV8BbqGM8u4ds;charset=UTF-8"]] MDC:[traceId=, spanId=]
2025-01-07 15:40:41 [SpringApplicationShutdownHook] INFO  o.s.b.w.e.tomcat.GracefulShutdown - Commencing graceful shutdown. Waiting for active requests to complete MDC:[traceId=, spanId=]
2025-01-07 15:40:41 [tomcat-shutdown] INFO  o.s.b.w.e.tomcat.GracefulShutdown - Graceful shutdown complete MDC:[traceId=, spanId=]
2025-01-07 15:40:41 [SpringApplicationShutdownHook] INFO  o.s.o.j.LocalContainerEntityManagerFactoryBean - Closing JPA EntityManagerFactory for persistence unit 'default' MDC:[traceId=, spanId=]
2025-01-07 15:40:41 [SpringApplicationShutdownHook] INFO  com.zaxxer.hikari.HikariDataSource - HikariPool-1 - Shutdown initiated... MDC:[traceId=, spanId=]
2025-01-07 15:40:41 [SpringApplicationShutdownHook] INFO  com.zaxxer.hikari.HikariDataSource - HikariPool-1 - Shutdown completed. MDC:[traceId=, spanId=]
2025-01-07 15:40:45 [main] INFO  o.v.p.ProductManagementServiceApplication - Starting ProductManagementServiceApplication using Java 17.0.2 with PID 13560 (D:\java\Springboot\HyggeEcommerce\ProductManagementService\target\classes started by PC in D:\java\Springboot\HyggeEcommerce) MDC:[traceId=, spanId=]
2025-01-07 15:40:45 [main] INFO  o.v.p.ProductManagementServiceApplication - No active profile set, falling back to 1 default profile: "default" MDC:[traceId=, spanId=]
2025-01-07 15:40:45 [main] INFO  o.s.c.c.c.ConfigServerConfigDataLoader - Fetching config from server at : http://localhost:8888/ MDC:[traceId=, spanId=]
2025-01-07 15:40:45 [main] INFO  o.s.c.c.c.ConfigServerConfigDataLoader - Located environment: name=product-manage-service, profiles=[default], label=null, version=null, state=null MDC:[traceId=, spanId=]
2025-01-07 15:40:46 [main] INFO  o.s.d.r.c.RepositoryConfigurationDelegate - Multiple Spring Data modules found, entering strict repository configuration mode MDC:[traceId=, spanId=]
2025-01-07 15:40:46 [main] INFO  o.s.d.r.c.RepositoryConfigurationDelegate - Bootstrapping Spring Data JPA repositories in DEFAULT mode. MDC:[traceId=, spanId=]
2025-01-07 15:40:46 [main] INFO  o.s.d.r.c.RepositoryConfigurationDelegate - Finished Spring Data repository scanning in 92 ms. Found 1 JPA repository interface. MDC:[traceId=, spanId=]
2025-01-07 15:40:46 [main] INFO  o.s.d.r.c.RepositoryConfigurationDelegate - Multiple Spring Data modules found, entering strict repository configuration mode MDC:[traceId=, spanId=]
2025-01-07 15:40:46 [main] INFO  o.s.d.r.c.RepositoryConfigurationDelegate - Bootstrapping Spring Data Redis repositories in DEFAULT mode. MDC:[traceId=, spanId=]
2025-01-07 15:40:46 [main] INFO  o.s.d.r.c.RepositoryConfigurationExtensionSupport - Spring Data Redis - Could not safely identify store assignment for repository candidate interface org.vdt.productmanagementservice.repositories.CategoryRepository; If you want this repository to be a Redis repository, consider annotating your entities with one of these annotations: org.springframework.data.redis.core.RedisHash (preferred), or consider extending one of the following types with your repository: org.springframework.data.keyvalue.repository.KeyValueRepository MDC:[traceId=, spanId=]
2025-01-07 15:40:46 [main] INFO  o.s.d.r.c.RepositoryConfigurationDelegate - Finished Spring Data repository scanning in 4 ms. Found 0 Redis repository interfaces. MDC:[traceId=, spanId=]
2025-01-07 15:40:46 [main] INFO  o.s.cloud.context.scope.GenericScope - BeanFactory id=1c3a8de3-0f25-3458-8ea2-b52b63c27ffb MDC:[traceId=, spanId=]
2025-01-07 15:40:47 [main] INFO  o.s.b.w.e.tomcat.TomcatWebServer - Tomcat initialized with port 8081 (http) MDC:[traceId=, spanId=]
2025-01-07 15:40:47 [main] INFO  o.a.coyote.http11.Http11NioProtocol - Initializing ProtocolHandler ["http-nio-8081"] MDC:[traceId=, spanId=]
2025-01-07 15:40:47 [main] INFO  o.a.catalina.core.StandardService - Starting service [Tomcat] MDC:[traceId=, spanId=]
2025-01-07 15:40:47 [main] INFO  o.a.catalina.core.StandardEngine - Starting Servlet engine: [Apache Tomcat/10.1.34] MDC:[traceId=, spanId=]
2025-01-07 15:40:47 [main] INFO  o.a.c.c.C.[Tomcat].[localhost].[/] - Initializing Spring embedded WebApplicationContext MDC:[traceId=, spanId=]
2025-01-07 15:40:47 [main] INFO  o.s.b.w.s.c.ServletWebServerApplicationContext - Root WebApplicationContext: initialization completed in 1278 ms MDC:[traceId=, spanId=]
2025-01-07 15:40:47 [main] DEBUG o.s.w.f.CommonsRequestLoggingFilter - Filter 'requestLoggingFilter' configured for use MDC:[traceId=, spanId=]
2025-01-07 15:40:47 [main] INFO  o.s.o.j.p.SpringPersistenceUnitInfo - No LoadTimeWeaver setup: ignoring JPA class transformer MDC:[traceId=, spanId=]
2025-01-07 15:40:47 [main] INFO  com.zaxxer.hikari.HikariDataSource - HikariPool-1 - Starting... MDC:[traceId=, spanId=]
2025-01-07 15:40:47 [main] INFO  com.zaxxer.hikari.pool.HikariPool - HikariPool-1 - Added connection com.mysql.cj.jdbc.ConnectionImpl@539bb233 MDC:[traceId=, spanId=]
2025-01-07 15:40:47 [main] INFO  com.zaxxer.hikari.HikariDataSource - HikariPool-1 - Start completed. MDC:[traceId=, spanId=]
2025-01-07 15:40:48 [main] INFO  o.s.o.j.LocalContainerEntityManagerFactoryBean - Initialized JPA EntityManagerFactory for persistence unit 'default' MDC:[traceId=, spanId=]
2025-01-07 15:40:49 [main] WARN  o.s.b.a.o.j.JpaBaseConfiguration$JpaWebConfiguration - spring.jpa.open-in-view is enabled by default. Therefore, database queries may be performed during view rendering. Explicitly configure spring.jpa.open-in-view to disable this warning MDC:[traceId=, spanId=]
2025-01-07 15:40:49 [main] INFO  o.a.coyote.http11.Http11NioProtocol - Starting ProtocolHandler ["http-nio-8081"] MDC:[traceId=, spanId=]
2025-01-07 15:40:49 [main] INFO  o.s.b.w.e.tomcat.TomcatWebServer - Tomcat started on port 8081 (http) with context path '/' MDC:[traceId=, spanId=]
2025-01-07 15:40:49 [main] INFO  o.v.p.ProductManagementServiceApplication - Started ProductManagementServiceApplication in 5.13 seconds (process running for 5.858) MDC:[traceId=, spanId=]
2025-01-07 15:40:52 [http-nio-8081-exec-1] INFO  o.a.c.c.C.[Tomcat].[localhost].[/] - Initializing Spring DispatcherServlet 'dispatcherServlet' MDC:[traceId=, spanId=]
2025-01-07 15:40:52 [http-nio-8081-exec-1] INFO  o.s.web.servlet.DispatcherServlet - Initializing Servlet 'dispatcherServlet' MDC:[traceId=, spanId=]
2025-01-07 15:40:52 [http-nio-8081-exec-1] INFO  o.s.web.servlet.DispatcherServlet - Completed initialization in 1 ms MDC:[traceId=, spanId=]
2025-01-07 15:40:52 [http-nio-8081-exec-1] DEBUG o.s.w.f.CommonsRequestLoggingFilter - Before request [POST /category/create, headers=[host:"localhost:8081", connection:"keep-alive", content-length:"145823", sec-ch-ua-platform:""Windows"", user-agent:"Mozilla/5.0 (Windows NT 10.0; Win64; x64) AppleWebKit/537.36 (KHTML, like Gecko) Chrome/131.0.0.0 Safari/537.36 Edg/131.0.0.0", accept:"application/json", sec-ch-ua:""Microsoft Edge";v="131", "Chromium";v="131", "Not_A Brand";v="24"", sec-ch-ua-mobile:"?0", origin:"http://localhost:8081", sec-fetch-site:"same-origin", sec-fetch-mode:"cors", sec-fetch-dest:"empty", referer:"http://localhost:8081/swagger-ui/index.html", accept-encoding:"gzip, deflate, br, zstd", accept-language:"en-US,en;q=0.9", Content-Type:"multipart/form-data;boundary=----WebKitFormBoundaryUzBGttVfQwBeDOLO;charset=UTF-8"]] MDC:[traceId=, spanId=]
2025-01-07 15:40:52 [http-nio-8081-exec-1] WARN  o.s.w.s.m.s.DefaultHandlerExceptionResolver - Resolved [org.springframework.web.HttpMediaTypeNotSupportedException: Content-Type 'multipart/form-data;boundary=----WebKitFormBoundaryUzBGttVfQwBeDOLO' is not supported] MDC:[traceId=, spanId=]
2025-01-07 15:40:52 [http-nio-8081-exec-1] DEBUG o.s.w.f.CommonsRequestLoggingFilter - DATA REQUEST: POST /category/create, headers=[host:"localhost:8081", connection:"keep-alive", content-length:"145823", sec-ch-ua-platform:""Windows"", user-agent:"Mozilla/5.0 (Windows NT 10.0; Win64; x64) AppleWebKit/537.36 (KHTML, like Gecko) Chrome/131.0.0.0 Safari/537.36 Edg/131.0.0.0", accept:"application/json", sec-ch-ua:""Microsoft Edge";v="131", "Chromium";v="131", "Not_A Brand";v="24"", sec-ch-ua-mobile:"?0", origin:"http://localhost:8081", sec-fetch-site:"same-origin", sec-fetch-mode:"cors", sec-fetch-dest:"empty", referer:"http://localhost:8081/swagger-ui/index.html", accept-encoding:"gzip, deflate, br, zstd", accept-language:"en-US,en;q=0.9", Content-Type:"multipart/form-data;boundary=----WebKitFormBoundaryUzBGttVfQwBeDOLO;charset=UTF-8"]] MDC:[traceId=, spanId=]
2025-01-07 15:40:56 [http-nio-8081-exec-2] DEBUG o.s.w.f.CommonsRequestLoggingFilter - Before request [GET /swagger-ui/index.html, headers=[host:"localhost:8081", connection:"keep-alive", cache-control:"max-age=0", sec-ch-ua:""Microsoft Edge";v="131", "Chromium";v="131", "Not_A Brand";v="24"", sec-ch-ua-mobile:"?0", sec-ch-ua-platform:""Windows"", upgrade-insecure-requests:"1", user-agent:"Mozilla/5.0 (Windows NT 10.0; Win64; x64) AppleWebKit/537.36 (KHTML, like Gecko) Chrome/131.0.0.0 Safari/537.36 Edg/131.0.0.0", accept:"text/html,application/xhtml+xml,application/xml;q=0.9,image/avif,image/webp,image/apng,*/*;q=0.8,application/signed-exchange;v=b3;q=0.7", sec-fetch-site:"same-origin", sec-fetch-mode:"navigate", sec-fetch-user:"?1", sec-fetch-dest:"document", accept-encoding:"gzip, deflate, br, zstd", accept-language:"en-US,en;q=0.9", if-modified-since:"Fri, 31 Mar 2023 14:44:14 GMT"]] MDC:[traceId=, spanId=]
2025-01-07 15:40:56 [http-nio-8081-exec-2] DEBUG o.s.w.f.CommonsRequestLoggingFilter - DATA REQUEST: GET /swagger-ui/index.html, headers=[host:"localhost:8081", connection:"keep-alive", cache-control:"max-age=0", sec-ch-ua:""Microsoft Edge";v="131", "Chromium";v="131", "Not_A Brand";v="24"", sec-ch-ua-mobile:"?0", sec-ch-ua-platform:""Windows"", upgrade-insecure-requests:"1", user-agent:"Mozilla/5.0 (Windows NT 10.0; Win64; x64) AppleWebKit/537.36 (KHTML, like Gecko) Chrome/131.0.0.0 Safari/537.36 Edg/131.0.0.0", accept:"text/html,application/xhtml+xml,application/xml;q=0.9,image/avif,image/webp,image/apng,*/*;q=0.8,application/signed-exchange;v=b3;q=0.7", sec-fetch-site:"same-origin", sec-fetch-mode:"navigate", sec-fetch-user:"?1", sec-fetch-dest:"document", accept-encoding:"gzip, deflate, br, zstd", accept-language:"en-US,en;q=0.9", if-modified-since:"Fri, 31 Mar 2023 14:44:14 GMT"]] MDC:[traceId=, spanId=]
2025-01-07 15:40:56 [http-nio-8081-exec-6] DEBUG o.s.w.f.CommonsRequestLoggingFilter - Before request [GET /swagger-ui/swagger-initializer.js, headers=[host:"localhost:8081", connection:"keep-alive", sec-ch-ua-platform:""Windows"", user-agent:"Mozilla/5.0 (Windows NT 10.0; Win64; x64) AppleWebKit/537.36 (KHTML, like Gecko) Chrome/131.0.0.0 Safari/537.36 Edg/131.0.0.0", sec-ch-ua:""Microsoft Edge";v="131", "Chromium";v="131", "Not_A Brand";v="24"", sec-ch-ua-mobile:"?0", accept:"*/*", sec-fetch-site:"same-origin", sec-fetch-mode:"no-cors", sec-fetch-dest:"script", referer:"http://localhost:8081/swagger-ui/index.html", accept-encoding:"gzip, deflate, br, zstd", accept-language:"en-US,en;q=0.9"]] MDC:[traceId=, spanId=]
2025-01-07 15:40:56 [http-nio-8081-exec-6] DEBUG o.s.w.f.CommonsRequestLoggingFilter - DATA REQUEST: GET /swagger-ui/swagger-initializer.js, headers=[host:"localhost:8081", connection:"keep-alive", sec-ch-ua-platform:""Windows"", user-agent:"Mozilla/5.0 (Windows NT 10.0; Win64; x64) AppleWebKit/537.36 (KHTML, like Gecko) Chrome/131.0.0.0 Safari/537.36 Edg/131.0.0.0", sec-ch-ua:""Microsoft Edge";v="131", "Chromium";v="131", "Not_A Brand";v="24"", sec-ch-ua-mobile:"?0", accept:"*/*", sec-fetch-site:"same-origin", sec-fetch-mode:"no-cors", sec-fetch-dest:"script", referer:"http://localhost:8081/swagger-ui/index.html", accept-encoding:"gzip, deflate, br, zstd", accept-language:"en-US,en;q=0.9"]] MDC:[traceId=, spanId=]
2025-01-07 15:40:56 [http-nio-8081-exec-7] DEBUG o.s.w.f.CommonsRequestLoggingFilter - Before request [GET /v3/api-docs/swagger-config, headers=[host:"localhost:8081", connection:"keep-alive", sec-ch-ua-platform:""Windows"", user-agent:"Mozilla/5.0 (Windows NT 10.0; Win64; x64) AppleWebKit/537.36 (KHTML, like Gecko) Chrome/131.0.0.0 Safari/537.36 Edg/131.0.0.0", sec-ch-ua:""Microsoft Edge";v="131", "Chromium";v="131", "Not_A Brand";v="24"", sec-ch-ua-mobile:"?0", accept:"*/*", sec-fetch-site:"same-origin", sec-fetch-mode:"cors", sec-fetch-dest:"empty", referer:"http://localhost:8081/swagger-ui/index.html", accept-encoding:"gzip, deflate, br, zstd", accept-language:"en-US,en;q=0.9"]] MDC:[traceId=, spanId=]
2025-01-07 15:40:56 [http-nio-8081-exec-7] DEBUG o.s.w.f.CommonsRequestLoggingFilter - DATA REQUEST: GET /v3/api-docs/swagger-config, headers=[host:"localhost:8081", connection:"keep-alive", sec-ch-ua-platform:""Windows"", user-agent:"Mozilla/5.0 (Windows NT 10.0; Win64; x64) AppleWebKit/537.36 (KHTML, like Gecko) Chrome/131.0.0.0 Safari/537.36 Edg/131.0.0.0", sec-ch-ua:""Microsoft Edge";v="131", "Chromium";v="131", "Not_A Brand";v="24"", sec-ch-ua-mobile:"?0", accept:"*/*", sec-fetch-site:"same-origin", sec-fetch-mode:"cors", sec-fetch-dest:"empty", referer:"http://localhost:8081/swagger-ui/index.html", accept-encoding:"gzip, deflate, br, zstd", accept-language:"en-US,en;q=0.9"]] MDC:[traceId=, spanId=]
2025-01-07 15:40:56 [http-nio-8081-exec-5] DEBUG o.s.w.f.CommonsRequestLoggingFilter - Before request [GET /v3/api-docs, headers=[host:"localhost:8081", connection:"keep-alive", sec-ch-ua-platform:""Windows"", user-agent:"Mozilla/5.0 (Windows NT 10.0; Win64; x64) AppleWebKit/537.36 (KHTML, like Gecko) Chrome/131.0.0.0 Safari/537.36 Edg/131.0.0.0", accept:"application/json,*/*", sec-ch-ua:""Microsoft Edge";v="131", "Chromium";v="131", "Not_A Brand";v="24"", sec-ch-ua-mobile:"?0", sec-fetch-site:"same-origin", sec-fetch-mode:"cors", sec-fetch-dest:"empty", referer:"http://localhost:8081/swagger-ui/index.html", accept-encoding:"gzip, deflate, br, zstd", accept-language:"en-US,en;q=0.9"]] MDC:[traceId=, spanId=]
2025-01-07 15:40:57 [http-nio-8081-exec-5] INFO  o.s.api.AbstractOpenApiResource - Init duration for springdoc-openapi is: 226 ms MDC:[traceId=, spanId=]
2025-01-07 15:40:57 [http-nio-8081-exec-5] DEBUG o.s.w.f.CommonsRequestLoggingFilter - DATA REQUEST: GET /v3/api-docs, headers=[host:"localhost:8081", connection:"keep-alive", sec-ch-ua-platform:""Windows"", user-agent:"Mozilla/5.0 (Windows NT 10.0; Win64; x64) AppleWebKit/537.36 (KHTML, like Gecko) Chrome/131.0.0.0 Safari/537.36 Edg/131.0.0.0", accept:"application/json,*/*", sec-ch-ua:""Microsoft Edge";v="131", "Chromium";v="131", "Not_A Brand";v="24"", sec-ch-ua-mobile:"?0", sec-fetch-site:"same-origin", sec-fetch-mode:"cors", sec-fetch-dest:"empty", referer:"http://localhost:8081/swagger-ui/index.html", accept-encoding:"gzip, deflate, br, zstd", accept-language:"en-US,en;q=0.9"]] MDC:[traceId=, spanId=]
2025-01-07 15:41:10 [http-nio-8081-exec-3] DEBUG o.s.w.f.CommonsRequestLoggingFilter - Before request [POST /category/create, headers=[host:"localhost:8081", connection:"keep-alive", content-length:"170", sec-ch-ua-platform:""Windows"", user-agent:"Mozilla/5.0 (Windows NT 10.0; Win64; x64) AppleWebKit/537.36 (KHTML, like Gecko) Chrome/131.0.0.0 Safari/537.36 Edg/131.0.0.0", accept:"application/json", sec-ch-ua:""Microsoft Edge";v="131", "Chromium";v="131", "Not_A Brand";v="24"", sec-ch-ua-mobile:"?0", origin:"http://localhost:8081", sec-fetch-site:"same-origin", sec-fetch-mode:"cors", sec-fetch-dest:"empty", referer:"http://localhost:8081/swagger-ui/index.html", accept-encoding:"gzip, deflate, br, zstd", accept-language:"en-US,en;q=0.9", Content-Type:"application/json;charset=UTF-8"]] MDC:[traceId=, spanId=]
2025-01-07 15:41:10 [http-nio-8081-exec-3] DEBUG o.s.w.f.CommonsRequestLoggingFilter - DATA REQUEST: POST /category/create, headers=[host:"localhost:8081", connection:"keep-alive", content-length:"170", sec-ch-ua-platform:""Windows"", user-agent:"Mozilla/5.0 (Windows NT 10.0; Win64; x64) AppleWebKit/537.36 (KHTML, like Gecko) Chrome/131.0.0.0 Safari/537.36 Edg/131.0.0.0", accept:"application/json", sec-ch-ua:""Microsoft Edge";v="131", "Chromium";v="131", "Not_A Brand";v="24"", sec-ch-ua-mobile:"?0", origin:"http://localhost:8081", sec-fetch-site:"same-origin", sec-fetch-mode:"cors", sec-fetch-dest:"empty", referer:"http://localhost:8081/swagger-ui/index.html", accept-encoding:"gzip, deflate, br, zstd", accept-language:"en-US,en;q=0.9", Content-Type:"application/json;charset=UTF-8"]] MDC:[traceId=, spanId=]
2025-01-07 15:41:10 [http-nio-8081-exec-3] ERROR o.a.c.c.C.[.[.[.[dispatcherServlet] - Servlet.service() for servlet [dispatcherServlet] in context with path [] threw exception [Request processing failed: org.springframework.web.multipart.MultipartException: Failed to parse multipart servlet request] with root cause MDC:[traceId=, spanId=]
org.apache.tomcat.util.http.fileupload.impl.InvalidContentTypeException: the request doesn't contain a multipart/form-data or multipart/mixed stream, content type header is application/json
	at org.apache.tomcat.util.http.fileupload.impl.FileItemIteratorImpl.init(FileItemIteratorImpl.java:151)
	at org.apache.tomcat.util.http.fileupload.impl.FileItemIteratorImpl.getMultiPartStream(FileItemIteratorImpl.java:205)
	at org.apache.tomcat.util.http.fileupload.impl.FileItemIteratorImpl.findNextItem(FileItemIteratorImpl.java:224)
	at org.apache.tomcat.util.http.fileupload.impl.FileItemIteratorImpl.<init>(FileItemIteratorImpl.java:142)
	at org.apache.tomcat.util.http.fileupload.FileUploadBase.getItemIterator(FileUploadBase.java:252)
	at org.apache.tomcat.util.http.fileupload.FileUploadBase.parseRequest(FileUploadBase.java:276)
	at org.apache.catalina.connector.Request.parseParts(Request.java:2588)
	at org.apache.catalina.connector.Request.getParts(Request.java:2488)
	at org.apache.catalina.connector.RequestFacade.getParts(RequestFacade.java:773)
	at jakarta.servlet.http.HttpServletRequestWrapper.getParts(HttpServletRequestWrapper.java:315)
	at org.springframework.web.multipart.support.StandardMultipartHttpServletRequest.parseRequest(StandardMultipartHttpServletRequest.java:95)
	at org.springframework.web.multipart.support.StandardMultipartHttpServletRequest.<init>(StandardMultipartHttpServletRequest.java:88)
	at org.springframework.web.multipart.support.StandardMultipartHttpServletRequest.<init>(StandardMultipartHttpServletRequest.java:72)
	at org.springframework.web.multipart.support.MultipartResolutionDelegate.asMultipartHttpServletRequest(MultipartResolutionDelegate.java:83)
	at org.springframework.web.multipart.support.RequestPartServletServerHttpRequest.<init>(RequestPartServletServerHttpRequest.java:68)
	at org.springframework.web.servlet.mvc.method.annotation.RequestPartMethodArgumentResolver.resolveArgument(RequestPartMethodArgumentResolver.java:140)
	at org.springframework.web.method.support.HandlerMethodArgumentResolverComposite.resolveArgument(HandlerMethodArgumentResolverComposite.java:122)
	at org.springframework.web.method.support.InvocableHandlerMethod.getMethodArgumentValues(InvocableHandlerMethod.java:226)
	at org.springframework.web.method.support.InvocableHandlerMethod.invokeForRequest(InvocableHandlerMethod.java:180)
	at org.springframework.web.servlet.mvc.method.annotation.ServletInvocableHandlerMethod.invokeAndHandle(ServletInvocableHandlerMethod.java:118)
	at org.springframework.web.servlet.mvc.method.annotation.RequestMappingHandlerAdapter.invokeHandlerMethod(RequestMappingHandlerAdapter.java:986)
	at org.springframework.web.servlet.mvc.method.annotation.RequestMappingHandlerAdapter.handleInternal(RequestMappingHandlerAdapter.java:891)
	at org.springframework.web.servlet.mvc.method.AbstractHandlerMethodAdapter.handle(AbstractHandlerMethodAdapter.java:87)
	at org.springframework.web.servlet.DispatcherServlet.doDispatch(DispatcherServlet.java:1088)
	at org.springframework.web.servlet.DispatcherServlet.doService(DispatcherServlet.java:978)
	at org.springframework.web.servlet.FrameworkServlet.processRequest(FrameworkServlet.java:1014)
	at org.springframework.web.servlet.FrameworkServlet.doPost(FrameworkServlet.java:914)
	at jakarta.servlet.http.HttpServlet.service(HttpServlet.java:590)
	at org.springframework.web.servlet.FrameworkServlet.service(FrameworkServlet.java:885)
	at jakarta.servlet.http.HttpServlet.service(HttpServlet.java:658)
	at org.apache.catalina.core.ApplicationFilterChain.internalDoFilter(ApplicationFilterChain.java:195)
	at org.apache.catalina.core.ApplicationFilterChain.doFilter(ApplicationFilterChain.java:140)
	at org.apache.tomcat.websocket.server.WsFilter.doFilter(WsFilter.java:51)
	at org.apache.catalina.core.ApplicationFilterChain.internalDoFilter(ApplicationFilterChain.java:164)
	at org.apache.catalina.core.ApplicationFilterChain.doFilter(ApplicationFilterChain.java:140)
	at org.springframework.web.filter.AbstractRequestLoggingFilter.doFilterInternal(AbstractRequestLoggingFilter.java:289)
	at org.springframework.web.filter.OncePerRequestFilter.doFilter(OncePerRequestFilter.java:116)
	at org.apache.catalina.core.ApplicationFilterChain.internalDoFilter(ApplicationFilterChain.java:164)
	at org.apache.catalina.core.ApplicationFilterChain.doFilter(ApplicationFilterChain.java:140)
	at org.springframework.web.filter.RequestContextFilter.doFilterInternal(RequestContextFilter.java:100)
	at org.springframework.web.filter.OncePerRequestFilter.doFilter(OncePerRequestFilter.java:116)
	at org.apache.catalina.core.ApplicationFilterChain.internalDoFilter(ApplicationFilterChain.java:164)
	at org.apache.catalina.core.ApplicationFilterChain.doFilter(ApplicationFilterChain.java:140)
	at org.springframework.web.filter.FormContentFilter.doFilterInternal(FormContentFilter.java:93)
	at org.springframework.web.filter.OncePerRequestFilter.doFilter(OncePerRequestFilter.java:116)
	at org.apache.catalina.core.ApplicationFilterChain.internalDoFilter(ApplicationFilterChain.java:164)
	at org.apache.catalina.core.ApplicationFilterChain.doFilter(ApplicationFilterChain.java:140)
	at org.springframework.web.filter.CharacterEncodingFilter.doFilterInternal(CharacterEncodingFilter.java:201)
	at org.springframework.web.filter.OncePerRequestFilter.doFilter(OncePerRequestFilter.java:116)
	at org.apache.catalina.core.ApplicationFilterChain.internalDoFilter(ApplicationFilterChain.java:164)
	at org.apache.catalina.core.ApplicationFilterChain.doFilter(ApplicationFilterChain.java:140)
	at org.apache.catalina.core.StandardWrapperValve.invoke(StandardWrapperValve.java:167)
	at org.apache.catalina.core.StandardContextValve.invoke(StandardContextValve.java:90)
	at org.apache.catalina.authenticator.AuthenticatorBase.invoke(AuthenticatorBase.java:483)
	at org.apache.catalina.core.StandardHostValve.invoke(StandardHostValve.java:115)
	at org.apache.catalina.valves.ErrorReportValve.invoke(ErrorReportValve.java:93)
	at org.apache.catalina.core.StandardEngineValve.invoke(StandardEngineValve.java:74)
	at org.apache.catalina.connector.CoyoteAdapter.service(CoyoteAdapter.java:344)
	at org.apache.coyote.http11.Http11Processor.service(Http11Processor.java:397)
	at org.apache.coyote.AbstractProcessorLight.process(AbstractProcessorLight.java:63)
	at org.apache.coyote.AbstractProtocol$ConnectionHandler.process(AbstractProtocol.java:905)
	at org.apache.tomcat.util.net.NioEndpoint$SocketProcessor.doRun(NioEndpoint.java:1741)
	at org.apache.tomcat.util.net.SocketProcessorBase.run(SocketProcessorBase.java:52)
	at org.apache.tomcat.util.threads.ThreadPoolExecutor.runWorker(ThreadPoolExecutor.java:1190)
	at org.apache.tomcat.util.threads.ThreadPoolExecutor$Worker.run(ThreadPoolExecutor.java:659)
	at org.apache.tomcat.util.threads.TaskThread$WrappingRunnable.run(TaskThread.java:63)
	at java.base/java.lang.Thread.run(Thread.java:833)
2025-01-07 15:41:11 [http-nio-8081-exec-4] DEBUG o.s.w.f.CommonsRequestLoggingFilter - Before request [POST /category/create, headers=[host:"localhost:8081", connection:"keep-alive", content-length:"170", sec-ch-ua-platform:""Windows"", user-agent:"Mozilla/5.0 (Windows NT 10.0; Win64; x64) AppleWebKit/537.36 (KHTML, like Gecko) Chrome/131.0.0.0 Safari/537.36 Edg/131.0.0.0", accept:"application/json", sec-ch-ua:""Microsoft Edge";v="131", "Chromium";v="131", "Not_A Brand";v="24"", sec-ch-ua-mobile:"?0", origin:"http://localhost:8081", sec-fetch-site:"same-origin", sec-fetch-mode:"cors", sec-fetch-dest:"empty", referer:"http://localhost:8081/swagger-ui/index.html", accept-encoding:"gzip, deflate, br, zstd", accept-language:"en-US,en;q=0.9", Content-Type:"application/json;charset=UTF-8"]] MDC:[traceId=, spanId=]
2025-01-07 15:41:11 [http-nio-8081-exec-4] DEBUG o.s.w.f.CommonsRequestLoggingFilter - DATA REQUEST: POST /category/create, headers=[host:"localhost:8081", connection:"keep-alive", content-length:"170", sec-ch-ua-platform:""Windows"", user-agent:"Mozilla/5.0 (Windows NT 10.0; Win64; x64) AppleWebKit/537.36 (KHTML, like Gecko) Chrome/131.0.0.0 Safari/537.36 Edg/131.0.0.0", accept:"application/json", sec-ch-ua:""Microsoft Edge";v="131", "Chromium";v="131", "Not_A Brand";v="24"", sec-ch-ua-mobile:"?0", origin:"http://localhost:8081", sec-fetch-site:"same-origin", sec-fetch-mode:"cors", sec-fetch-dest:"empty", referer:"http://localhost:8081/swagger-ui/index.html", accept-encoding:"gzip, deflate, br, zstd", accept-language:"en-US,en;q=0.9", Content-Type:"application/json;charset=UTF-8"]] MDC:[traceId=, spanId=]
2025-01-07 15:41:11 [http-nio-8081-exec-4] ERROR o.a.c.c.C.[.[.[.[dispatcherServlet] - Servlet.service() for servlet [dispatcherServlet] in context with path [] threw exception [Request processing failed: org.springframework.web.multipart.MultipartException: Failed to parse multipart servlet request] with root cause MDC:[traceId=, spanId=]
org.apache.tomcat.util.http.fileupload.impl.InvalidContentTypeException: the request doesn't contain a multipart/form-data or multipart/mixed stream, content type header is application/json
	at org.apache.tomcat.util.http.fileupload.impl.FileItemIteratorImpl.init(FileItemIteratorImpl.java:151)
	at org.apache.tomcat.util.http.fileupload.impl.FileItemIteratorImpl.getMultiPartStream(FileItemIteratorImpl.java:205)
	at org.apache.tomcat.util.http.fileupload.impl.FileItemIteratorImpl.findNextItem(FileItemIteratorImpl.java:224)
	at org.apache.tomcat.util.http.fileupload.impl.FileItemIteratorImpl.<init>(FileItemIteratorImpl.java:142)
	at org.apache.tomcat.util.http.fileupload.FileUploadBase.getItemIterator(FileUploadBase.java:252)
	at org.apache.tomcat.util.http.fileupload.FileUploadBase.parseRequest(FileUploadBase.java:276)
	at org.apache.catalina.connector.Request.parseParts(Request.java:2588)
	at org.apache.catalina.connector.Request.getParts(Request.java:2488)
	at org.apache.catalina.connector.RequestFacade.getParts(RequestFacade.java:773)
	at jakarta.servlet.http.HttpServletRequestWrapper.getParts(HttpServletRequestWrapper.java:315)
	at org.springframework.web.multipart.support.StandardMultipartHttpServletRequest.parseRequest(StandardMultipartHttpServletRequest.java:95)
	at org.springframework.web.multipart.support.StandardMultipartHttpServletRequest.<init>(StandardMultipartHttpServletRequest.java:88)
	at org.springframework.web.multipart.support.StandardMultipartHttpServletRequest.<init>(StandardMultipartHttpServletRequest.java:72)
	at org.springframework.web.multipart.support.MultipartResolutionDelegate.asMultipartHttpServletRequest(MultipartResolutionDelegate.java:83)
	at org.springframework.web.multipart.support.RequestPartServletServerHttpRequest.<init>(RequestPartServletServerHttpRequest.java:68)
	at org.springframework.web.servlet.mvc.method.annotation.RequestPartMethodArgumentResolver.resolveArgument(RequestPartMethodArgumentResolver.java:140)
	at org.springframework.web.method.support.HandlerMethodArgumentResolverComposite.resolveArgument(HandlerMethodArgumentResolverComposite.java:122)
	at org.springframework.web.method.support.InvocableHandlerMethod.getMethodArgumentValues(InvocableHandlerMethod.java:226)
	at org.springframework.web.method.support.InvocableHandlerMethod.invokeForRequest(InvocableHandlerMethod.java:180)
	at org.springframework.web.servlet.mvc.method.annotation.ServletInvocableHandlerMethod.invokeAndHandle(ServletInvocableHandlerMethod.java:118)
	at org.springframework.web.servlet.mvc.method.annotation.RequestMappingHandlerAdapter.invokeHandlerMethod(RequestMappingHandlerAdapter.java:986)
	at org.springframework.web.servlet.mvc.method.annotation.RequestMappingHandlerAdapter.handleInternal(RequestMappingHandlerAdapter.java:891)
	at org.springframework.web.servlet.mvc.method.AbstractHandlerMethodAdapter.handle(AbstractHandlerMethodAdapter.java:87)
	at org.springframework.web.servlet.DispatcherServlet.doDispatch(DispatcherServlet.java:1088)
	at org.springframework.web.servlet.DispatcherServlet.doService(DispatcherServlet.java:978)
	at org.springframework.web.servlet.FrameworkServlet.processRequest(FrameworkServlet.java:1014)
	at org.springframework.web.servlet.FrameworkServlet.doPost(FrameworkServlet.java:914)
	at jakarta.servlet.http.HttpServlet.service(HttpServlet.java:590)
	at org.springframework.web.servlet.FrameworkServlet.service(FrameworkServlet.java:885)
	at jakarta.servlet.http.HttpServlet.service(HttpServlet.java:658)
	at org.apache.catalina.core.ApplicationFilterChain.internalDoFilter(ApplicationFilterChain.java:195)
	at org.apache.catalina.core.ApplicationFilterChain.doFilter(ApplicationFilterChain.java:140)
	at org.apache.tomcat.websocket.server.WsFilter.doFilter(WsFilter.java:51)
	at org.apache.catalina.core.ApplicationFilterChain.internalDoFilter(ApplicationFilterChain.java:164)
	at org.apache.catalina.core.ApplicationFilterChain.doFilter(ApplicationFilterChain.java:140)
	at org.springframework.web.filter.AbstractRequestLoggingFilter.doFilterInternal(AbstractRequestLoggingFilter.java:289)
	at org.springframework.web.filter.OncePerRequestFilter.doFilter(OncePerRequestFilter.java:116)
	at org.apache.catalina.core.ApplicationFilterChain.internalDoFilter(ApplicationFilterChain.java:164)
	at org.apache.catalina.core.ApplicationFilterChain.doFilter(ApplicationFilterChain.java:140)
	at org.springframework.web.filter.RequestContextFilter.doFilterInternal(RequestContextFilter.java:100)
	at org.springframework.web.filter.OncePerRequestFilter.doFilter(OncePerRequestFilter.java:116)
	at org.apache.catalina.core.ApplicationFilterChain.internalDoFilter(ApplicationFilterChain.java:164)
	at org.apache.catalina.core.ApplicationFilterChain.doFilter(ApplicationFilterChain.java:140)
	at org.springframework.web.filter.FormContentFilter.doFilterInternal(FormContentFilter.java:93)
	at org.springframework.web.filter.OncePerRequestFilter.doFilter(OncePerRequestFilter.java:116)
	at org.apache.catalina.core.ApplicationFilterChain.internalDoFilter(ApplicationFilterChain.java:164)
	at org.apache.catalina.core.ApplicationFilterChain.doFilter(ApplicationFilterChain.java:140)
	at org.springframework.web.filter.CharacterEncodingFilter.doFilterInternal(CharacterEncodingFilter.java:201)
	at org.springframework.web.filter.OncePerRequestFilter.doFilter(OncePerRequestFilter.java:116)
	at org.apache.catalina.core.ApplicationFilterChain.internalDoFilter(ApplicationFilterChain.java:164)
	at org.apache.catalina.core.ApplicationFilterChain.doFilter(ApplicationFilterChain.java:140)
	at org.apache.catalina.core.StandardWrapperValve.invoke(StandardWrapperValve.java:167)
	at org.apache.catalina.core.StandardContextValve.invoke(StandardContextValve.java:90)
	at org.apache.catalina.authenticator.AuthenticatorBase.invoke(AuthenticatorBase.java:483)
	at org.apache.catalina.core.StandardHostValve.invoke(StandardHostValve.java:115)
	at org.apache.catalina.valves.ErrorReportValve.invoke(ErrorReportValve.java:93)
	at org.apache.catalina.core.StandardEngineValve.invoke(StandardEngineValve.java:74)
	at org.apache.catalina.connector.CoyoteAdapter.service(CoyoteAdapter.java:344)
	at org.apache.coyote.http11.Http11Processor.service(Http11Processor.java:397)
	at org.apache.coyote.AbstractProcessorLight.process(AbstractProcessorLight.java:63)
	at org.apache.coyote.AbstractProtocol$ConnectionHandler.process(AbstractProtocol.java:905)
	at org.apache.tomcat.util.net.NioEndpoint$SocketProcessor.doRun(NioEndpoint.java:1741)
	at org.apache.tomcat.util.net.SocketProcessorBase.run(SocketProcessorBase.java:52)
	at org.apache.tomcat.util.threads.ThreadPoolExecutor.runWorker(ThreadPoolExecutor.java:1190)
	at org.apache.tomcat.util.threads.ThreadPoolExecutor$Worker.run(ThreadPoolExecutor.java:659)
	at org.apache.tomcat.util.threads.TaskThread$WrappingRunnable.run(TaskThread.java:63)
	at java.base/java.lang.Thread.run(Thread.java:833)
2025-01-07 15:41:20 [SpringApplicationShutdownHook] INFO  o.s.b.w.e.tomcat.GracefulShutdown - Commencing graceful shutdown. Waiting for active requests to complete MDC:[traceId=, spanId=]
2025-01-07 15:41:20 [tomcat-shutdown] INFO  o.s.b.w.e.tomcat.GracefulShutdown - Graceful shutdown complete MDC:[traceId=, spanId=]
2025-01-07 15:41:20 [SpringApplicationShutdownHook] INFO  o.s.o.j.LocalContainerEntityManagerFactoryBean - Closing JPA EntityManagerFactory for persistence unit 'default' MDC:[traceId=, spanId=]
2025-01-07 15:41:20 [SpringApplicationShutdownHook] INFO  com.zaxxer.hikari.HikariDataSource - HikariPool-1 - Shutdown initiated... MDC:[traceId=, spanId=]
2025-01-07 15:41:20 [SpringApplicationShutdownHook] INFO  com.zaxxer.hikari.HikariDataSource - HikariPool-1 - Shutdown completed. MDC:[traceId=, spanId=]
2025-01-07 15:41:25 [main] INFO  o.v.p.ProductManagementServiceApplication - Starting ProductManagementServiceApplication using Java 17.0.2 with PID 2336 (D:\java\Springboot\HyggeEcommerce\ProductManagementService\target\classes started by PC in D:\java\Springboot\HyggeEcommerce) MDC:[traceId=, spanId=]
2025-01-07 15:41:25 [main] INFO  o.v.p.ProductManagementServiceApplication - No active profile set, falling back to 1 default profile: "default" MDC:[traceId=, spanId=]
2025-01-07 15:41:25 [main] INFO  o.s.c.c.c.ConfigServerConfigDataLoader - Fetching config from server at : http://localhost:8888/ MDC:[traceId=, spanId=]
2025-01-07 15:41:25 [main] INFO  o.s.c.c.c.ConfigServerConfigDataLoader - Located environment: name=product-manage-service, profiles=[default], label=null, version=null, state=null MDC:[traceId=, spanId=]
2025-01-07 15:41:26 [main] INFO  o.s.d.r.c.RepositoryConfigurationDelegate - Multiple Spring Data modules found, entering strict repository configuration mode MDC:[traceId=, spanId=]
2025-01-07 15:41:26 [main] INFO  o.s.d.r.c.RepositoryConfigurationDelegate - Bootstrapping Spring Data JPA repositories in DEFAULT mode. MDC:[traceId=, spanId=]
2025-01-07 15:41:26 [main] INFO  o.s.d.r.c.RepositoryConfigurationDelegate - Finished Spring Data repository scanning in 105 ms. Found 1 JPA repository interface. MDC:[traceId=, spanId=]
2025-01-07 15:41:26 [main] INFO  o.s.d.r.c.RepositoryConfigurationDelegate - Multiple Spring Data modules found, entering strict repository configuration mode MDC:[traceId=, spanId=]
2025-01-07 15:41:26 [main] INFO  o.s.d.r.c.RepositoryConfigurationDelegate - Bootstrapping Spring Data Redis repositories in DEFAULT mode. MDC:[traceId=, spanId=]
2025-01-07 15:41:26 [main] INFO  o.s.d.r.c.RepositoryConfigurationExtensionSupport - Spring Data Redis - Could not safely identify store assignment for repository candidate interface org.vdt.productmanagementservice.repositories.CategoryRepository; If you want this repository to be a Redis repository, consider annotating your entities with one of these annotations: org.springframework.data.redis.core.RedisHash (preferred), or consider extending one of the following types with your repository: org.springframework.data.keyvalue.repository.KeyValueRepository MDC:[traceId=, spanId=]
2025-01-07 15:41:26 [main] INFO  o.s.d.r.c.RepositoryConfigurationDelegate - Finished Spring Data repository scanning in 7 ms. Found 0 Redis repository interfaces. MDC:[traceId=, spanId=]
2025-01-07 15:41:26 [main] INFO  o.s.cloud.context.scope.GenericScope - BeanFactory id=1c3a8de3-0f25-3458-8ea2-b52b63c27ffb MDC:[traceId=, spanId=]
2025-01-07 15:41:27 [main] INFO  o.s.b.w.e.tomcat.TomcatWebServer - Tomcat initialized with port 8081 (http) MDC:[traceId=, spanId=]
2025-01-07 15:41:27 [main] INFO  o.a.coyote.http11.Http11NioProtocol - Initializing ProtocolHandler ["http-nio-8081"] MDC:[traceId=, spanId=]
2025-01-07 15:41:27 [main] INFO  o.a.catalina.core.StandardService - Starting service [Tomcat] MDC:[traceId=, spanId=]
2025-01-07 15:41:27 [main] INFO  o.a.catalina.core.StandardEngine - Starting Servlet engine: [Apache Tomcat/10.1.34] MDC:[traceId=, spanId=]
2025-01-07 15:41:27 [main] INFO  o.a.c.c.C.[Tomcat].[localhost].[/] - Initializing Spring embedded WebApplicationContext MDC:[traceId=, spanId=]
2025-01-07 15:41:27 [main] INFO  o.s.b.w.s.c.ServletWebServerApplicationContext - Root WebApplicationContext: initialization completed in 1408 ms MDC:[traceId=, spanId=]
2025-01-07 15:41:27 [main] DEBUG o.s.w.f.CommonsRequestLoggingFilter - Filter 'requestLoggingFilter' configured for use MDC:[traceId=, spanId=]
2025-01-07 15:41:27 [main] INFO  o.s.o.j.p.SpringPersistenceUnitInfo - No LoadTimeWeaver setup: ignoring JPA class transformer MDC:[traceId=, spanId=]
2025-01-07 15:41:27 [main] INFO  com.zaxxer.hikari.HikariDataSource - HikariPool-1 - Starting... MDC:[traceId=, spanId=]
2025-01-07 15:41:27 [main] INFO  com.zaxxer.hikari.pool.HikariPool - HikariPool-1 - Added connection com.mysql.cj.jdbc.ConnectionImpl@21b2579d MDC:[traceId=, spanId=]
2025-01-07 15:41:27 [main] INFO  com.zaxxer.hikari.HikariDataSource - HikariPool-1 - Start completed. MDC:[traceId=, spanId=]
2025-01-07 15:41:29 [main] INFO  o.s.o.j.LocalContainerEntityManagerFactoryBean - Initialized JPA EntityManagerFactory for persistence unit 'default' MDC:[traceId=, spanId=]
2025-01-07 15:41:29 [main] WARN  o.s.b.a.o.j.JpaBaseConfiguration$JpaWebConfiguration - spring.jpa.open-in-view is enabled by default. Therefore, database queries may be performed during view rendering. Explicitly configure spring.jpa.open-in-view to disable this warning MDC:[traceId=, spanId=]
2025-01-07 15:41:30 [main] INFO  o.a.coyote.http11.Http11NioProtocol - Starting ProtocolHandler ["http-nio-8081"] MDC:[traceId=, spanId=]
2025-01-07 15:41:30 [main] INFO  o.s.b.w.e.tomcat.TomcatWebServer - Tomcat started on port 8081 (http) with context path '/' MDC:[traceId=, spanId=]
2025-01-07 15:41:30 [main] INFO  o.v.p.ProductManagementServiceApplication - Started ProductManagementServiceApplication in 5.521 seconds (process running for 6.232) MDC:[traceId=, spanId=]
2025-01-07 15:44:06 [http-nio-8081-exec-1] INFO  o.a.c.c.C.[Tomcat].[localhost].[/] - Initializing Spring DispatcherServlet 'dispatcherServlet' MDC:[traceId=, spanId=]
2025-01-07 15:44:06 [http-nio-8081-exec-1] INFO  o.s.web.servlet.DispatcherServlet - Initializing Servlet 'dispatcherServlet' MDC:[traceId=, spanId=]
2025-01-07 15:44:06 [http-nio-8081-exec-1] INFO  o.s.web.servlet.DispatcherServlet - Completed initialization in 1 ms MDC:[traceId=, spanId=]
2025-01-07 15:44:06 [http-nio-8081-exec-1] DEBUG o.s.w.f.CommonsRequestLoggingFilter - Before request [POST /category/create, headers=[host:"localhost:8081", connection:"keep-alive", content-length:"51865", sec-ch-ua-platform:""Windows"", user-agent:"Mozilla/5.0 (Windows NT 10.0; Win64; x64) AppleWebKit/537.36 (KHTML, like Gecko) Chrome/131.0.0.0 Safari/537.36 Edg/131.0.0.0", accept:"application/json, text/plain, */*", sec-ch-ua:""Microsoft Edge";v="131", "Chromium";v="131", "Not_A Brand";v="24"", sec-ch-ua-mobile:"?0", origin:"http://localhost:5173", sec-fetch-site:"same-site", sec-fetch-mode:"cors", sec-fetch-dest:"empty", referer:"http://localhost:5173/", accept-encoding:"gzip, deflate, br, zstd", accept-language:"en-US,en;q=0.9", Content-Type:"multipart/form-data;boundary=----WebKitFormBoundaryHtNHP7b6uJJt46Ki;charset=UTF-8"]] MDC:[traceId=, spanId=]
2025-01-07 15:44:06 [http-nio-8081-exec-1] DEBUG o.s.w.f.CommonsRequestLoggingFilter - DATA REQUEST: POST /category/create, headers=[host:"localhost:8081", connection:"keep-alive", content-length:"51865", sec-ch-ua-platform:""Windows"", user-agent:"Mozilla/5.0 (Windows NT 10.0; Win64; x64) AppleWebKit/537.36 (KHTML, like Gecko) Chrome/131.0.0.0 Safari/537.36 Edg/131.0.0.0", accept:"application/json, text/plain, */*", sec-ch-ua:""Microsoft Edge";v="131", "Chromium";v="131", "Not_A Brand";v="24"", sec-ch-ua-mobile:"?0", origin:"http://localhost:5173", sec-fetch-site:"same-site", sec-fetch-mode:"cors", sec-fetch-dest:"empty", referer:"http://localhost:5173/", accept-encoding:"gzip, deflate, br, zstd", accept-language:"en-US,en;q=0.9", Content-Type:"multipart/form-data;boundary=----WebKitFormBoundaryHtNHP7b6uJJt46Ki;charset=UTF-8"]] MDC:[traceId=, spanId=]
2025-01-07 15:51:10 [SpringApplicationShutdownHook] INFO  o.s.b.w.e.tomcat.GracefulShutdown - Commencing graceful shutdown. Waiting for active requests to complete MDC:[traceId=, spanId=]
2025-01-07 15:51:10 [tomcat-shutdown] INFO  o.s.b.w.e.tomcat.GracefulShutdown - Graceful shutdown complete MDC:[traceId=, spanId=]
2025-01-07 15:51:10 [SpringApplicationShutdownHook] INFO  o.s.o.j.LocalContainerEntityManagerFactoryBean - Closing JPA EntityManagerFactory for persistence unit 'default' MDC:[traceId=, spanId=]
2025-01-07 15:51:10 [SpringApplicationShutdownHook] INFO  com.zaxxer.hikari.HikariDataSource - HikariPool-1 - Shutdown initiated... MDC:[traceId=, spanId=]
2025-01-07 15:51:10 [SpringApplicationShutdownHook] INFO  com.zaxxer.hikari.HikariDataSource - HikariPool-1 - Shutdown completed. MDC:[traceId=, spanId=]
2025-01-07 15:51:15 [main] INFO  o.v.p.ProductManagementServiceApplication - Starting ProductManagementServiceApplication using Java 17.0.2 with PID 30096 (D:\java\Springboot\HyggeEcommerce\ProductManagementService\target\classes started by PC in D:\java\Springboot\HyggeEcommerce) MDC:[traceId=, spanId=]
2025-01-07 15:51:15 [main] INFO  o.v.p.ProductManagementServiceApplication - No active profile set, falling back to 1 default profile: "default" MDC:[traceId=, spanId=]
2025-01-07 15:51:15 [main] INFO  o.s.c.c.c.ConfigServerConfigDataLoader - Fetching config from server at : http://localhost:8888/ MDC:[traceId=, spanId=]
2025-01-07 15:51:15 [main] INFO  o.s.c.c.c.ConfigServerConfigDataLoader - Located environment: name=product-manage-service, profiles=[default], label=null, version=null, state=null MDC:[traceId=, spanId=]
2025-01-07 15:51:16 [main] INFO  o.s.d.r.c.RepositoryConfigurationDelegate - Multiple Spring Data modules found, entering strict repository configuration mode MDC:[traceId=, spanId=]
2025-01-07 15:51:16 [main] INFO  o.s.d.r.c.RepositoryConfigurationDelegate - Bootstrapping Spring Data JPA repositories in DEFAULT mode. MDC:[traceId=, spanId=]
2025-01-07 15:51:16 [main] INFO  o.s.d.r.c.RepositoryConfigurationDelegate - Finished Spring Data repository scanning in 95 ms. Found 1 JPA repository interface. MDC:[traceId=, spanId=]
2025-01-07 15:51:16 [main] INFO  o.s.d.r.c.RepositoryConfigurationDelegate - Multiple Spring Data modules found, entering strict repository configuration mode MDC:[traceId=, spanId=]
2025-01-07 15:51:16 [main] INFO  o.s.d.r.c.RepositoryConfigurationDelegate - Bootstrapping Spring Data Redis repositories in DEFAULT mode. MDC:[traceId=, spanId=]
2025-01-07 15:51:16 [main] INFO  o.s.d.r.c.RepositoryConfigurationExtensionSupport - Spring Data Redis - Could not safely identify store assignment for repository candidate interface org.vdt.productmanagementservice.repositories.CategoryRepository; If you want this repository to be a Redis repository, consider annotating your entities with one of these annotations: org.springframework.data.redis.core.RedisHash (preferred), or consider extending one of the following types with your repository: org.springframework.data.keyvalue.repository.KeyValueRepository MDC:[traceId=, spanId=]
2025-01-07 15:51:16 [main] INFO  o.s.d.r.c.RepositoryConfigurationDelegate - Finished Spring Data repository scanning in 7 ms. Found 0 Redis repository interfaces. MDC:[traceId=, spanId=]
2025-01-07 15:51:16 [main] INFO  o.s.cloud.context.scope.GenericScope - BeanFactory id=1c3a8de3-0f25-3458-8ea2-b52b63c27ffb MDC:[traceId=, spanId=]
2025-01-07 15:51:17 [main] INFO  o.s.b.w.e.tomcat.TomcatWebServer - Tomcat initialized with port 8081 (http) MDC:[traceId=, spanId=]
2025-01-07 15:51:17 [main] INFO  o.a.coyote.http11.Http11NioProtocol - Initializing ProtocolHandler ["http-nio-8081"] MDC:[traceId=, spanId=]
2025-01-07 15:51:17 [main] INFO  o.a.catalina.core.StandardService - Starting service [Tomcat] MDC:[traceId=, spanId=]
2025-01-07 15:51:17 [main] INFO  o.a.catalina.core.StandardEngine - Starting Servlet engine: [Apache Tomcat/10.1.34] MDC:[traceId=, spanId=]
2025-01-07 15:51:17 [main] INFO  o.a.c.c.C.[Tomcat].[localhost].[/] - Initializing Spring embedded WebApplicationContext MDC:[traceId=, spanId=]
2025-01-07 15:51:17 [main] INFO  o.s.b.w.s.c.ServletWebServerApplicationContext - Root WebApplicationContext: initialization completed in 1437 ms MDC:[traceId=, spanId=]
2025-01-07 15:51:17 [main] DEBUG o.s.w.f.CommonsRequestLoggingFilter - Filter 'requestLoggingFilter' configured for use MDC:[traceId=, spanId=]
2025-01-07 15:51:17 [main] INFO  o.s.o.j.p.SpringPersistenceUnitInfo - No LoadTimeWeaver setup: ignoring JPA class transformer MDC:[traceId=, spanId=]
2025-01-07 15:51:17 [main] INFO  com.zaxxer.hikari.HikariDataSource - HikariPool-1 - Starting... MDC:[traceId=, spanId=]
2025-01-07 15:51:18 [main] INFO  com.zaxxer.hikari.pool.HikariPool - HikariPool-1 - Added connection com.mysql.cj.jdbc.ConnectionImpl@27b7e663 MDC:[traceId=, spanId=]
2025-01-07 15:51:18 [main] INFO  com.zaxxer.hikari.HikariDataSource - HikariPool-1 - Start completed. MDC:[traceId=, spanId=]
2025-01-07 15:51:19 [main] INFO  o.s.o.j.LocalContainerEntityManagerFactoryBean - Initialized JPA EntityManagerFactory for persistence unit 'default' MDC:[traceId=, spanId=]
2025-01-07 15:51:20 [main] WARN  o.s.b.a.o.j.JpaBaseConfiguration$JpaWebConfiguration - spring.jpa.open-in-view is enabled by default. Therefore, database queries may be performed during view rendering. Explicitly configure spring.jpa.open-in-view to disable this warning MDC:[traceId=, spanId=]
2025-01-07 15:51:21 [main] INFO  o.a.coyote.http11.Http11NioProtocol - Starting ProtocolHandler ["http-nio-8081"] MDC:[traceId=, spanId=]
2025-01-07 15:51:21 [main] INFO  o.s.b.w.e.tomcat.TomcatWebServer - Tomcat started on port 8081 (http) with context path '/' MDC:[traceId=, spanId=]
2025-01-07 15:51:21 [main] INFO  o.v.p.ProductManagementServiceApplication - Started ProductManagementServiceApplication in 6.322 seconds (process running for 6.974) MDC:[traceId=, spanId=]
2025-01-07 15:52:44 [http-nio-8081-exec-1] INFO  o.a.c.c.C.[Tomcat].[localhost].[/] - Initializing Spring DispatcherServlet 'dispatcherServlet' MDC:[traceId=, spanId=]
2025-01-07 15:52:44 [http-nio-8081-exec-1] INFO  o.s.web.servlet.DispatcherServlet - Initializing Servlet 'dispatcherServlet' MDC:[traceId=, spanId=]
2025-01-07 15:52:44 [http-nio-8081-exec-1] INFO  o.s.web.servlet.DispatcherServlet - Completed initialization in 2 ms MDC:[traceId=, spanId=]
2025-01-07 15:52:44 [http-nio-8081-exec-1] DEBUG o.s.w.f.CommonsRequestLoggingFilter - Before request [GET /swagger-ui/index.html, headers=[host:"localhost:8081", connection:"keep-alive", cache-control:"max-age=0", sec-ch-ua:""Microsoft Edge";v="131", "Chromium";v="131", "Not_A Brand";v="24"", sec-ch-ua-mobile:"?0", sec-ch-ua-platform:""Windows"", upgrade-insecure-requests:"1", user-agent:"Mozilla/5.0 (Windows NT 10.0; Win64; x64) AppleWebKit/537.36 (KHTML, like Gecko) Chrome/131.0.0.0 Safari/537.36 Edg/131.0.0.0", accept:"text/html,application/xhtml+xml,application/xml;q=0.9,image/avif,image/webp,image/apng,*/*;q=0.8,application/signed-exchange;v=b3;q=0.7", sec-fetch-site:"same-origin", sec-fetch-mode:"navigate", sec-fetch-user:"?1", sec-fetch-dest:"document", accept-encoding:"gzip, deflate, br, zstd", accept-language:"en-US,en;q=0.9", if-modified-since:"Fri, 31 Mar 2023 14:44:14 GMT"]] MDC:[traceId=, spanId=]
2025-01-07 15:52:44 [http-nio-8081-exec-1] DEBUG o.s.w.f.CommonsRequestLoggingFilter - DATA REQUEST: GET /swagger-ui/index.html, headers=[host:"localhost:8081", connection:"keep-alive", cache-control:"max-age=0", sec-ch-ua:""Microsoft Edge";v="131", "Chromium";v="131", "Not_A Brand";v="24"", sec-ch-ua-mobile:"?0", sec-ch-ua-platform:""Windows"", upgrade-insecure-requests:"1", user-agent:"Mozilla/5.0 (Windows NT 10.0; Win64; x64) AppleWebKit/537.36 (KHTML, like Gecko) Chrome/131.0.0.0 Safari/537.36 Edg/131.0.0.0", accept:"text/html,application/xhtml+xml,application/xml;q=0.9,image/avif,image/webp,image/apng,*/*;q=0.8,application/signed-exchange;v=b3;q=0.7", sec-fetch-site:"same-origin", sec-fetch-mode:"navigate", sec-fetch-user:"?1", sec-fetch-dest:"document", accept-encoding:"gzip, deflate, br, zstd", accept-language:"en-US,en;q=0.9", if-modified-since:"Fri, 31 Mar 2023 14:44:14 GMT"]] MDC:[traceId=, spanId=]
2025-01-07 15:52:44 [http-nio-8081-exec-3] DEBUG o.s.w.f.CommonsRequestLoggingFilter - Before request [GET /swagger-ui/swagger-initializer.js, headers=[host:"localhost:8081", connection:"keep-alive", sec-ch-ua-platform:""Windows"", user-agent:"Mozilla/5.0 (Windows NT 10.0; Win64; x64) AppleWebKit/537.36 (KHTML, like Gecko) Chrome/131.0.0.0 Safari/537.36 Edg/131.0.0.0", sec-ch-ua:""Microsoft Edge";v="131", "Chromium";v="131", "Not_A Brand";v="24"", sec-ch-ua-mobile:"?0", accept:"*/*", sec-fetch-site:"same-origin", sec-fetch-mode:"no-cors", sec-fetch-dest:"script", referer:"http://localhost:8081/swagger-ui/index.html", accept-encoding:"gzip, deflate, br, zstd", accept-language:"en-US,en;q=0.9"]] MDC:[traceId=, spanId=]
2025-01-07 15:52:44 [http-nio-8081-exec-3] DEBUG o.s.w.f.CommonsRequestLoggingFilter - DATA REQUEST: GET /swagger-ui/swagger-initializer.js, headers=[host:"localhost:8081", connection:"keep-alive", sec-ch-ua-platform:""Windows"", user-agent:"Mozilla/5.0 (Windows NT 10.0; Win64; x64) AppleWebKit/537.36 (KHTML, like Gecko) Chrome/131.0.0.0 Safari/537.36 Edg/131.0.0.0", sec-ch-ua:""Microsoft Edge";v="131", "Chromium";v="131", "Not_A Brand";v="24"", sec-ch-ua-mobile:"?0", accept:"*/*", sec-fetch-site:"same-origin", sec-fetch-mode:"no-cors", sec-fetch-dest:"script", referer:"http://localhost:8081/swagger-ui/index.html", accept-encoding:"gzip, deflate, br, zstd", accept-language:"en-US,en;q=0.9"]] MDC:[traceId=, spanId=]
2025-01-07 15:52:44 [http-nio-8081-exec-2] DEBUG o.s.w.f.CommonsRequestLoggingFilter - Before request [GET /v3/api-docs/swagger-config, headers=[host:"localhost:8081", connection:"keep-alive", sec-ch-ua-platform:""Windows"", user-agent:"Mozilla/5.0 (Windows NT 10.0; Win64; x64) AppleWebKit/537.36 (KHTML, like Gecko) Chrome/131.0.0.0 Safari/537.36 Edg/131.0.0.0", sec-ch-ua:""Microsoft Edge";v="131", "Chromium";v="131", "Not_A Brand";v="24"", sec-ch-ua-mobile:"?0", accept:"*/*", sec-fetch-site:"same-origin", sec-fetch-mode:"cors", sec-fetch-dest:"empty", referer:"http://localhost:8081/swagger-ui/index.html", accept-encoding:"gzip, deflate, br, zstd", accept-language:"en-US,en;q=0.9"]] MDC:[traceId=, spanId=]
2025-01-07 15:52:44 [http-nio-8081-exec-2] DEBUG o.s.w.f.CommonsRequestLoggingFilter - DATA REQUEST: GET /v3/api-docs/swagger-config, headers=[host:"localhost:8081", connection:"keep-alive", sec-ch-ua-platform:""Windows"", user-agent:"Mozilla/5.0 (Windows NT 10.0; Win64; x64) AppleWebKit/537.36 (KHTML, like Gecko) Chrome/131.0.0.0 Safari/537.36 Edg/131.0.0.0", sec-ch-ua:""Microsoft Edge";v="131", "Chromium";v="131", "Not_A Brand";v="24"", sec-ch-ua-mobile:"?0", accept:"*/*", sec-fetch-site:"same-origin", sec-fetch-mode:"cors", sec-fetch-dest:"empty", referer:"http://localhost:8081/swagger-ui/index.html", accept-encoding:"gzip, deflate, br, zstd", accept-language:"en-US,en;q=0.9"]] MDC:[traceId=, spanId=]
2025-01-07 15:52:44 [http-nio-8081-exec-4] DEBUG o.s.w.f.CommonsRequestLoggingFilter - Before request [GET /v3/api-docs, headers=[host:"localhost:8081", connection:"keep-alive", sec-ch-ua-platform:""Windows"", user-agent:"Mozilla/5.0 (Windows NT 10.0; Win64; x64) AppleWebKit/537.36 (KHTML, like Gecko) Chrome/131.0.0.0 Safari/537.36 Edg/131.0.0.0", accept:"application/json,*/*", sec-ch-ua:""Microsoft Edge";v="131", "Chromium";v="131", "Not_A Brand";v="24"", sec-ch-ua-mobile:"?0", sec-fetch-site:"same-origin", sec-fetch-mode:"cors", sec-fetch-dest:"empty", referer:"http://localhost:8081/swagger-ui/index.html", accept-encoding:"gzip, deflate, br, zstd", accept-language:"en-US,en;q=0.9"]] MDC:[traceId=, spanId=]
2025-01-07 15:52:45 [http-nio-8081-exec-4] INFO  o.s.api.AbstractOpenApiResource - Init duration for springdoc-openapi is: 254 ms MDC:[traceId=, spanId=]
2025-01-07 15:52:45 [http-nio-8081-exec-4] DEBUG o.s.w.f.CommonsRequestLoggingFilter - DATA REQUEST: GET /v3/api-docs, headers=[host:"localhost:8081", connection:"keep-alive", sec-ch-ua-platform:""Windows"", user-agent:"Mozilla/5.0 (Windows NT 10.0; Win64; x64) AppleWebKit/537.36 (KHTML, like Gecko) Chrome/131.0.0.0 Safari/537.36 Edg/131.0.0.0", accept:"application/json,*/*", sec-ch-ua:""Microsoft Edge";v="131", "Chromium";v="131", "Not_A Brand";v="24"", sec-ch-ua-mobile:"?0", sec-fetch-site:"same-origin", sec-fetch-mode:"cors", sec-fetch-dest:"empty", referer:"http://localhost:8081/swagger-ui/index.html", accept-encoding:"gzip, deflate, br, zstd", accept-language:"en-US,en;q=0.9"]] MDC:[traceId=, spanId=]
2025-01-07 15:52:53 [http-nio-8081-exec-5] DEBUG o.s.w.f.CommonsRequestLoggingFilter - Before request [POST /category/create, headers=[host:"localhost:8081", connection:"keep-alive", content-length:"145823", sec-ch-ua-platform:""Windows"", user-agent:"Mozilla/5.0 (Windows NT 10.0; Win64; x64) AppleWebKit/537.36 (KHTML, like Gecko) Chrome/131.0.0.0 Safari/537.36 Edg/131.0.0.0", accept:"application/json", sec-ch-ua:""Microsoft Edge";v="131", "Chromium";v="131", "Not_A Brand";v="24"", sec-ch-ua-mobile:"?0", origin:"http://localhost:8081", sec-fetch-site:"same-origin", sec-fetch-mode:"cors", sec-fetch-dest:"empty", referer:"http://localhost:8081/swagger-ui/index.html", accept-encoding:"gzip, deflate, br, zstd", accept-language:"en-US,en;q=0.9", Content-Type:"multipart/form-data;boundary=----WebKitFormBoundaryN7j7vyV0KAGH87ve;charset=UTF-8"]] MDC:[traceId=, spanId=]
2025-01-07 15:52:53 [http-nio-8081-exec-5] WARN  o.s.w.s.m.s.DefaultHandlerExceptionResolver - Resolved [org.springframework.web.HttpMediaTypeNotSupportedException: Content-Type 'application/octet-stream' is not supported] MDC:[traceId=, spanId=]
2025-01-07 15:52:53 [http-nio-8081-exec-5] DEBUG o.s.w.f.CommonsRequestLoggingFilter - DATA REQUEST: POST /category/create, headers=[host:"localhost:8081", connection:"keep-alive", content-length:"145823", sec-ch-ua-platform:""Windows"", user-agent:"Mozilla/5.0 (Windows NT 10.0; Win64; x64) AppleWebKit/537.36 (KHTML, like Gecko) Chrome/131.0.0.0 Safari/537.36 Edg/131.0.0.0", accept:"application/json", sec-ch-ua:""Microsoft Edge";v="131", "Chromium";v="131", "Not_A Brand";v="24"", sec-ch-ua-mobile:"?0", origin:"http://localhost:8081", sec-fetch-site:"same-origin", sec-fetch-mode:"cors", sec-fetch-dest:"empty", referer:"http://localhost:8081/swagger-ui/index.html", accept-encoding:"gzip, deflate, br, zstd", accept-language:"en-US,en;q=0.9", Content-Type:"multipart/form-data;boundary=----WebKitFormBoundaryN7j7vyV0KAGH87ve;charset=UTF-8"]] MDC:[traceId=, spanId=]
2025-01-07 15:52:55 [http-nio-8081-exec-6] DEBUG o.s.w.f.CommonsRequestLoggingFilter - Before request [POST /category/create, headers=[host:"localhost:8081", connection:"keep-alive", content-length:"145823", sec-ch-ua-platform:""Windows"", user-agent:"Mozilla/5.0 (Windows NT 10.0; Win64; x64) AppleWebKit/537.36 (KHTML, like Gecko) Chrome/131.0.0.0 Safari/537.36 Edg/131.0.0.0", accept:"application/json", sec-ch-ua:""Microsoft Edge";v="131", "Chromium";v="131", "Not_A Brand";v="24"", sec-ch-ua-mobile:"?0", origin:"http://localhost:8081", sec-fetch-site:"same-origin", sec-fetch-mode:"cors", sec-fetch-dest:"empty", referer:"http://localhost:8081/swagger-ui/index.html", accept-encoding:"gzip, deflate, br, zstd", accept-language:"en-US,en;q=0.9", Content-Type:"multipart/form-data;boundary=----WebKitFormBoundaryzAn3ccuXQslOxcas;charset=UTF-8"]] MDC:[traceId=, spanId=]
2025-01-07 15:52:55 [http-nio-8081-exec-6] WARN  o.s.w.s.m.s.DefaultHandlerExceptionResolver - Resolved [org.springframework.web.HttpMediaTypeNotSupportedException: Content-Type 'application/octet-stream' is not supported] MDC:[traceId=, spanId=]
2025-01-07 15:52:55 [http-nio-8081-exec-6] DEBUG o.s.w.f.CommonsRequestLoggingFilter - DATA REQUEST: POST /category/create, headers=[host:"localhost:8081", connection:"keep-alive", content-length:"145823", sec-ch-ua-platform:""Windows"", user-agent:"Mozilla/5.0 (Windows NT 10.0; Win64; x64) AppleWebKit/537.36 (KHTML, like Gecko) Chrome/131.0.0.0 Safari/537.36 Edg/131.0.0.0", accept:"application/json", sec-ch-ua:""Microsoft Edge";v="131", "Chromium";v="131", "Not_A Brand";v="24"", sec-ch-ua-mobile:"?0", origin:"http://localhost:8081", sec-fetch-site:"same-origin", sec-fetch-mode:"cors", sec-fetch-dest:"empty", referer:"http://localhost:8081/swagger-ui/index.html", accept-encoding:"gzip, deflate, br, zstd", accept-language:"en-US,en;q=0.9", Content-Type:"multipart/form-data;boundary=----WebKitFormBoundaryzAn3ccuXQslOxcas;charset=UTF-8"]] MDC:[traceId=, spanId=]
2025-01-07 16:04:31 [SpringApplicationShutdownHook] INFO  o.s.b.w.e.tomcat.GracefulShutdown - Commencing graceful shutdown. Waiting for active requests to complete MDC:[traceId=, spanId=]
2025-01-07 16:04:31 [tomcat-shutdown] INFO  o.s.b.w.e.tomcat.GracefulShutdown - Graceful shutdown complete MDC:[traceId=, spanId=]
2025-01-07 16:04:32 [SpringApplicationShutdownHook] INFO  o.s.o.j.LocalContainerEntityManagerFactoryBean - Closing JPA EntityManagerFactory for persistence unit 'default' MDC:[traceId=, spanId=]
2025-01-07 16:04:32 [SpringApplicationShutdownHook] INFO  com.zaxxer.hikari.HikariDataSource - HikariPool-1 - Shutdown initiated... MDC:[traceId=, spanId=]
2025-01-07 16:04:32 [SpringApplicationShutdownHook] INFO  com.zaxxer.hikari.HikariDataSource - HikariPool-1 - Shutdown completed. MDC:[traceId=, spanId=]
2025-01-07 16:04:37 [main] INFO  o.v.p.ProductManagementServiceApplication - Starting ProductManagementServiceApplication using Java 17.0.2 with PID 19980 (D:\java\Springboot\HyggeEcommerce\ProductManagementService\target\classes started by PC in D:\java\Springboot\HyggeEcommerce) MDC:[traceId=, spanId=]
2025-01-07 16:04:37 [main] INFO  o.v.p.ProductManagementServiceApplication - No active profile set, falling back to 1 default profile: "default" MDC:[traceId=, spanId=]
2025-01-07 16:04:37 [main] INFO  o.s.c.c.c.ConfigServerConfigDataLoader - Fetching config from server at : http://localhost:8888/ MDC:[traceId=, spanId=]
2025-01-07 16:04:37 [main] INFO  o.s.c.c.c.ConfigServerConfigDataLoader - Located environment: name=product-manage-service, profiles=[default], label=null, version=null, state=null MDC:[traceId=, spanId=]
2025-01-07 16:04:37 [main] INFO  o.s.d.r.c.RepositoryConfigurationDelegate - Multiple Spring Data modules found, entering strict repository configuration mode MDC:[traceId=, spanId=]
2025-01-07 16:04:37 [main] INFO  o.s.d.r.c.RepositoryConfigurationDelegate - Bootstrapping Spring Data JPA repositories in DEFAULT mode. MDC:[traceId=, spanId=]
2025-01-07 16:04:37 [main] INFO  o.s.d.r.c.RepositoryConfigurationDelegate - Finished Spring Data repository scanning in 90 ms. Found 1 JPA repository interface. MDC:[traceId=, spanId=]
2025-01-07 16:04:37 [main] INFO  o.s.d.r.c.RepositoryConfigurationDelegate - Multiple Spring Data modules found, entering strict repository configuration mode MDC:[traceId=, spanId=]
2025-01-07 16:04:37 [main] INFO  o.s.d.r.c.RepositoryConfigurationDelegate - Bootstrapping Spring Data Redis repositories in DEFAULT mode. MDC:[traceId=, spanId=]
2025-01-07 16:04:37 [main] INFO  o.s.d.r.c.RepositoryConfigurationExtensionSupport - Spring Data Redis - Could not safely identify store assignment for repository candidate interface org.vdt.productmanagementservice.repositories.CategoryRepository; If you want this repository to be a Redis repository, consider annotating your entities with one of these annotations: org.springframework.data.redis.core.RedisHash (preferred), or consider extending one of the following types with your repository: org.springframework.data.keyvalue.repository.KeyValueRepository MDC:[traceId=, spanId=]
2025-01-07 16:04:37 [main] INFO  o.s.d.r.c.RepositoryConfigurationDelegate - Finished Spring Data repository scanning in 4 ms. Found 0 Redis repository interfaces. MDC:[traceId=, spanId=]
2025-01-07 16:04:38 [main] INFO  o.s.cloud.context.scope.GenericScope - BeanFactory id=1c3a8de3-0f25-3458-8ea2-b52b63c27ffb MDC:[traceId=, spanId=]
2025-01-07 16:04:38 [main] INFO  o.s.b.w.e.tomcat.TomcatWebServer - Tomcat initialized with port 8081 (http) MDC:[traceId=, spanId=]
2025-01-07 16:04:38 [main] INFO  o.a.coyote.http11.Http11NioProtocol - Initializing ProtocolHandler ["http-nio-8081"] MDC:[traceId=, spanId=]
2025-01-07 16:04:38 [main] INFO  o.a.catalina.core.StandardService - Starting service [Tomcat] MDC:[traceId=, spanId=]
2025-01-07 16:04:38 [main] INFO  o.a.catalina.core.StandardEngine - Starting Servlet engine: [Apache Tomcat/10.1.34] MDC:[traceId=, spanId=]
2025-01-07 16:04:38 [main] INFO  o.a.c.c.C.[Tomcat].[localhost].[/] - Initializing Spring embedded WebApplicationContext MDC:[traceId=, spanId=]
2025-01-07 16:04:38 [main] INFO  o.s.b.w.s.c.ServletWebServerApplicationContext - Root WebApplicationContext: initialization completed in 1348 ms MDC:[traceId=, spanId=]
2025-01-07 16:04:38 [main] DEBUG o.s.w.f.CommonsRequestLoggingFilter - Filter 'requestLoggingFilter' configured for use MDC:[traceId=, spanId=]
2025-01-07 16:04:38 [main] INFO  o.s.o.j.p.SpringPersistenceUnitInfo - No LoadTimeWeaver setup: ignoring JPA class transformer MDC:[traceId=, spanId=]
2025-01-07 16:04:38 [main] INFO  com.zaxxer.hikari.HikariDataSource - HikariPool-1 - Starting... MDC:[traceId=, spanId=]
2025-01-07 16:04:39 [main] INFO  com.zaxxer.hikari.pool.HikariPool - HikariPool-1 - Added connection com.mysql.cj.jdbc.ConnectionImpl@4d1b4fa1 MDC:[traceId=, spanId=]
2025-01-07 16:04:39 [main] INFO  com.zaxxer.hikari.HikariDataSource - HikariPool-1 - Start completed. MDC:[traceId=, spanId=]
2025-01-07 16:04:40 [main] INFO  o.s.o.j.LocalContainerEntityManagerFactoryBean - Initialized JPA EntityManagerFactory for persistence unit 'default' MDC:[traceId=, spanId=]
2025-01-07 16:04:40 [main] WARN  o.s.b.a.o.j.JpaBaseConfiguration$JpaWebConfiguration - spring.jpa.open-in-view is enabled by default. Therefore, database queries may be performed during view rendering. Explicitly configure spring.jpa.open-in-view to disable this warning MDC:[traceId=, spanId=]
2025-01-07 16:04:41 [main] INFO  o.a.coyote.http11.Http11NioProtocol - Starting ProtocolHandler ["http-nio-8081"] MDC:[traceId=, spanId=]
2025-01-07 16:04:41 [main] INFO  o.s.b.w.e.tomcat.TomcatWebServer - Tomcat started on port 8081 (http) with context path '/' MDC:[traceId=, spanId=]
2025-01-07 16:04:41 [main] INFO  o.v.p.ProductManagementServiceApplication - Started ProductManagementServiceApplication in 5.41 seconds (process running for 6.162) MDC:[traceId=, spanId=]
2025-01-07 16:04:47 [http-nio-8081-exec-1] INFO  o.a.c.c.C.[Tomcat].[localhost].[/] - Initializing Spring DispatcherServlet 'dispatcherServlet' MDC:[traceId=, spanId=]
2025-01-07 16:04:47 [http-nio-8081-exec-1] INFO  o.s.web.servlet.DispatcherServlet - Initializing Servlet 'dispatcherServlet' MDC:[traceId=, spanId=]
2025-01-07 16:04:47 [http-nio-8081-exec-1] INFO  o.s.web.servlet.DispatcherServlet - Completed initialization in 1 ms MDC:[traceId=, spanId=]
2025-01-07 16:04:47 [http-nio-8081-exec-1] DEBUG o.s.w.f.CommonsRequestLoggingFilter - Before request [GET /swagger-ui/index.html, headers=[host:"localhost:8081", connection:"keep-alive", cache-control:"max-age=0", sec-ch-ua:""Microsoft Edge";v="131", "Chromium";v="131", "Not_A Brand";v="24"", sec-ch-ua-mobile:"?0", sec-ch-ua-platform:""Windows"", upgrade-insecure-requests:"1", user-agent:"Mozilla/5.0 (Windows NT 10.0; Win64; x64) AppleWebKit/537.36 (KHTML, like Gecko) Chrome/131.0.0.0 Safari/537.36 Edg/131.0.0.0", accept:"text/html,application/xhtml+xml,application/xml;q=0.9,image/avif,image/webp,image/apng,*/*;q=0.8,application/signed-exchange;v=b3;q=0.7", sec-fetch-site:"same-origin", sec-fetch-mode:"navigate", sec-fetch-user:"?1", sec-fetch-dest:"document", accept-encoding:"gzip, deflate, br, zstd", accept-language:"en-US,en;q=0.9", if-modified-since:"Fri, 31 Mar 2023 14:44:14 GMT"]] MDC:[traceId=, spanId=]
2025-01-07 16:04:47 [http-nio-8081-exec-1] DEBUG o.s.w.f.CommonsRequestLoggingFilter - DATA REQUEST: GET /swagger-ui/index.html, headers=[host:"localhost:8081", connection:"keep-alive", cache-control:"max-age=0", sec-ch-ua:""Microsoft Edge";v="131", "Chromium";v="131", "Not_A Brand";v="24"", sec-ch-ua-mobile:"?0", sec-ch-ua-platform:""Windows"", upgrade-insecure-requests:"1", user-agent:"Mozilla/5.0 (Windows NT 10.0; Win64; x64) AppleWebKit/537.36 (KHTML, like Gecko) Chrome/131.0.0.0 Safari/537.36 Edg/131.0.0.0", accept:"text/html,application/xhtml+xml,application/xml;q=0.9,image/avif,image/webp,image/apng,*/*;q=0.8,application/signed-exchange;v=b3;q=0.7", sec-fetch-site:"same-origin", sec-fetch-mode:"navigate", sec-fetch-user:"?1", sec-fetch-dest:"document", accept-encoding:"gzip, deflate, br, zstd", accept-language:"en-US,en;q=0.9", if-modified-since:"Fri, 31 Mar 2023 14:44:14 GMT"]] MDC:[traceId=, spanId=]
2025-01-07 16:04:47 [http-nio-8081-exec-2] DEBUG o.s.w.f.CommonsRequestLoggingFilter - Before request [GET /swagger-ui/swagger-initializer.js, headers=[host:"localhost:8081", connection:"keep-alive", sec-ch-ua-platform:""Windows"", user-agent:"Mozilla/5.0 (Windows NT 10.0; Win64; x64) AppleWebKit/537.36 (KHTML, like Gecko) Chrome/131.0.0.0 Safari/537.36 Edg/131.0.0.0", sec-ch-ua:""Microsoft Edge";v="131", "Chromium";v="131", "Not_A Brand";v="24"", sec-ch-ua-mobile:"?0", accept:"*/*", sec-fetch-site:"same-origin", sec-fetch-mode:"no-cors", sec-fetch-dest:"script", referer:"http://localhost:8081/swagger-ui/index.html", accept-encoding:"gzip, deflate, br, zstd", accept-language:"en-US,en;q=0.9"]] MDC:[traceId=, spanId=]
2025-01-07 16:04:47 [http-nio-8081-exec-2] DEBUG o.s.w.f.CommonsRequestLoggingFilter - DATA REQUEST: GET /swagger-ui/swagger-initializer.js, headers=[host:"localhost:8081", connection:"keep-alive", sec-ch-ua-platform:""Windows"", user-agent:"Mozilla/5.0 (Windows NT 10.0; Win64; x64) AppleWebKit/537.36 (KHTML, like Gecko) Chrome/131.0.0.0 Safari/537.36 Edg/131.0.0.0", sec-ch-ua:""Microsoft Edge";v="131", "Chromium";v="131", "Not_A Brand";v="24"", sec-ch-ua-mobile:"?0", accept:"*/*", sec-fetch-site:"same-origin", sec-fetch-mode:"no-cors", sec-fetch-dest:"script", referer:"http://localhost:8081/swagger-ui/index.html", accept-encoding:"gzip, deflate, br, zstd", accept-language:"en-US,en;q=0.9"]] MDC:[traceId=, spanId=]
2025-01-07 16:04:47 [http-nio-8081-exec-3] DEBUG o.s.w.f.CommonsRequestLoggingFilter - Before request [GET /v3/api-docs/swagger-config, headers=[host:"localhost:8081", connection:"keep-alive", sec-ch-ua-platform:""Windows"", user-agent:"Mozilla/5.0 (Windows NT 10.0; Win64; x64) AppleWebKit/537.36 (KHTML, like Gecko) Chrome/131.0.0.0 Safari/537.36 Edg/131.0.0.0", sec-ch-ua:""Microsoft Edge";v="131", "Chromium";v="131", "Not_A Brand";v="24"", sec-ch-ua-mobile:"?0", accept:"*/*", sec-fetch-site:"same-origin", sec-fetch-mode:"cors", sec-fetch-dest:"empty", referer:"http://localhost:8081/swagger-ui/index.html", accept-encoding:"gzip, deflate, br, zstd", accept-language:"en-US,en;q=0.9"]] MDC:[traceId=, spanId=]
2025-01-07 16:04:47 [http-nio-8081-exec-3] DEBUG o.s.w.f.CommonsRequestLoggingFilter - DATA REQUEST: GET /v3/api-docs/swagger-config, headers=[host:"localhost:8081", connection:"keep-alive", sec-ch-ua-platform:""Windows"", user-agent:"Mozilla/5.0 (Windows NT 10.0; Win64; x64) AppleWebKit/537.36 (KHTML, like Gecko) Chrome/131.0.0.0 Safari/537.36 Edg/131.0.0.0", sec-ch-ua:""Microsoft Edge";v="131", "Chromium";v="131", "Not_A Brand";v="24"", sec-ch-ua-mobile:"?0", accept:"*/*", sec-fetch-site:"same-origin", sec-fetch-mode:"cors", sec-fetch-dest:"empty", referer:"http://localhost:8081/swagger-ui/index.html", accept-encoding:"gzip, deflate, br, zstd", accept-language:"en-US,en;q=0.9"]] MDC:[traceId=, spanId=]
2025-01-07 16:04:47 [http-nio-8081-exec-4] DEBUG o.s.w.f.CommonsRequestLoggingFilter - Before request [GET /v3/api-docs, headers=[host:"localhost:8081", connection:"keep-alive", sec-ch-ua-platform:""Windows"", user-agent:"Mozilla/5.0 (Windows NT 10.0; Win64; x64) AppleWebKit/537.36 (KHTML, like Gecko) Chrome/131.0.0.0 Safari/537.36 Edg/131.0.0.0", accept:"application/json,*/*", sec-ch-ua:""Microsoft Edge";v="131", "Chromium";v="131", "Not_A Brand";v="24"", sec-ch-ua-mobile:"?0", sec-fetch-site:"same-origin", sec-fetch-mode:"cors", sec-fetch-dest:"empty", referer:"http://localhost:8081/swagger-ui/index.html", accept-encoding:"gzip, deflate, br, zstd", accept-language:"en-US,en;q=0.9"]] MDC:[traceId=, spanId=]
2025-01-07 16:04:48 [http-nio-8081-exec-4] INFO  o.s.api.AbstractOpenApiResource - Init duration for springdoc-openapi is: 211 ms MDC:[traceId=, spanId=]
2025-01-07 16:04:48 [http-nio-8081-exec-4] DEBUG o.s.w.f.CommonsRequestLoggingFilter - DATA REQUEST: GET /v3/api-docs, headers=[host:"localhost:8081", connection:"keep-alive", sec-ch-ua-platform:""Windows"", user-agent:"Mozilla/5.0 (Windows NT 10.0; Win64; x64) AppleWebKit/537.36 (KHTML, like Gecko) Chrome/131.0.0.0 Safari/537.36 Edg/131.0.0.0", accept:"application/json,*/*", sec-ch-ua:""Microsoft Edge";v="131", "Chromium";v="131", "Not_A Brand";v="24"", sec-ch-ua-mobile:"?0", sec-fetch-site:"same-origin", sec-fetch-mode:"cors", sec-fetch-dest:"empty", referer:"http://localhost:8081/swagger-ui/index.html", accept-encoding:"gzip, deflate, br, zstd", accept-language:"en-US,en;q=0.9"]] MDC:[traceId=, spanId=]
2025-01-07 16:04:58 [http-nio-8081-exec-5] DEBUG o.s.w.f.CommonsRequestLoggingFilter - Before request [POST /category/create, headers=[host:"localhost:8081", connection:"keep-alive", content-length:"51846", sec-ch-ua-platform:""Windows"", user-agent:"Mozilla/5.0 (Windows NT 10.0; Win64; x64) AppleWebKit/537.36 (KHTML, like Gecko) Chrome/131.0.0.0 Safari/537.36 Edg/131.0.0.0", accept:"application/json", sec-ch-ua:""Microsoft Edge";v="131", "Chromium";v="131", "Not_A Brand";v="24"", sec-ch-ua-mobile:"?0", origin:"http://localhost:8081", sec-fetch-site:"same-origin", sec-fetch-mode:"cors", sec-fetch-dest:"empty", referer:"http://localhost:8081/swagger-ui/index.html", accept-encoding:"gzip, deflate, br, zstd", accept-language:"en-US,en;q=0.9", Content-Type:"multipart/form-data;boundary=----WebKitFormBoundaryGVxJtuUVvnPiOfJs;charset=UTF-8"]] MDC:[traceId=, spanId=]
2025-01-07 16:04:58 [http-nio-8081-exec-5] WARN  o.s.w.s.m.s.DefaultHandlerExceptionResolver - Resolved [org.springframework.web.HttpMediaTypeNotSupportedException: Content-Type 'application/octet-stream' is not supported] MDC:[traceId=, spanId=]
2025-01-07 16:04:58 [http-nio-8081-exec-5] DEBUG o.s.w.f.CommonsRequestLoggingFilter - DATA REQUEST: POST /category/create, headers=[host:"localhost:8081", connection:"keep-alive", content-length:"51846", sec-ch-ua-platform:""Windows"", user-agent:"Mozilla/5.0 (Windows NT 10.0; Win64; x64) AppleWebKit/537.36 (KHTML, like Gecko) Chrome/131.0.0.0 Safari/537.36 Edg/131.0.0.0", accept:"application/json", sec-ch-ua:""Microsoft Edge";v="131", "Chromium";v="131", "Not_A Brand";v="24"", sec-ch-ua-mobile:"?0", origin:"http://localhost:8081", sec-fetch-site:"same-origin", sec-fetch-mode:"cors", sec-fetch-dest:"empty", referer:"http://localhost:8081/swagger-ui/index.html", accept-encoding:"gzip, deflate, br, zstd", accept-language:"en-US,en;q=0.9", Content-Type:"multipart/form-data;boundary=----WebKitFormBoundaryGVxJtuUVvnPiOfJs;charset=UTF-8"]] MDC:[traceId=, spanId=]
2025-01-07 16:06:09 [SpringApplicationShutdownHook] INFO  o.s.b.w.e.tomcat.GracefulShutdown - Commencing graceful shutdown. Waiting for active requests to complete MDC:[traceId=, spanId=]
2025-01-07 16:06:10 [tomcat-shutdown] INFO  o.s.b.w.e.tomcat.GracefulShutdown - Graceful shutdown complete MDC:[traceId=, spanId=]
2025-01-07 16:06:10 [SpringApplicationShutdownHook] INFO  o.s.o.j.LocalContainerEntityManagerFactoryBean - Closing JPA EntityManagerFactory for persistence unit 'default' MDC:[traceId=, spanId=]
2025-01-07 16:06:10 [SpringApplicationShutdownHook] INFO  com.zaxxer.hikari.HikariDataSource - HikariPool-1 - Shutdown initiated... MDC:[traceId=, spanId=]
2025-01-07 16:06:10 [SpringApplicationShutdownHook] INFO  com.zaxxer.hikari.HikariDataSource - HikariPool-1 - Shutdown completed. MDC:[traceId=, spanId=]
2025-01-07 16:06:14 [main] INFO  o.v.p.ProductManagementServiceApplication - Starting ProductManagementServiceApplication using Java 17.0.2 with PID 11596 (D:\java\Springboot\HyggeEcommerce\ProductManagementService\target\classes started by PC in D:\java\Springboot\HyggeEcommerce) MDC:[traceId=, spanId=]
2025-01-07 16:06:14 [main] INFO  o.v.p.ProductManagementServiceApplication - No active profile set, falling back to 1 default profile: "default" MDC:[traceId=, spanId=]
2025-01-07 16:06:14 [main] INFO  o.s.c.c.c.ConfigServerConfigDataLoader - Fetching config from server at : http://localhost:8888/ MDC:[traceId=, spanId=]
2025-01-07 16:06:14 [main] INFO  o.s.c.c.c.ConfigServerConfigDataLoader - Located environment: name=product-manage-service, profiles=[default], label=null, version=null, state=null MDC:[traceId=, spanId=]
2025-01-07 16:06:15 [main] INFO  o.s.d.r.c.RepositoryConfigurationDelegate - Multiple Spring Data modules found, entering strict repository configuration mode MDC:[traceId=, spanId=]
2025-01-07 16:06:15 [main] INFO  o.s.d.r.c.RepositoryConfigurationDelegate - Bootstrapping Spring Data JPA repositories in DEFAULT mode. MDC:[traceId=, spanId=]
2025-01-07 16:06:15 [main] INFO  o.s.d.r.c.RepositoryConfigurationDelegate - Finished Spring Data repository scanning in 100 ms. Found 1 JPA repository interface. MDC:[traceId=, spanId=]
2025-01-07 16:06:15 [main] INFO  o.s.d.r.c.RepositoryConfigurationDelegate - Multiple Spring Data modules found, entering strict repository configuration mode MDC:[traceId=, spanId=]
2025-01-07 16:06:15 [main] INFO  o.s.d.r.c.RepositoryConfigurationDelegate - Bootstrapping Spring Data Redis repositories in DEFAULT mode. MDC:[traceId=, spanId=]
2025-01-07 16:06:15 [main] INFO  o.s.d.r.c.RepositoryConfigurationExtensionSupport - Spring Data Redis - Could not safely identify store assignment for repository candidate interface org.vdt.productmanagementservice.repositories.CategoryRepository; If you want this repository to be a Redis repository, consider annotating your entities with one of these annotations: org.springframework.data.redis.core.RedisHash (preferred), or consider extending one of the following types with your repository: org.springframework.data.keyvalue.repository.KeyValueRepository MDC:[traceId=, spanId=]
2025-01-07 16:06:15 [main] INFO  o.s.d.r.c.RepositoryConfigurationDelegate - Finished Spring Data repository scanning in 5 ms. Found 0 Redis repository interfaces. MDC:[traceId=, spanId=]
2025-01-07 16:06:15 [main] INFO  o.s.cloud.context.scope.GenericScope - BeanFactory id=1c3a8de3-0f25-3458-8ea2-b52b63c27ffb MDC:[traceId=, spanId=]
2025-01-07 16:06:16 [main] INFO  o.s.b.w.e.tomcat.TomcatWebServer - Tomcat initialized with port 8081 (http) MDC:[traceId=, spanId=]
2025-01-07 16:06:16 [main] INFO  o.a.coyote.http11.Http11NioProtocol - Initializing ProtocolHandler ["http-nio-8081"] MDC:[traceId=, spanId=]
2025-01-07 16:06:16 [main] INFO  o.a.catalina.core.StandardService - Starting service [Tomcat] MDC:[traceId=, spanId=]
2025-01-07 16:06:16 [main] INFO  o.a.catalina.core.StandardEngine - Starting Servlet engine: [Apache Tomcat/10.1.34] MDC:[traceId=, spanId=]
2025-01-07 16:06:16 [main] INFO  o.a.c.c.C.[Tomcat].[localhost].[/] - Initializing Spring embedded WebApplicationContext MDC:[traceId=, spanId=]
2025-01-07 16:06:16 [main] INFO  o.s.b.w.s.c.ServletWebServerApplicationContext - Root WebApplicationContext: initialization completed in 1441 ms MDC:[traceId=, spanId=]
2025-01-07 16:06:16 [main] DEBUG o.s.w.f.CommonsRequestLoggingFilter - Filter 'requestLoggingFilter' configured for use MDC:[traceId=, spanId=]
2025-01-07 16:06:16 [main] INFO  o.s.o.j.p.SpringPersistenceUnitInfo - No LoadTimeWeaver setup: ignoring JPA class transformer MDC:[traceId=, spanId=]
2025-01-07 16:06:16 [main] INFO  com.zaxxer.hikari.HikariDataSource - HikariPool-1 - Starting... MDC:[traceId=, spanId=]
2025-01-07 16:06:16 [main] INFO  com.zaxxer.hikari.pool.HikariPool - HikariPool-1 - Added connection com.mysql.cj.jdbc.ConnectionImpl@73417494 MDC:[traceId=, spanId=]
2025-01-07 16:06:16 [main] INFO  com.zaxxer.hikari.HikariDataSource - HikariPool-1 - Start completed. MDC:[traceId=, spanId=]
2025-01-07 16:06:18 [main] INFO  o.s.o.j.LocalContainerEntityManagerFactoryBean - Initialized JPA EntityManagerFactory for persistence unit 'default' MDC:[traceId=, spanId=]
2025-01-07 16:06:18 [main] WARN  o.s.b.a.o.j.JpaBaseConfiguration$JpaWebConfiguration - spring.jpa.open-in-view is enabled by default. Therefore, database queries may be performed during view rendering. Explicitly configure spring.jpa.open-in-view to disable this warning MDC:[traceId=, spanId=]
2025-01-07 16:06:19 [main] INFO  o.a.coyote.http11.Http11NioProtocol - Starting ProtocolHandler ["http-nio-8081"] MDC:[traceId=, spanId=]
2025-01-07 16:06:19 [main] INFO  o.s.b.w.e.tomcat.TomcatWebServer - Tomcat started on port 8081 (http) with context path '/' MDC:[traceId=, spanId=]
2025-01-07 16:06:19 [main] INFO  o.v.p.ProductManagementServiceApplication - Started ProductManagementServiceApplication in 5.495 seconds (process running for 6.183) MDC:[traceId=, spanId=]
2025-01-07 16:06:22 [http-nio-8081-exec-1] INFO  o.a.c.c.C.[Tomcat].[localhost].[/] - Initializing Spring DispatcherServlet 'dispatcherServlet' MDC:[traceId=, spanId=]
2025-01-07 16:06:22 [http-nio-8081-exec-1] INFO  o.s.web.servlet.DispatcherServlet - Initializing Servlet 'dispatcherServlet' MDC:[traceId=, spanId=]
2025-01-07 16:06:22 [http-nio-8081-exec-1] INFO  o.s.web.servlet.DispatcherServlet - Completed initialization in 2 ms MDC:[traceId=, spanId=]
2025-01-07 16:06:22 [http-nio-8081-exec-1] DEBUG o.s.w.f.CommonsRequestLoggingFilter - Before request [GET /swagger-ui/index.html, headers=[host:"localhost:8081", connection:"keep-alive", cache-control:"max-age=0", sec-ch-ua:""Microsoft Edge";v="131", "Chromium";v="131", "Not_A Brand";v="24"", sec-ch-ua-mobile:"?0", sec-ch-ua-platform:""Windows"", upgrade-insecure-requests:"1", user-agent:"Mozilla/5.0 (Windows NT 10.0; Win64; x64) AppleWebKit/537.36 (KHTML, like Gecko) Chrome/131.0.0.0 Safari/537.36 Edg/131.0.0.0", accept:"text/html,application/xhtml+xml,application/xml;q=0.9,image/avif,image/webp,image/apng,*/*;q=0.8,application/signed-exchange;v=b3;q=0.7", sec-fetch-site:"same-origin", sec-fetch-mode:"navigate", sec-fetch-user:"?1", sec-fetch-dest:"document", accept-encoding:"gzip, deflate, br, zstd", accept-language:"en-US,en;q=0.9", if-modified-since:"Fri, 31 Mar 2023 14:44:14 GMT"]] MDC:[traceId=, spanId=]
2025-01-07 16:06:22 [http-nio-8081-exec-1] DEBUG o.s.w.f.CommonsRequestLoggingFilter - DATA REQUEST: GET /swagger-ui/index.html, headers=[host:"localhost:8081", connection:"keep-alive", cache-control:"max-age=0", sec-ch-ua:""Microsoft Edge";v="131", "Chromium";v="131", "Not_A Brand";v="24"", sec-ch-ua-mobile:"?0", sec-ch-ua-platform:""Windows"", upgrade-insecure-requests:"1", user-agent:"Mozilla/5.0 (Windows NT 10.0; Win64; x64) AppleWebKit/537.36 (KHTML, like Gecko) Chrome/131.0.0.0 Safari/537.36 Edg/131.0.0.0", accept:"text/html,application/xhtml+xml,application/xml;q=0.9,image/avif,image/webp,image/apng,*/*;q=0.8,application/signed-exchange;v=b3;q=0.7", sec-fetch-site:"same-origin", sec-fetch-mode:"navigate", sec-fetch-user:"?1", sec-fetch-dest:"document", accept-encoding:"gzip, deflate, br, zstd", accept-language:"en-US,en;q=0.9", if-modified-since:"Fri, 31 Mar 2023 14:44:14 GMT"]] MDC:[traceId=, spanId=]
2025-01-07 16:06:22 [http-nio-8081-exec-2] DEBUG o.s.w.f.CommonsRequestLoggingFilter - Before request [GET /swagger-ui/swagger-initializer.js, headers=[host:"localhost:8081", connection:"keep-alive", sec-ch-ua-platform:""Windows"", user-agent:"Mozilla/5.0 (Windows NT 10.0; Win64; x64) AppleWebKit/537.36 (KHTML, like Gecko) Chrome/131.0.0.0 Safari/537.36 Edg/131.0.0.0", sec-ch-ua:""Microsoft Edge";v="131", "Chromium";v="131", "Not_A Brand";v="24"", sec-ch-ua-mobile:"?0", accept:"*/*", sec-fetch-site:"same-origin", sec-fetch-mode:"no-cors", sec-fetch-dest:"script", referer:"http://localhost:8081/swagger-ui/index.html", accept-encoding:"gzip, deflate, br, zstd", accept-language:"en-US,en;q=0.9"]] MDC:[traceId=, spanId=]
2025-01-07 16:06:22 [http-nio-8081-exec-2] DEBUG o.s.w.f.CommonsRequestLoggingFilter - DATA REQUEST: GET /swagger-ui/swagger-initializer.js, headers=[host:"localhost:8081", connection:"keep-alive", sec-ch-ua-platform:""Windows"", user-agent:"Mozilla/5.0 (Windows NT 10.0; Win64; x64) AppleWebKit/537.36 (KHTML, like Gecko) Chrome/131.0.0.0 Safari/537.36 Edg/131.0.0.0", sec-ch-ua:""Microsoft Edge";v="131", "Chromium";v="131", "Not_A Brand";v="24"", sec-ch-ua-mobile:"?0", accept:"*/*", sec-fetch-site:"same-origin", sec-fetch-mode:"no-cors", sec-fetch-dest:"script", referer:"http://localhost:8081/swagger-ui/index.html", accept-encoding:"gzip, deflate, br, zstd", accept-language:"en-US,en;q=0.9"]] MDC:[traceId=, spanId=]
2025-01-07 16:06:22 [http-nio-8081-exec-7] DEBUG o.s.w.f.CommonsRequestLoggingFilter - Before request [GET /v3/api-docs/swagger-config, headers=[host:"localhost:8081", connection:"keep-alive", sec-ch-ua-platform:""Windows"", user-agent:"Mozilla/5.0 (Windows NT 10.0; Win64; x64) AppleWebKit/537.36 (KHTML, like Gecko) Chrome/131.0.0.0 Safari/537.36 Edg/131.0.0.0", sec-ch-ua:""Microsoft Edge";v="131", "Chromium";v="131", "Not_A Brand";v="24"", sec-ch-ua-mobile:"?0", accept:"*/*", sec-fetch-site:"same-origin", sec-fetch-mode:"cors", sec-fetch-dest:"empty", referer:"http://localhost:8081/swagger-ui/index.html", accept-encoding:"gzip, deflate, br, zstd", accept-language:"en-US,en;q=0.9"]] MDC:[traceId=, spanId=]
2025-01-07 16:06:22 [http-nio-8081-exec-7] DEBUG o.s.w.f.CommonsRequestLoggingFilter - DATA REQUEST: GET /v3/api-docs/swagger-config, headers=[host:"localhost:8081", connection:"keep-alive", sec-ch-ua-platform:""Windows"", user-agent:"Mozilla/5.0 (Windows NT 10.0; Win64; x64) AppleWebKit/537.36 (KHTML, like Gecko) Chrome/131.0.0.0 Safari/537.36 Edg/131.0.0.0", sec-ch-ua:""Microsoft Edge";v="131", "Chromium";v="131", "Not_A Brand";v="24"", sec-ch-ua-mobile:"?0", accept:"*/*", sec-fetch-site:"same-origin", sec-fetch-mode:"cors", sec-fetch-dest:"empty", referer:"http://localhost:8081/swagger-ui/index.html", accept-encoding:"gzip, deflate, br, zstd", accept-language:"en-US,en;q=0.9"]] MDC:[traceId=, spanId=]
2025-01-07 16:06:22 [http-nio-8081-exec-5] DEBUG o.s.w.f.CommonsRequestLoggingFilter - Before request [GET /v3/api-docs, headers=[host:"localhost:8081", connection:"keep-alive", sec-ch-ua-platform:""Windows"", user-agent:"Mozilla/5.0 (Windows NT 10.0; Win64; x64) AppleWebKit/537.36 (KHTML, like Gecko) Chrome/131.0.0.0 Safari/537.36 Edg/131.0.0.0", accept:"application/json,*/*", sec-ch-ua:""Microsoft Edge";v="131", "Chromium";v="131", "Not_A Brand";v="24"", sec-ch-ua-mobile:"?0", sec-fetch-site:"same-origin", sec-fetch-mode:"cors", sec-fetch-dest:"empty", referer:"http://localhost:8081/swagger-ui/index.html", accept-encoding:"gzip, deflate, br, zstd", accept-language:"en-US,en;q=0.9"]] MDC:[traceId=, spanId=]
2025-01-07 16:06:23 [http-nio-8081-exec-5] INFO  o.s.api.AbstractOpenApiResource - Init duration for springdoc-openapi is: 275 ms MDC:[traceId=, spanId=]
2025-01-07 16:06:23 [http-nio-8081-exec-5] DEBUG o.s.w.f.CommonsRequestLoggingFilter - DATA REQUEST: GET /v3/api-docs, headers=[host:"localhost:8081", connection:"keep-alive", sec-ch-ua-platform:""Windows"", user-agent:"Mozilla/5.0 (Windows NT 10.0; Win64; x64) AppleWebKit/537.36 (KHTML, like Gecko) Chrome/131.0.0.0 Safari/537.36 Edg/131.0.0.0", accept:"application/json,*/*", sec-ch-ua:""Microsoft Edge";v="131", "Chromium";v="131", "Not_A Brand";v="24"", sec-ch-ua-mobile:"?0", sec-fetch-site:"same-origin", sec-fetch-mode:"cors", sec-fetch-dest:"empty", referer:"http://localhost:8081/swagger-ui/index.html", accept-encoding:"gzip, deflate, br, zstd", accept-language:"en-US,en;q=0.9"]] MDC:[traceId=, spanId=]
2025-01-07 16:06:32 [http-nio-8081-exec-4] DEBUG o.s.w.f.CommonsRequestLoggingFilter - Before request [POST /category/create, headers=[host:"localhost:8081", connection:"keep-alive", content-length:"145824", sec-ch-ua-platform:""Windows"", user-agent:"Mozilla/5.0 (Windows NT 10.0; Win64; x64) AppleWebKit/537.36 (KHTML, like Gecko) Chrome/131.0.0.0 Safari/537.36 Edg/131.0.0.0", accept:"application/json", sec-ch-ua:""Microsoft Edge";v="131", "Chromium";v="131", "Not_A Brand";v="24"", sec-ch-ua-mobile:"?0", origin:"http://localhost:8081", sec-fetch-site:"same-origin", sec-fetch-mode:"cors", sec-fetch-dest:"empty", referer:"http://localhost:8081/swagger-ui/index.html", accept-encoding:"gzip, deflate, br, zstd", accept-language:"en-US,en;q=0.9", Content-Type:"multipart/form-data;boundary=----WebKitFormBoundaryYEiAqPg26NT4YIFc;charset=UTF-8"]] MDC:[traceId=, spanId=]
2025-01-07 16:06:33 [http-nio-8081-exec-4] WARN  o.s.w.s.m.s.DefaultHandlerExceptionResolver - Resolved [org.springframework.web.HttpMediaTypeNotSupportedException: Content-Type 'application/octet-stream' is not supported] MDC:[traceId=, spanId=]
2025-01-07 16:06:33 [http-nio-8081-exec-4] DEBUG o.s.w.f.CommonsRequestLoggingFilter - DATA REQUEST: POST /category/create, headers=[host:"localhost:8081", connection:"keep-alive", content-length:"145824", sec-ch-ua-platform:""Windows"", user-agent:"Mozilla/5.0 (Windows NT 10.0; Win64; x64) AppleWebKit/537.36 (KHTML, like Gecko) Chrome/131.0.0.0 Safari/537.36 Edg/131.0.0.0", accept:"application/json", sec-ch-ua:""Microsoft Edge";v="131", "Chromium";v="131", "Not_A Brand";v="24"", sec-ch-ua-mobile:"?0", origin:"http://localhost:8081", sec-fetch-site:"same-origin", sec-fetch-mode:"cors", sec-fetch-dest:"empty", referer:"http://localhost:8081/swagger-ui/index.html", accept-encoding:"gzip, deflate, br, zstd", accept-language:"en-US,en;q=0.9", Content-Type:"multipart/form-data;boundary=----WebKitFormBoundaryYEiAqPg26NT4YIFc;charset=UTF-8"]] MDC:[traceId=, spanId=]
2025-01-07 16:06:56 [SpringApplicationShutdownHook] INFO  o.s.b.w.e.tomcat.GracefulShutdown - Commencing graceful shutdown. Waiting for active requests to complete MDC:[traceId=, spanId=]
2025-01-07 16:06:56 [tomcat-shutdown] INFO  o.s.b.w.e.tomcat.GracefulShutdown - Graceful shutdown complete MDC:[traceId=, spanId=]
2025-01-07 16:06:56 [SpringApplicationShutdownHook] INFO  o.s.o.j.LocalContainerEntityManagerFactoryBean - Closing JPA EntityManagerFactory for persistence unit 'default' MDC:[traceId=, spanId=]
2025-01-07 16:06:56 [SpringApplicationShutdownHook] INFO  com.zaxxer.hikari.HikariDataSource - HikariPool-1 - Shutdown initiated... MDC:[traceId=, spanId=]
2025-01-07 16:06:56 [SpringApplicationShutdownHook] INFO  com.zaxxer.hikari.HikariDataSource - HikariPool-1 - Shutdown completed. MDC:[traceId=, spanId=]
2025-01-07 16:07:00 [main] INFO  o.v.p.ProductManagementServiceApplication - Starting ProductManagementServiceApplication using Java 17.0.2 with PID 29524 (D:\java\Springboot\HyggeEcommerce\ProductManagementService\target\classes started by PC in D:\java\Springboot\HyggeEcommerce) MDC:[traceId=, spanId=]
2025-01-07 16:07:00 [main] INFO  o.v.p.ProductManagementServiceApplication - No active profile set, falling back to 1 default profile: "default" MDC:[traceId=, spanId=]
2025-01-07 16:07:00 [main] INFO  o.s.c.c.c.ConfigServerConfigDataLoader - Fetching config from server at : http://localhost:8888/ MDC:[traceId=, spanId=]
2025-01-07 16:07:00 [main] INFO  o.s.c.c.c.ConfigServerConfigDataLoader - Located environment: name=product-manage-service, profiles=[default], label=null, version=null, state=null MDC:[traceId=, spanId=]
2025-01-07 16:07:00 [main] INFO  o.s.d.r.c.RepositoryConfigurationDelegate - Multiple Spring Data modules found, entering strict repository configuration mode MDC:[traceId=, spanId=]
2025-01-07 16:07:00 [main] INFO  o.s.d.r.c.RepositoryConfigurationDelegate - Bootstrapping Spring Data JPA repositories in DEFAULT mode. MDC:[traceId=, spanId=]
2025-01-07 16:07:00 [main] INFO  o.s.d.r.c.RepositoryConfigurationDelegate - Finished Spring Data repository scanning in 98 ms. Found 1 JPA repository interface. MDC:[traceId=, spanId=]
2025-01-07 16:07:00 [main] INFO  o.s.d.r.c.RepositoryConfigurationDelegate - Multiple Spring Data modules found, entering strict repository configuration mode MDC:[traceId=, spanId=]
2025-01-07 16:07:00 [main] INFO  o.s.d.r.c.RepositoryConfigurationDelegate - Bootstrapping Spring Data Redis repositories in DEFAULT mode. MDC:[traceId=, spanId=]
2025-01-07 16:07:00 [main] INFO  o.s.d.r.c.RepositoryConfigurationExtensionSupport - Spring Data Redis - Could not safely identify store assignment for repository candidate interface org.vdt.productmanagementservice.repositories.CategoryRepository; If you want this repository to be a Redis repository, consider annotating your entities with one of these annotations: org.springframework.data.redis.core.RedisHash (preferred), or consider extending one of the following types with your repository: org.springframework.data.keyvalue.repository.KeyValueRepository MDC:[traceId=, spanId=]
2025-01-07 16:07:00 [main] INFO  o.s.d.r.c.RepositoryConfigurationDelegate - Finished Spring Data repository scanning in 5 ms. Found 0 Redis repository interfaces. MDC:[traceId=, spanId=]
2025-01-07 16:07:01 [main] INFO  o.s.cloud.context.scope.GenericScope - BeanFactory id=1c3a8de3-0f25-3458-8ea2-b52b63c27ffb MDC:[traceId=, spanId=]
2025-01-07 16:07:01 [main] INFO  o.s.b.w.e.tomcat.TomcatWebServer - Tomcat initialized with port 8081 (http) MDC:[traceId=, spanId=]
2025-01-07 16:07:01 [main] INFO  o.a.coyote.http11.Http11NioProtocol - Initializing ProtocolHandler ["http-nio-8081"] MDC:[traceId=, spanId=]
2025-01-07 16:07:01 [main] INFO  o.a.catalina.core.StandardService - Starting service [Tomcat] MDC:[traceId=, spanId=]
2025-01-07 16:07:01 [main] INFO  o.a.catalina.core.StandardEngine - Starting Servlet engine: [Apache Tomcat/10.1.34] MDC:[traceId=, spanId=]
2025-01-07 16:07:01 [main] INFO  o.a.c.c.C.[Tomcat].[localhost].[/] - Initializing Spring embedded WebApplicationContext MDC:[traceId=, spanId=]
2025-01-07 16:07:01 [main] INFO  o.s.b.w.s.c.ServletWebServerApplicationContext - Root WebApplicationContext: initialization completed in 1327 ms MDC:[traceId=, spanId=]
2025-01-07 16:07:01 [main] DEBUG o.s.w.f.CommonsRequestLoggingFilter - Filter 'requestLoggingFilter' configured for use MDC:[traceId=, spanId=]
2025-01-07 16:07:01 [main] INFO  o.s.o.j.p.SpringPersistenceUnitInfo - No LoadTimeWeaver setup: ignoring JPA class transformer MDC:[traceId=, spanId=]
2025-01-07 16:07:01 [main] INFO  com.zaxxer.hikari.HikariDataSource - HikariPool-1 - Starting... MDC:[traceId=, spanId=]
2025-01-07 16:07:02 [main] INFO  com.zaxxer.hikari.pool.HikariPool - HikariPool-1 - Added connection com.mysql.cj.jdbc.ConnectionImpl@443b6765 MDC:[traceId=, spanId=]
2025-01-07 16:07:02 [main] INFO  com.zaxxer.hikari.HikariDataSource - HikariPool-1 - Start completed. MDC:[traceId=, spanId=]
2025-01-07 16:07:03 [main] INFO  o.s.o.j.LocalContainerEntityManagerFactoryBean - Initialized JPA EntityManagerFactory for persistence unit 'default' MDC:[traceId=, spanId=]
2025-01-07 16:07:03 [main] WARN  o.s.b.a.o.j.JpaBaseConfiguration$JpaWebConfiguration - spring.jpa.open-in-view is enabled by default. Therefore, database queries may be performed during view rendering. Explicitly configure spring.jpa.open-in-view to disable this warning MDC:[traceId=, spanId=]
2025-01-07 16:07:04 [main] INFO  o.a.coyote.http11.Http11NioProtocol - Starting ProtocolHandler ["http-nio-8081"] MDC:[traceId=, spanId=]
2025-01-07 16:07:04 [main] INFO  o.s.b.w.e.tomcat.TomcatWebServer - Tomcat started on port 8081 (http) with context path '/' MDC:[traceId=, spanId=]
2025-01-07 16:07:04 [main] INFO  o.v.p.ProductManagementServiceApplication - Started ProductManagementServiceApplication in 5.289 seconds (process running for 6.318) MDC:[traceId=, spanId=]
2025-01-07 16:07:09 [http-nio-8081-exec-1] INFO  o.a.c.c.C.[Tomcat].[localhost].[/] - Initializing Spring DispatcherServlet 'dispatcherServlet' MDC:[traceId=, spanId=]
2025-01-07 16:07:09 [http-nio-8081-exec-1] INFO  o.s.web.servlet.DispatcherServlet - Initializing Servlet 'dispatcherServlet' MDC:[traceId=, spanId=]
2025-01-07 16:07:09 [http-nio-8081-exec-1] INFO  o.s.web.servlet.DispatcherServlet - Completed initialization in 1 ms MDC:[traceId=, spanId=]
2025-01-07 16:07:09 [http-nio-8081-exec-1] DEBUG o.s.w.f.CommonsRequestLoggingFilter - Before request [POST /category/create, headers=[host:"localhost:8081", connection:"keep-alive", content-length:"145824", sec-ch-ua-platform:""Windows"", user-agent:"Mozilla/5.0 (Windows NT 10.0; Win64; x64) AppleWebKit/537.36 (KHTML, like Gecko) Chrome/131.0.0.0 Safari/537.36 Edg/131.0.0.0", accept:"application/json", sec-ch-ua:""Microsoft Edge";v="131", "Chromium";v="131", "Not_A Brand";v="24"", sec-ch-ua-mobile:"?0", origin:"http://localhost:8081", sec-fetch-site:"same-origin", sec-fetch-mode:"cors", sec-fetch-dest:"empty", referer:"http://localhost:8081/swagger-ui/index.html", accept-encoding:"gzip, deflate, br, zstd", accept-language:"en-US,en;q=0.9", Content-Type:"multipart/form-data;boundary=----WebKitFormBoundaryjqQepyg45jWOO5DI;charset=UTF-8"]] MDC:[traceId=, spanId=]
2025-01-07 16:07:09 [http-nio-8081-exec-1] WARN  o.s.w.s.m.s.DefaultHandlerExceptionResolver - Resolved [org.springframework.web.HttpMediaTypeNotSupportedException: Content-Type 'application/octet-stream' is not supported] MDC:[traceId=, spanId=]
2025-01-07 16:07:09 [http-nio-8081-exec-1] DEBUG o.s.w.f.CommonsRequestLoggingFilter - DATA REQUEST: POST /category/create, headers=[host:"localhost:8081", connection:"keep-alive", content-length:"145824", sec-ch-ua-platform:""Windows"", user-agent:"Mozilla/5.0 (Windows NT 10.0; Win64; x64) AppleWebKit/537.36 (KHTML, like Gecko) Chrome/131.0.0.0 Safari/537.36 Edg/131.0.0.0", accept:"application/json", sec-ch-ua:""Microsoft Edge";v="131", "Chromium";v="131", "Not_A Brand";v="24"", sec-ch-ua-mobile:"?0", origin:"http://localhost:8081", sec-fetch-site:"same-origin", sec-fetch-mode:"cors", sec-fetch-dest:"empty", referer:"http://localhost:8081/swagger-ui/index.html", accept-encoding:"gzip, deflate, br, zstd", accept-language:"en-US,en;q=0.9", Content-Type:"multipart/form-data;boundary=----WebKitFormBoundaryjqQepyg45jWOO5DI;charset=UTF-8"]] MDC:[traceId=, spanId=]
2025-01-07 16:07:13 [http-nio-8081-exec-8] DEBUG o.s.w.f.CommonsRequestLoggingFilter - Before request [GET /swagger-ui/index.html, headers=[host:"localhost:8081", connection:"keep-alive", cache-control:"max-age=0", sec-ch-ua:""Microsoft Edge";v="131", "Chromium";v="131", "Not_A Brand";v="24"", sec-ch-ua-mobile:"?0", sec-ch-ua-platform:""Windows"", upgrade-insecure-requests:"1", user-agent:"Mozilla/5.0 (Windows NT 10.0; Win64; x64) AppleWebKit/537.36 (KHTML, like Gecko) Chrome/131.0.0.0 Safari/537.36 Edg/131.0.0.0", accept:"text/html,application/xhtml+xml,application/xml;q=0.9,image/avif,image/webp,image/apng,*/*;q=0.8,application/signed-exchange;v=b3;q=0.7", sec-fetch-site:"same-origin", sec-fetch-mode:"navigate", sec-fetch-user:"?1", sec-fetch-dest:"document", accept-encoding:"gzip, deflate, br, zstd", accept-language:"en-US,en;q=0.9", if-modified-since:"Fri, 31 Mar 2023 14:44:14 GMT"]] MDC:[traceId=, spanId=]
2025-01-07 16:07:13 [http-nio-8081-exec-8] DEBUG o.s.w.f.CommonsRequestLoggingFilter - DATA REQUEST: GET /swagger-ui/index.html, headers=[host:"localhost:8081", connection:"keep-alive", cache-control:"max-age=0", sec-ch-ua:""Microsoft Edge";v="131", "Chromium";v="131", "Not_A Brand";v="24"", sec-ch-ua-mobile:"?0", sec-ch-ua-platform:""Windows"", upgrade-insecure-requests:"1", user-agent:"Mozilla/5.0 (Windows NT 10.0; Win64; x64) AppleWebKit/537.36 (KHTML, like Gecko) Chrome/131.0.0.0 Safari/537.36 Edg/131.0.0.0", accept:"text/html,application/xhtml+xml,application/xml;q=0.9,image/avif,image/webp,image/apng,*/*;q=0.8,application/signed-exchange;v=b3;q=0.7", sec-fetch-site:"same-origin", sec-fetch-mode:"navigate", sec-fetch-user:"?1", sec-fetch-dest:"document", accept-encoding:"gzip, deflate, br, zstd", accept-language:"en-US,en;q=0.9", if-modified-since:"Fri, 31 Mar 2023 14:44:14 GMT"]] MDC:[traceId=, spanId=]
2025-01-07 16:07:13 [http-nio-8081-exec-4] DEBUG o.s.w.f.CommonsRequestLoggingFilter - Before request [GET /swagger-ui/swagger-initializer.js, headers=[host:"localhost:8081", connection:"keep-alive", sec-ch-ua-platform:""Windows"", user-agent:"Mozilla/5.0 (Windows NT 10.0; Win64; x64) AppleWebKit/537.36 (KHTML, like Gecko) Chrome/131.0.0.0 Safari/537.36 Edg/131.0.0.0", sec-ch-ua:""Microsoft Edge";v="131", "Chromium";v="131", "Not_A Brand";v="24"", sec-ch-ua-mobile:"?0", accept:"*/*", sec-fetch-site:"same-origin", sec-fetch-mode:"no-cors", sec-fetch-dest:"script", referer:"http://localhost:8081/swagger-ui/index.html", accept-encoding:"gzip, deflate, br, zstd", accept-language:"en-US,en;q=0.9"]] MDC:[traceId=, spanId=]
2025-01-07 16:07:13 [http-nio-8081-exec-4] DEBUG o.s.w.f.CommonsRequestLoggingFilter - DATA REQUEST: GET /swagger-ui/swagger-initializer.js, headers=[host:"localhost:8081", connection:"keep-alive", sec-ch-ua-platform:""Windows"", user-agent:"Mozilla/5.0 (Windows NT 10.0; Win64; x64) AppleWebKit/537.36 (KHTML, like Gecko) Chrome/131.0.0.0 Safari/537.36 Edg/131.0.0.0", sec-ch-ua:""Microsoft Edge";v="131", "Chromium";v="131", "Not_A Brand";v="24"", sec-ch-ua-mobile:"?0", accept:"*/*", sec-fetch-site:"same-origin", sec-fetch-mode:"no-cors", sec-fetch-dest:"script", referer:"http://localhost:8081/swagger-ui/index.html", accept-encoding:"gzip, deflate, br, zstd", accept-language:"en-US,en;q=0.9"]] MDC:[traceId=, spanId=]
2025-01-07 16:07:13 [http-nio-8081-exec-3] DEBUG o.s.w.f.CommonsRequestLoggingFilter - Before request [GET /v3/api-docs/swagger-config, headers=[host:"localhost:8081", connection:"keep-alive", sec-ch-ua-platform:""Windows"", user-agent:"Mozilla/5.0 (Windows NT 10.0; Win64; x64) AppleWebKit/537.36 (KHTML, like Gecko) Chrome/131.0.0.0 Safari/537.36 Edg/131.0.0.0", sec-ch-ua:""Microsoft Edge";v="131", "Chromium";v="131", "Not_A Brand";v="24"", sec-ch-ua-mobile:"?0", accept:"*/*", sec-fetch-site:"same-origin", sec-fetch-mode:"cors", sec-fetch-dest:"empty", referer:"http://localhost:8081/swagger-ui/index.html", accept-encoding:"gzip, deflate, br, zstd", accept-language:"en-US,en;q=0.9"]] MDC:[traceId=, spanId=]
2025-01-07 16:07:13 [http-nio-8081-exec-3] DEBUG o.s.w.f.CommonsRequestLoggingFilter - DATA REQUEST: GET /v3/api-docs/swagger-config, headers=[host:"localhost:8081", connection:"keep-alive", sec-ch-ua-platform:""Windows"", user-agent:"Mozilla/5.0 (Windows NT 10.0; Win64; x64) AppleWebKit/537.36 (KHTML, like Gecko) Chrome/131.0.0.0 Safari/537.36 Edg/131.0.0.0", sec-ch-ua:""Microsoft Edge";v="131", "Chromium";v="131", "Not_A Brand";v="24"", sec-ch-ua-mobile:"?0", accept:"*/*", sec-fetch-site:"same-origin", sec-fetch-mode:"cors", sec-fetch-dest:"empty", referer:"http://localhost:8081/swagger-ui/index.html", accept-encoding:"gzip, deflate, br, zstd", accept-language:"en-US,en;q=0.9"]] MDC:[traceId=, spanId=]
2025-01-07 16:07:13 [http-nio-8081-exec-6] DEBUG o.s.w.f.CommonsRequestLoggingFilter - Before request [GET /v3/api-docs, headers=[host:"localhost:8081", connection:"keep-alive", sec-ch-ua-platform:""Windows"", user-agent:"Mozilla/5.0 (Windows NT 10.0; Win64; x64) AppleWebKit/537.36 (KHTML, like Gecko) Chrome/131.0.0.0 Safari/537.36 Edg/131.0.0.0", accept:"application/json,*/*", sec-ch-ua:""Microsoft Edge";v="131", "Chromium";v="131", "Not_A Brand";v="24"", sec-ch-ua-mobile:"?0", sec-fetch-site:"same-origin", sec-fetch-mode:"cors", sec-fetch-dest:"empty", referer:"http://localhost:8081/swagger-ui/index.html", accept-encoding:"gzip, deflate, br, zstd", accept-language:"en-US,en;q=0.9"]] MDC:[traceId=, spanId=]
2025-01-07 16:07:13 [http-nio-8081-exec-6] INFO  o.s.api.AbstractOpenApiResource - Init duration for springdoc-openapi is: 238 ms MDC:[traceId=, spanId=]
2025-01-07 16:07:13 [http-nio-8081-exec-6] DEBUG o.s.w.f.CommonsRequestLoggingFilter - DATA REQUEST: GET /v3/api-docs, headers=[host:"localhost:8081", connection:"keep-alive", sec-ch-ua-platform:""Windows"", user-agent:"Mozilla/5.0 (Windows NT 10.0; Win64; x64) AppleWebKit/537.36 (KHTML, like Gecko) Chrome/131.0.0.0 Safari/537.36 Edg/131.0.0.0", accept:"application/json,*/*", sec-ch-ua:""Microsoft Edge";v="131", "Chromium";v="131", "Not_A Brand";v="24"", sec-ch-ua-mobile:"?0", sec-fetch-site:"same-origin", sec-fetch-mode:"cors", sec-fetch-dest:"empty", referer:"http://localhost:8081/swagger-ui/index.html", accept-encoding:"gzip, deflate, br, zstd", accept-language:"en-US,en;q=0.9"]] MDC:[traceId=, spanId=]
2025-01-07 16:07:21 [http-nio-8081-exec-5] DEBUG o.s.w.f.CommonsRequestLoggingFilter - Before request [POST /category/create, headers=[host:"localhost:8081", connection:"keep-alive", content-length:"145823", sec-ch-ua-platform:""Windows"", user-agent:"Mozilla/5.0 (Windows NT 10.0; Win64; x64) AppleWebKit/537.36 (KHTML, like Gecko) Chrome/131.0.0.0 Safari/537.36 Edg/131.0.0.0", accept:"application/json", sec-ch-ua:""Microsoft Edge";v="131", "Chromium";v="131", "Not_A Brand";v="24"", sec-ch-ua-mobile:"?0", origin:"http://localhost:8081", sec-fetch-site:"same-origin", sec-fetch-mode:"cors", sec-fetch-dest:"empty", referer:"http://localhost:8081/swagger-ui/index.html", accept-encoding:"gzip, deflate, br, zstd", accept-language:"en-US,en;q=0.9", Content-Type:"multipart/form-data;boundary=----WebKitFormBoundaryHW7P45L0XDEDwNfv;charset=UTF-8"]] MDC:[traceId=, spanId=]
2025-01-07 16:07:21 [http-nio-8081-exec-5] WARN  o.s.w.s.m.s.DefaultHandlerExceptionResolver - Resolved [org.springframework.web.HttpMediaTypeNotSupportedException: Content-Type 'application/octet-stream' is not supported] MDC:[traceId=, spanId=]
2025-01-07 16:07:21 [http-nio-8081-exec-5] DEBUG o.s.w.f.CommonsRequestLoggingFilter - DATA REQUEST: POST /category/create, headers=[host:"localhost:8081", connection:"keep-alive", content-length:"145823", sec-ch-ua-platform:""Windows"", user-agent:"Mozilla/5.0 (Windows NT 10.0; Win64; x64) AppleWebKit/537.36 (KHTML, like Gecko) Chrome/131.0.0.0 Safari/537.36 Edg/131.0.0.0", accept:"application/json", sec-ch-ua:""Microsoft Edge";v="131", "Chromium";v="131", "Not_A Brand";v="24"", sec-ch-ua-mobile:"?0", origin:"http://localhost:8081", sec-fetch-site:"same-origin", sec-fetch-mode:"cors", sec-fetch-dest:"empty", referer:"http://localhost:8081/swagger-ui/index.html", accept-encoding:"gzip, deflate, br, zstd", accept-language:"en-US,en;q=0.9", Content-Type:"multipart/form-data;boundary=----WebKitFormBoundaryHW7P45L0XDEDwNfv;charset=UTF-8"]] MDC:[traceId=, spanId=]
2025-01-07 16:07:47 [SpringApplicationShutdownHook] INFO  o.s.b.w.e.tomcat.GracefulShutdown - Commencing graceful shutdown. Waiting for active requests to complete MDC:[traceId=, spanId=]
2025-01-07 16:07:47 [tomcat-shutdown] INFO  o.s.b.w.e.tomcat.GracefulShutdown - Graceful shutdown complete MDC:[traceId=, spanId=]
2025-01-07 16:07:47 [SpringApplicationShutdownHook] INFO  o.s.o.j.LocalContainerEntityManagerFactoryBean - Closing JPA EntityManagerFactory for persistence unit 'default' MDC:[traceId=, spanId=]
2025-01-07 16:07:47 [SpringApplicationShutdownHook] INFO  com.zaxxer.hikari.HikariDataSource - HikariPool-1 - Shutdown initiated... MDC:[traceId=, spanId=]
2025-01-07 16:07:47 [SpringApplicationShutdownHook] INFO  com.zaxxer.hikari.HikariDataSource - HikariPool-1 - Shutdown completed. MDC:[traceId=, spanId=]
2025-01-07 16:07:52 [main] INFO  o.v.p.ProductManagementServiceApplication - Starting ProductManagementServiceApplication using Java 17.0.2 with PID 13084 (D:\java\Springboot\HyggeEcommerce\ProductManagementService\target\classes started by PC in D:\java\Springboot\HyggeEcommerce) MDC:[traceId=, spanId=]
2025-01-07 16:07:52 [main] INFO  o.v.p.ProductManagementServiceApplication - No active profile set, falling back to 1 default profile: "default" MDC:[traceId=, spanId=]
2025-01-07 16:07:52 [main] INFO  o.s.c.c.c.ConfigServerConfigDataLoader - Fetching config from server at : http://localhost:8888/ MDC:[traceId=, spanId=]
2025-01-07 16:07:52 [main] INFO  o.s.c.c.c.ConfigServerConfigDataLoader - Located environment: name=product-manage-service, profiles=[default], label=null, version=null, state=null MDC:[traceId=, spanId=]
2025-01-07 16:07:53 [main] INFO  o.s.d.r.c.RepositoryConfigurationDelegate - Multiple Spring Data modules found, entering strict repository configuration mode MDC:[traceId=, spanId=]
2025-01-07 16:07:53 [main] INFO  o.s.d.r.c.RepositoryConfigurationDelegate - Bootstrapping Spring Data JPA repositories in DEFAULT mode. MDC:[traceId=, spanId=]
2025-01-07 16:07:53 [main] INFO  o.s.d.r.c.RepositoryConfigurationDelegate - Finished Spring Data repository scanning in 93 ms. Found 1 JPA repository interface. MDC:[traceId=, spanId=]
2025-01-07 16:07:53 [main] INFO  o.s.d.r.c.RepositoryConfigurationDelegate - Multiple Spring Data modules found, entering strict repository configuration mode MDC:[traceId=, spanId=]
2025-01-07 16:07:53 [main] INFO  o.s.d.r.c.RepositoryConfigurationDelegate - Bootstrapping Spring Data Redis repositories in DEFAULT mode. MDC:[traceId=, spanId=]
2025-01-07 16:07:53 [main] INFO  o.s.d.r.c.RepositoryConfigurationExtensionSupport - Spring Data Redis - Could not safely identify store assignment for repository candidate interface org.vdt.productmanagementservice.repositories.CategoryRepository; If you want this repository to be a Redis repository, consider annotating your entities with one of these annotations: org.springframework.data.redis.core.RedisHash (preferred), or consider extending one of the following types with your repository: org.springframework.data.keyvalue.repository.KeyValueRepository MDC:[traceId=, spanId=]
2025-01-07 16:07:53 [main] INFO  o.s.d.r.c.RepositoryConfigurationDelegate - Finished Spring Data repository scanning in 5 ms. Found 0 Redis repository interfaces. MDC:[traceId=, spanId=]
2025-01-07 16:07:53 [main] INFO  o.s.cloud.context.scope.GenericScope - BeanFactory id=1c3a8de3-0f25-3458-8ea2-b52b63c27ffb MDC:[traceId=, spanId=]
2025-01-07 16:07:53 [main] INFO  o.s.b.w.e.tomcat.TomcatWebServer - Tomcat initialized with port 8081 (http) MDC:[traceId=, spanId=]
2025-01-07 16:07:53 [main] INFO  o.a.coyote.http11.Http11NioProtocol - Initializing ProtocolHandler ["http-nio-8081"] MDC:[traceId=, spanId=]
2025-01-07 16:07:53 [main] INFO  o.a.catalina.core.StandardService - Starting service [Tomcat] MDC:[traceId=, spanId=]
2025-01-07 16:07:53 [main] INFO  o.a.catalina.core.StandardEngine - Starting Servlet engine: [Apache Tomcat/10.1.34] MDC:[traceId=, spanId=]
2025-01-07 16:07:53 [main] INFO  o.a.c.c.C.[Tomcat].[localhost].[/] - Initializing Spring embedded WebApplicationContext MDC:[traceId=, spanId=]
2025-01-07 16:07:53 [main] INFO  o.s.b.w.s.c.ServletWebServerApplicationContext - Root WebApplicationContext: initialization completed in 1306 ms MDC:[traceId=, spanId=]
2025-01-07 16:07:53 [main] DEBUG o.s.w.f.CommonsRequestLoggingFilter - Filter 'requestLoggingFilter' configured for use MDC:[traceId=, spanId=]
2025-01-07 16:07:54 [main] INFO  o.s.o.j.p.SpringPersistenceUnitInfo - No LoadTimeWeaver setup: ignoring JPA class transformer MDC:[traceId=, spanId=]
2025-01-07 16:07:54 [main] INFO  com.zaxxer.hikari.HikariDataSource - HikariPool-1 - Starting... MDC:[traceId=, spanId=]
2025-01-07 16:07:54 [main] INFO  com.zaxxer.hikari.pool.HikariPool - HikariPool-1 - Added connection com.mysql.cj.jdbc.ConnectionImpl@674fd531 MDC:[traceId=, spanId=]
2025-01-07 16:07:54 [main] INFO  com.zaxxer.hikari.HikariDataSource - HikariPool-1 - Start completed. MDC:[traceId=, spanId=]
2025-01-07 16:07:55 [main] INFO  o.s.o.j.LocalContainerEntityManagerFactoryBean - Initialized JPA EntityManagerFactory for persistence unit 'default' MDC:[traceId=, spanId=]
2025-01-07 16:07:55 [main] WARN  o.s.b.a.o.j.JpaBaseConfiguration$JpaWebConfiguration - spring.jpa.open-in-view is enabled by default. Therefore, database queries may be performed during view rendering. Explicitly configure spring.jpa.open-in-view to disable this warning MDC:[traceId=, spanId=]
2025-01-07 16:07:56 [main] INFO  o.a.coyote.http11.Http11NioProtocol - Starting ProtocolHandler ["http-nio-8081"] MDC:[traceId=, spanId=]
2025-01-07 16:07:56 [main] INFO  o.s.b.w.e.tomcat.TomcatWebServer - Tomcat started on port 8081 (http) with context path '/' MDC:[traceId=, spanId=]
2025-01-07 16:07:56 [main] INFO  o.v.p.ProductManagementServiceApplication - Started ProductManagementServiceApplication in 5.216 seconds (process running for 5.905) MDC:[traceId=, spanId=]
2025-01-07 16:08:01 [http-nio-8081-exec-1] INFO  o.a.c.c.C.[Tomcat].[localhost].[/] - Initializing Spring DispatcherServlet 'dispatcherServlet' MDC:[traceId=, spanId=]
2025-01-07 16:08:01 [http-nio-8081-exec-1] INFO  o.s.web.servlet.DispatcherServlet - Initializing Servlet 'dispatcherServlet' MDC:[traceId=, spanId=]
2025-01-07 16:08:01 [http-nio-8081-exec-1] INFO  o.s.web.servlet.DispatcherServlet - Completed initialization in 1 ms MDC:[traceId=, spanId=]
2025-01-07 16:08:01 [http-nio-8081-exec-1] DEBUG o.s.w.f.CommonsRequestLoggingFilter - Before request [GET /swagger-ui/index.html, headers=[host:"localhost:8081", connection:"keep-alive", cache-control:"max-age=0", sec-ch-ua:""Microsoft Edge";v="131", "Chromium";v="131", "Not_A Brand";v="24"", sec-ch-ua-mobile:"?0", sec-ch-ua-platform:""Windows"", upgrade-insecure-requests:"1", user-agent:"Mozilla/5.0 (Windows NT 10.0; Win64; x64) AppleWebKit/537.36 (KHTML, like Gecko) Chrome/131.0.0.0 Safari/537.36 Edg/131.0.0.0", accept:"text/html,application/xhtml+xml,application/xml;q=0.9,image/avif,image/webp,image/apng,*/*;q=0.8,application/signed-exchange;v=b3;q=0.7", sec-fetch-site:"same-origin", sec-fetch-mode:"navigate", sec-fetch-user:"?1", sec-fetch-dest:"document", accept-encoding:"gzip, deflate, br, zstd", accept-language:"en-US,en;q=0.9", if-modified-since:"Fri, 31 Mar 2023 14:44:14 GMT"]] MDC:[traceId=, spanId=]
2025-01-07 16:08:01 [http-nio-8081-exec-1] DEBUG o.s.w.f.CommonsRequestLoggingFilter - DATA REQUEST: GET /swagger-ui/index.html, headers=[host:"localhost:8081", connection:"keep-alive", cache-control:"max-age=0", sec-ch-ua:""Microsoft Edge";v="131", "Chromium";v="131", "Not_A Brand";v="24"", sec-ch-ua-mobile:"?0", sec-ch-ua-platform:""Windows"", upgrade-insecure-requests:"1", user-agent:"Mozilla/5.0 (Windows NT 10.0; Win64; x64) AppleWebKit/537.36 (KHTML, like Gecko) Chrome/131.0.0.0 Safari/537.36 Edg/131.0.0.0", accept:"text/html,application/xhtml+xml,application/xml;q=0.9,image/avif,image/webp,image/apng,*/*;q=0.8,application/signed-exchange;v=b3;q=0.7", sec-fetch-site:"same-origin", sec-fetch-mode:"navigate", sec-fetch-user:"?1", sec-fetch-dest:"document", accept-encoding:"gzip, deflate, br, zstd", accept-language:"en-US,en;q=0.9", if-modified-since:"Fri, 31 Mar 2023 14:44:14 GMT"]] MDC:[traceId=, spanId=]
2025-01-07 16:08:01 [http-nio-8081-exec-2] DEBUG o.s.w.f.CommonsRequestLoggingFilter - Before request [GET /swagger-ui/swagger-initializer.js, headers=[host:"localhost:8081", connection:"keep-alive", sec-ch-ua-platform:""Windows"", user-agent:"Mozilla/5.0 (Windows NT 10.0; Win64; x64) AppleWebKit/537.36 (KHTML, like Gecko) Chrome/131.0.0.0 Safari/537.36 Edg/131.0.0.0", sec-ch-ua:""Microsoft Edge";v="131", "Chromium";v="131", "Not_A Brand";v="24"", sec-ch-ua-mobile:"?0", accept:"*/*", sec-fetch-site:"same-origin", sec-fetch-mode:"no-cors", sec-fetch-dest:"script", referer:"http://localhost:8081/swagger-ui/index.html", accept-encoding:"gzip, deflate, br, zstd", accept-language:"en-US,en;q=0.9"]] MDC:[traceId=, spanId=]
2025-01-07 16:08:01 [http-nio-8081-exec-2] DEBUG o.s.w.f.CommonsRequestLoggingFilter - DATA REQUEST: GET /swagger-ui/swagger-initializer.js, headers=[host:"localhost:8081", connection:"keep-alive", sec-ch-ua-platform:""Windows"", user-agent:"Mozilla/5.0 (Windows NT 10.0; Win64; x64) AppleWebKit/537.36 (KHTML, like Gecko) Chrome/131.0.0.0 Safari/537.36 Edg/131.0.0.0", sec-ch-ua:""Microsoft Edge";v="131", "Chromium";v="131", "Not_A Brand";v="24"", sec-ch-ua-mobile:"?0", accept:"*/*", sec-fetch-site:"same-origin", sec-fetch-mode:"no-cors", sec-fetch-dest:"script", referer:"http://localhost:8081/swagger-ui/index.html", accept-encoding:"gzip, deflate, br, zstd", accept-language:"en-US,en;q=0.9"]] MDC:[traceId=, spanId=]
2025-01-07 16:08:01 [http-nio-8081-exec-3] DEBUG o.s.w.f.CommonsRequestLoggingFilter - Before request [GET /v3/api-docs/swagger-config, headers=[host:"localhost:8081", connection:"keep-alive", sec-ch-ua-platform:""Windows"", user-agent:"Mozilla/5.0 (Windows NT 10.0; Win64; x64) AppleWebKit/537.36 (KHTML, like Gecko) Chrome/131.0.0.0 Safari/537.36 Edg/131.0.0.0", sec-ch-ua:""Microsoft Edge";v="131", "Chromium";v="131", "Not_A Brand";v="24"", sec-ch-ua-mobile:"?0", accept:"*/*", sec-fetch-site:"same-origin", sec-fetch-mode:"cors", sec-fetch-dest:"empty", referer:"http://localhost:8081/swagger-ui/index.html", accept-encoding:"gzip, deflate, br, zstd", accept-language:"en-US,en;q=0.9"]] MDC:[traceId=, spanId=]
2025-01-07 16:08:01 [http-nio-8081-exec-3] DEBUG o.s.w.f.CommonsRequestLoggingFilter - DATA REQUEST: GET /v3/api-docs/swagger-config, headers=[host:"localhost:8081", connection:"keep-alive", sec-ch-ua-platform:""Windows"", user-agent:"Mozilla/5.0 (Windows NT 10.0; Win64; x64) AppleWebKit/537.36 (KHTML, like Gecko) Chrome/131.0.0.0 Safari/537.36 Edg/131.0.0.0", sec-ch-ua:""Microsoft Edge";v="131", "Chromium";v="131", "Not_A Brand";v="24"", sec-ch-ua-mobile:"?0", accept:"*/*", sec-fetch-site:"same-origin", sec-fetch-mode:"cors", sec-fetch-dest:"empty", referer:"http://localhost:8081/swagger-ui/index.html", accept-encoding:"gzip, deflate, br, zstd", accept-language:"en-US,en;q=0.9"]] MDC:[traceId=, spanId=]
2025-01-07 16:08:01 [http-nio-8081-exec-4] DEBUG o.s.w.f.CommonsRequestLoggingFilter - Before request [GET /v3/api-docs, headers=[host:"localhost:8081", connection:"keep-alive", sec-ch-ua-platform:""Windows"", user-agent:"Mozilla/5.0 (Windows NT 10.0; Win64; x64) AppleWebKit/537.36 (KHTML, like Gecko) Chrome/131.0.0.0 Safari/537.36 Edg/131.0.0.0", accept:"application/json,*/*", sec-ch-ua:""Microsoft Edge";v="131", "Chromium";v="131", "Not_A Brand";v="24"", sec-ch-ua-mobile:"?0", sec-fetch-site:"same-origin", sec-fetch-mode:"cors", sec-fetch-dest:"empty", referer:"http://localhost:8081/swagger-ui/index.html", accept-encoding:"gzip, deflate, br, zstd", accept-language:"en-US,en;q=0.9"]] MDC:[traceId=, spanId=]
2025-01-07 16:08:01 [http-nio-8081-exec-4] INFO  o.s.api.AbstractOpenApiResource - Init duration for springdoc-openapi is: 223 ms MDC:[traceId=, spanId=]
2025-01-07 16:08:01 [http-nio-8081-exec-4] DEBUG o.s.w.f.CommonsRequestLoggingFilter - DATA REQUEST: GET /v3/api-docs, headers=[host:"localhost:8081", connection:"keep-alive", sec-ch-ua-platform:""Windows"", user-agent:"Mozilla/5.0 (Windows NT 10.0; Win64; x64) AppleWebKit/537.36 (KHTML, like Gecko) Chrome/131.0.0.0 Safari/537.36 Edg/131.0.0.0", accept:"application/json,*/*", sec-ch-ua:""Microsoft Edge";v="131", "Chromium";v="131", "Not_A Brand";v="24"", sec-ch-ua-mobile:"?0", sec-fetch-site:"same-origin", sec-fetch-mode:"cors", sec-fetch-dest:"empty", referer:"http://localhost:8081/swagger-ui/index.html", accept-encoding:"gzip, deflate, br, zstd", accept-language:"en-US,en;q=0.9"]] MDC:[traceId=, spanId=]
2025-01-07 16:08:10 [http-nio-8081-exec-5] DEBUG o.s.w.f.CommonsRequestLoggingFilter - Before request [POST /category/create, headers=[host:"localhost:8081", connection:"keep-alive", content-length:"145823", sec-ch-ua-platform:""Windows"", user-agent:"Mozilla/5.0 (Windows NT 10.0; Win64; x64) AppleWebKit/537.36 (KHTML, like Gecko) Chrome/131.0.0.0 Safari/537.36 Edg/131.0.0.0", accept:"application/json", sec-ch-ua:""Microsoft Edge";v="131", "Chromium";v="131", "Not_A Brand";v="24"", sec-ch-ua-mobile:"?0", origin:"http://localhost:8081", sec-fetch-site:"same-origin", sec-fetch-mode:"cors", sec-fetch-dest:"empty", referer:"http://localhost:8081/swagger-ui/index.html", accept-encoding:"gzip, deflate, br, zstd", accept-language:"en-US,en;q=0.9", Content-Type:"multipart/form-data;boundary=----WebKitFormBoundaryYGchpsBUzRchTYV5;charset=UTF-8"]] MDC:[traceId=, spanId=]
2025-01-07 16:08:10 [http-nio-8081-exec-5] WARN  o.s.w.s.m.s.DefaultHandlerExceptionResolver - Resolved [org.springframework.web.HttpMediaTypeNotSupportedException: Content-Type 'application/octet-stream' is not supported] MDC:[traceId=, spanId=]
2025-01-07 16:08:10 [http-nio-8081-exec-5] DEBUG o.s.w.f.CommonsRequestLoggingFilter - DATA REQUEST: POST /category/create, headers=[host:"localhost:8081", connection:"keep-alive", content-length:"145823", sec-ch-ua-platform:""Windows"", user-agent:"Mozilla/5.0 (Windows NT 10.0; Win64; x64) AppleWebKit/537.36 (KHTML, like Gecko) Chrome/131.0.0.0 Safari/537.36 Edg/131.0.0.0", accept:"application/json", sec-ch-ua:""Microsoft Edge";v="131", "Chromium";v="131", "Not_A Brand";v="24"", sec-ch-ua-mobile:"?0", origin:"http://localhost:8081", sec-fetch-site:"same-origin", sec-fetch-mode:"cors", sec-fetch-dest:"empty", referer:"http://localhost:8081/swagger-ui/index.html", accept-encoding:"gzip, deflate, br, zstd", accept-language:"en-US,en;q=0.9", Content-Type:"multipart/form-data;boundary=----WebKitFormBoundaryYGchpsBUzRchTYV5;charset=UTF-8"]] MDC:[traceId=, spanId=]
2025-01-07 16:22:20 [http-nio-8081-exec-8] DEBUG o.s.w.f.CommonsRequestLoggingFilter - Before request [POST /category/create, headers=[user-agent:"PostmanRuntime/7.43.0", accept:"*/*", postman-token:"1b5be714-1962-47c8-a3d5-43fed139528a", host:"localhost:8081", accept-encoding:"gzip, deflate, br", connection:"keep-alive", content-length:"145940", Content-Type:"multipart/form-data;boundary=--------------------------948824964834004925774265;charset=UTF-8"]] MDC:[traceId=, spanId=]
2025-01-07 16:22:20 [http-nio-8081-exec-8] DEBUG o.s.w.f.CommonsRequestLoggingFilter - DATA REQUEST: POST /category/create, headers=[user-agent:"PostmanRuntime/7.43.0", accept:"*/*", postman-token:"1b5be714-1962-47c8-a3d5-43fed139528a", host:"localhost:8081", accept-encoding:"gzip, deflate, br", connection:"keep-alive", content-length:"145940", Content-Type:"multipart/form-data;boundary=--------------------------948824964834004925774265;charset=UTF-8"]] MDC:[traceId=, spanId=]
2025-01-07 16:35:25 [SpringApplicationShutdownHook] INFO  o.s.b.w.e.tomcat.GracefulShutdown - Commencing graceful shutdown. Waiting for active requests to complete MDC:[traceId=, spanId=]
2025-01-07 16:35:25 [tomcat-shutdown] INFO  o.s.b.w.e.tomcat.GracefulShutdown - Graceful shutdown complete MDC:[traceId=, spanId=]
2025-01-07 16:35:25 [SpringApplicationShutdownHook] INFO  o.s.o.j.LocalContainerEntityManagerFactoryBean - Closing JPA EntityManagerFactory for persistence unit 'default' MDC:[traceId=, spanId=]
2025-01-07 16:35:25 [SpringApplicationShutdownHook] INFO  com.zaxxer.hikari.HikariDataSource - HikariPool-1 - Shutdown initiated... MDC:[traceId=, spanId=]
2025-01-07 16:35:25 [SpringApplicationShutdownHook] INFO  com.zaxxer.hikari.HikariDataSource - HikariPool-1 - Shutdown completed. MDC:[traceId=, spanId=]
2025-01-07 16:35:31 [main] INFO  o.v.p.ProductManagementServiceApplication - Starting ProductManagementServiceApplication using Java 17.0.2 with PID 30048 (D:\java\Springboot\HyggeEcommerce\ProductManagementService\target\classes started by PC in D:\java\Springboot\HyggeEcommerce) MDC:[traceId=, spanId=]
2025-01-07 16:35:31 [main] INFO  o.v.p.ProductManagementServiceApplication - No active profile set, falling back to 1 default profile: "default" MDC:[traceId=, spanId=]
2025-01-07 16:35:31 [main] INFO  o.s.c.c.c.ConfigServerConfigDataLoader - Fetching config from server at : http://localhost:8888/ MDC:[traceId=, spanId=]
2025-01-07 16:35:31 [main] INFO  o.s.c.c.c.ConfigServerConfigDataLoader - Located environment: name=product-manage-service, profiles=[default], label=null, version=null, state=null MDC:[traceId=, spanId=]
2025-01-07 16:35:32 [main] INFO  o.s.d.r.c.RepositoryConfigurationDelegate - Multiple Spring Data modules found, entering strict repository configuration mode MDC:[traceId=, spanId=]
2025-01-07 16:35:32 [main] INFO  o.s.d.r.c.RepositoryConfigurationDelegate - Bootstrapping Spring Data JPA repositories in DEFAULT mode. MDC:[traceId=, spanId=]
2025-01-07 16:35:32 [main] INFO  o.s.d.r.c.RepositoryConfigurationDelegate - Finished Spring Data repository scanning in 102 ms. Found 1 JPA repository interface. MDC:[traceId=, spanId=]
2025-01-07 16:35:32 [main] INFO  o.s.d.r.c.RepositoryConfigurationDelegate - Multiple Spring Data modules found, entering strict repository configuration mode MDC:[traceId=, spanId=]
2025-01-07 16:35:32 [main] INFO  o.s.d.r.c.RepositoryConfigurationDelegate - Bootstrapping Spring Data Redis repositories in DEFAULT mode. MDC:[traceId=, spanId=]
2025-01-07 16:35:32 [main] INFO  o.s.d.r.c.RepositoryConfigurationExtensionSupport - Spring Data Redis - Could not safely identify store assignment for repository candidate interface org.vdt.productmanagementservice.repositories.CategoryRepository; If you want this repository to be a Redis repository, consider annotating your entities with one of these annotations: org.springframework.data.redis.core.RedisHash (preferred), or consider extending one of the following types with your repository: org.springframework.data.keyvalue.repository.KeyValueRepository MDC:[traceId=, spanId=]
2025-01-07 16:35:32 [main] INFO  o.s.d.r.c.RepositoryConfigurationDelegate - Finished Spring Data repository scanning in 5 ms. Found 0 Redis repository interfaces. MDC:[traceId=, spanId=]
2025-01-07 16:35:32 [main] INFO  o.s.cloud.context.scope.GenericScope - BeanFactory id=1c3a8de3-0f25-3458-8ea2-b52b63c27ffb MDC:[traceId=, spanId=]
2025-01-07 16:35:33 [main] INFO  o.s.b.w.e.tomcat.TomcatWebServer - Tomcat initialized with port 8081 (http) MDC:[traceId=, spanId=]
2025-01-07 16:35:33 [main] INFO  o.a.coyote.http11.Http11NioProtocol - Initializing ProtocolHandler ["http-nio-8081"] MDC:[traceId=, spanId=]
2025-01-07 16:35:33 [main] INFO  o.a.catalina.core.StandardService - Starting service [Tomcat] MDC:[traceId=, spanId=]
2025-01-07 16:35:33 [main] INFO  o.a.catalina.core.StandardEngine - Starting Servlet engine: [Apache Tomcat/10.1.34] MDC:[traceId=, spanId=]
2025-01-07 16:35:33 [main] INFO  o.a.c.c.C.[Tomcat].[localhost].[/] - Initializing Spring embedded WebApplicationContext MDC:[traceId=, spanId=]
2025-01-07 16:35:33 [main] INFO  o.s.b.w.s.c.ServletWebServerApplicationContext - Root WebApplicationContext: initialization completed in 1429 ms MDC:[traceId=, spanId=]
2025-01-07 16:35:33 [main] DEBUG o.s.w.f.CommonsRequestLoggingFilter - Filter 'requestLoggingFilter' configured for use MDC:[traceId=, spanId=]
2025-01-07 16:35:33 [main] INFO  o.s.o.j.p.SpringPersistenceUnitInfo - No LoadTimeWeaver setup: ignoring JPA class transformer MDC:[traceId=, spanId=]
2025-01-07 16:35:33 [main] INFO  com.zaxxer.hikari.HikariDataSource - HikariPool-1 - Starting... MDC:[traceId=, spanId=]
2025-01-07 16:35:34 [main] INFO  com.zaxxer.hikari.pool.HikariPool - HikariPool-1 - Added connection com.mysql.cj.jdbc.ConnectionImpl@27b7e663 MDC:[traceId=, spanId=]
2025-01-07 16:35:34 [main] INFO  com.zaxxer.hikari.HikariDataSource - HikariPool-1 - Start completed. MDC:[traceId=, spanId=]
2025-01-07 16:35:35 [main] INFO  o.s.o.j.LocalContainerEntityManagerFactoryBean - Initialized JPA EntityManagerFactory for persistence unit 'default' MDC:[traceId=, spanId=]
2025-01-07 16:35:35 [main] WARN  o.s.b.a.o.j.JpaBaseConfiguration$JpaWebConfiguration - spring.jpa.open-in-view is enabled by default. Therefore, database queries may be performed during view rendering. Explicitly configure spring.jpa.open-in-view to disable this warning MDC:[traceId=, spanId=]
2025-01-07 16:35:36 [main] INFO  o.a.coyote.http11.Http11NioProtocol - Starting ProtocolHandler ["http-nio-8081"] MDC:[traceId=, spanId=]
2025-01-07 16:35:36 [main] INFO  o.s.b.w.e.tomcat.TomcatWebServer - Tomcat started on port 8081 (http) with context path '/' MDC:[traceId=, spanId=]
2025-01-07 16:35:36 [main] INFO  o.v.p.ProductManagementServiceApplication - Started ProductManagementServiceApplication in 5.794 seconds (process running for 6.55) MDC:[traceId=, spanId=]
2025-01-07 16:35:40 [http-nio-8081-exec-1] INFO  o.a.c.c.C.[Tomcat].[localhost].[/] - Initializing Spring DispatcherServlet 'dispatcherServlet' MDC:[traceId=, spanId=]
2025-01-07 16:35:40 [http-nio-8081-exec-1] INFO  o.s.web.servlet.DispatcherServlet - Initializing Servlet 'dispatcherServlet' MDC:[traceId=, spanId=]
2025-01-07 16:35:40 [http-nio-8081-exec-1] INFO  o.s.web.servlet.DispatcherServlet - Completed initialization in 0 ms MDC:[traceId=, spanId=]
2025-01-07 16:35:40 [http-nio-8081-exec-1] DEBUG o.s.w.f.CommonsRequestLoggingFilter - Before request [GET /swagger-ui/index.html, headers=[host:"localhost:8081", connection:"keep-alive", cache-control:"max-age=0", sec-ch-ua:""Microsoft Edge";v="131", "Chromium";v="131", "Not_A Brand";v="24"", sec-ch-ua-mobile:"?0", sec-ch-ua-platform:""Windows"", upgrade-insecure-requests:"1", user-agent:"Mozilla/5.0 (Windows NT 10.0; Win64; x64) AppleWebKit/537.36 (KHTML, like Gecko) Chrome/131.0.0.0 Safari/537.36 Edg/131.0.0.0", accept:"text/html,application/xhtml+xml,application/xml;q=0.9,image/avif,image/webp,image/apng,*/*;q=0.8,application/signed-exchange;v=b3;q=0.7", sec-fetch-site:"same-origin", sec-fetch-mode:"navigate", sec-fetch-user:"?1", sec-fetch-dest:"document", accept-encoding:"gzip, deflate, br, zstd", accept-language:"en-US,en;q=0.9", if-modified-since:"Fri, 31 Mar 2023 14:44:14 GMT"]] MDC:[traceId=, spanId=]
2025-01-07 16:35:40 [http-nio-8081-exec-1] DEBUG o.s.w.f.CommonsRequestLoggingFilter - DATA REQUEST: GET /swagger-ui/index.html, headers=[host:"localhost:8081", connection:"keep-alive", cache-control:"max-age=0", sec-ch-ua:""Microsoft Edge";v="131", "Chromium";v="131", "Not_A Brand";v="24"", sec-ch-ua-mobile:"?0", sec-ch-ua-platform:""Windows"", upgrade-insecure-requests:"1", user-agent:"Mozilla/5.0 (Windows NT 10.0; Win64; x64) AppleWebKit/537.36 (KHTML, like Gecko) Chrome/131.0.0.0 Safari/537.36 Edg/131.0.0.0", accept:"text/html,application/xhtml+xml,application/xml;q=0.9,image/avif,image/webp,image/apng,*/*;q=0.8,application/signed-exchange;v=b3;q=0.7", sec-fetch-site:"same-origin", sec-fetch-mode:"navigate", sec-fetch-user:"?1", sec-fetch-dest:"document", accept-encoding:"gzip, deflate, br, zstd", accept-language:"en-US,en;q=0.9", if-modified-since:"Fri, 31 Mar 2023 14:44:14 GMT"]] MDC:[traceId=, spanId=]
2025-01-07 16:35:41 [http-nio-8081-exec-4] DEBUG o.s.w.f.CommonsRequestLoggingFilter - Before request [GET /swagger-ui/swagger-initializer.js, headers=[host:"localhost:8081", connection:"keep-alive", sec-ch-ua-platform:""Windows"", user-agent:"Mozilla/5.0 (Windows NT 10.0; Win64; x64) AppleWebKit/537.36 (KHTML, like Gecko) Chrome/131.0.0.0 Safari/537.36 Edg/131.0.0.0", sec-ch-ua:""Microsoft Edge";v="131", "Chromium";v="131", "Not_A Brand";v="24"", sec-ch-ua-mobile:"?0", accept:"*/*", sec-fetch-site:"same-origin", sec-fetch-mode:"no-cors", sec-fetch-dest:"script", referer:"http://localhost:8081/swagger-ui/index.html", accept-encoding:"gzip, deflate, br, zstd", accept-language:"en-US,en;q=0.9"]] MDC:[traceId=, spanId=]
2025-01-07 16:35:41 [http-nio-8081-exec-4] DEBUG o.s.w.f.CommonsRequestLoggingFilter - DATA REQUEST: GET /swagger-ui/swagger-initializer.js, headers=[host:"localhost:8081", connection:"keep-alive", sec-ch-ua-platform:""Windows"", user-agent:"Mozilla/5.0 (Windows NT 10.0; Win64; x64) AppleWebKit/537.36 (KHTML, like Gecko) Chrome/131.0.0.0 Safari/537.36 Edg/131.0.0.0", sec-ch-ua:""Microsoft Edge";v="131", "Chromium";v="131", "Not_A Brand";v="24"", sec-ch-ua-mobile:"?0", accept:"*/*", sec-fetch-site:"same-origin", sec-fetch-mode:"no-cors", sec-fetch-dest:"script", referer:"http://localhost:8081/swagger-ui/index.html", accept-encoding:"gzip, deflate, br, zstd", accept-language:"en-US,en;q=0.9"]] MDC:[traceId=, spanId=]
2025-01-07 16:35:41 [http-nio-8081-exec-3] DEBUG o.s.w.f.CommonsRequestLoggingFilter - Before request [GET /v3/api-docs/swagger-config, headers=[host:"localhost:8081", connection:"keep-alive", sec-ch-ua-platform:""Windows"", user-agent:"Mozilla/5.0 (Windows NT 10.0; Win64; x64) AppleWebKit/537.36 (KHTML, like Gecko) Chrome/131.0.0.0 Safari/537.36 Edg/131.0.0.0", sec-ch-ua:""Microsoft Edge";v="131", "Chromium";v="131", "Not_A Brand";v="24"", sec-ch-ua-mobile:"?0", accept:"*/*", sec-fetch-site:"same-origin", sec-fetch-mode:"cors", sec-fetch-dest:"empty", referer:"http://localhost:8081/swagger-ui/index.html", accept-encoding:"gzip, deflate, br, zstd", accept-language:"en-US,en;q=0.9"]] MDC:[traceId=, spanId=]
2025-01-07 16:35:41 [http-nio-8081-exec-3] DEBUG o.s.w.f.CommonsRequestLoggingFilter - DATA REQUEST: GET /v3/api-docs/swagger-config, headers=[host:"localhost:8081", connection:"keep-alive", sec-ch-ua-platform:""Windows"", user-agent:"Mozilla/5.0 (Windows NT 10.0; Win64; x64) AppleWebKit/537.36 (KHTML, like Gecko) Chrome/131.0.0.0 Safari/537.36 Edg/131.0.0.0", sec-ch-ua:""Microsoft Edge";v="131", "Chromium";v="131", "Not_A Brand";v="24"", sec-ch-ua-mobile:"?0", accept:"*/*", sec-fetch-site:"same-origin", sec-fetch-mode:"cors", sec-fetch-dest:"empty", referer:"http://localhost:8081/swagger-ui/index.html", accept-encoding:"gzip, deflate, br, zstd", accept-language:"en-US,en;q=0.9"]] MDC:[traceId=, spanId=]
2025-01-07 16:35:41 [http-nio-8081-exec-2] DEBUG o.s.w.f.CommonsRequestLoggingFilter - Before request [GET /v3/api-docs, headers=[host:"localhost:8081", connection:"keep-alive", sec-ch-ua-platform:""Windows"", user-agent:"Mozilla/5.0 (Windows NT 10.0; Win64; x64) AppleWebKit/537.36 (KHTML, like Gecko) Chrome/131.0.0.0 Safari/537.36 Edg/131.0.0.0", accept:"application/json,*/*", sec-ch-ua:""Microsoft Edge";v="131", "Chromium";v="131", "Not_A Brand";v="24"", sec-ch-ua-mobile:"?0", sec-fetch-site:"same-origin", sec-fetch-mode:"cors", sec-fetch-dest:"empty", referer:"http://localhost:8081/swagger-ui/index.html", accept-encoding:"gzip, deflate, br, zstd", accept-language:"en-US,en;q=0.9"]] MDC:[traceId=, spanId=]
2025-01-07 16:35:41 [http-nio-8081-exec-2] INFO  o.s.api.AbstractOpenApiResource - Init duration for springdoc-openapi is: 233 ms MDC:[traceId=, spanId=]
2025-01-07 16:35:41 [http-nio-8081-exec-2] DEBUG o.s.w.f.CommonsRequestLoggingFilter - DATA REQUEST: GET /v3/api-docs, headers=[host:"localhost:8081", connection:"keep-alive", sec-ch-ua-platform:""Windows"", user-agent:"Mozilla/5.0 (Windows NT 10.0; Win64; x64) AppleWebKit/537.36 (KHTML, like Gecko) Chrome/131.0.0.0 Safari/537.36 Edg/131.0.0.0", accept:"application/json,*/*", sec-ch-ua:""Microsoft Edge";v="131", "Chromium";v="131", "Not_A Brand";v="24"", sec-ch-ua-mobile:"?0", sec-fetch-site:"same-origin", sec-fetch-mode:"cors", sec-fetch-dest:"empty", referer:"http://localhost:8081/swagger-ui/index.html", accept-encoding:"gzip, deflate, br, zstd", accept-language:"en-US,en;q=0.9"]] MDC:[traceId=, spanId=]
2025-01-07 16:35:53 [http-nio-8081-exec-5] DEBUG o.s.w.f.CommonsRequestLoggingFilter - Before request [POST /category/create, headers=[host:"localhost:8081", connection:"keep-alive", content-length:"145823", sec-ch-ua-platform:""Windows"", user-agent:"Mozilla/5.0 (Windows NT 10.0; Win64; x64) AppleWebKit/537.36 (KHTML, like Gecko) Chrome/131.0.0.0 Safari/537.36 Edg/131.0.0.0", accept:"application/json", sec-ch-ua:""Microsoft Edge";v="131", "Chromium";v="131", "Not_A Brand";v="24"", sec-ch-ua-mobile:"?0", origin:"http://localhost:8081", sec-fetch-site:"same-origin", sec-fetch-mode:"cors", sec-fetch-dest:"empty", referer:"http://localhost:8081/swagger-ui/index.html", accept-encoding:"gzip, deflate, br, zstd", accept-language:"en-US,en;q=0.9", Content-Type:"multipart/form-data;boundary=----WebKitFormBoundaryWFxx9DHTTpAF8x6N;charset=UTF-8"]] MDC:[traceId=, spanId=]
2025-01-07 16:35:53 [http-nio-8081-exec-5] WARN  o.s.w.s.m.s.DefaultHandlerExceptionResolver - Resolved [org.springframework.web.HttpMediaTypeNotSupportedException: Content-Type 'application/octet-stream' is not supported] MDC:[traceId=, spanId=]
2025-01-07 16:35:53 [http-nio-8081-exec-5] DEBUG o.s.w.f.CommonsRequestLoggingFilter - DATA REQUEST: POST /category/create, headers=[host:"localhost:8081", connection:"keep-alive", content-length:"145823", sec-ch-ua-platform:""Windows"", user-agent:"Mozilla/5.0 (Windows NT 10.0; Win64; x64) AppleWebKit/537.36 (KHTML, like Gecko) Chrome/131.0.0.0 Safari/537.36 Edg/131.0.0.0", accept:"application/json", sec-ch-ua:""Microsoft Edge";v="131", "Chromium";v="131", "Not_A Brand";v="24"", sec-ch-ua-mobile:"?0", origin:"http://localhost:8081", sec-fetch-site:"same-origin", sec-fetch-mode:"cors", sec-fetch-dest:"empty", referer:"http://localhost:8081/swagger-ui/index.html", accept-encoding:"gzip, deflate, br, zstd", accept-language:"en-US,en;q=0.9", Content-Type:"multipart/form-data;boundary=----WebKitFormBoundaryWFxx9DHTTpAF8x6N;charset=UTF-8"]] MDC:[traceId=, spanId=]
2025-01-07 16:38:25 [SpringApplicationShutdownHook] INFO  o.s.b.w.e.tomcat.GracefulShutdown - Commencing graceful shutdown. Waiting for active requests to complete MDC:[traceId=, spanId=]
2025-01-07 16:38:25 [tomcat-shutdown] INFO  o.s.b.w.e.tomcat.GracefulShutdown - Graceful shutdown complete MDC:[traceId=, spanId=]
2025-01-07 16:38:25 [SpringApplicationShutdownHook] INFO  o.s.o.j.LocalContainerEntityManagerFactoryBean - Closing JPA EntityManagerFactory for persistence unit 'default' MDC:[traceId=, spanId=]
2025-01-07 16:38:25 [SpringApplicationShutdownHook] INFO  com.zaxxer.hikari.HikariDataSource - HikariPool-1 - Shutdown initiated... MDC:[traceId=, spanId=]
2025-01-07 16:38:25 [SpringApplicationShutdownHook] INFO  com.zaxxer.hikari.HikariDataSource - HikariPool-1 - Shutdown completed. MDC:[traceId=, spanId=]
2025-01-07 16:38:30 [main] INFO  o.v.p.ProductManagementServiceApplication - Starting ProductManagementServiceApplication using Java 17.0.2 with PID 29348 (D:\java\Springboot\HyggeEcommerce\ProductManagementService\target\classes started by PC in D:\java\Springboot\HyggeEcommerce) MDC:[traceId=, spanId=]
2025-01-07 16:38:30 [main] INFO  o.v.p.ProductManagementServiceApplication - No active profile set, falling back to 1 default profile: "default" MDC:[traceId=, spanId=]
2025-01-07 16:38:30 [main] INFO  o.s.c.c.c.ConfigServerConfigDataLoader - Fetching config from server at : http://localhost:8888/ MDC:[traceId=, spanId=]
2025-01-07 16:38:30 [main] INFO  o.s.c.c.c.ConfigServerConfigDataLoader - Located environment: name=product-manage-service, profiles=[default], label=null, version=null, state=null MDC:[traceId=, spanId=]
2025-01-07 16:38:30 [main] INFO  o.s.d.r.c.RepositoryConfigurationDelegate - Multiple Spring Data modules found, entering strict repository configuration mode MDC:[traceId=, spanId=]
2025-01-07 16:38:30 [main] INFO  o.s.d.r.c.RepositoryConfigurationDelegate - Bootstrapping Spring Data JPA repositories in DEFAULT mode. MDC:[traceId=, spanId=]
2025-01-07 16:38:31 [main] INFO  o.s.d.r.c.RepositoryConfigurationDelegate - Finished Spring Data repository scanning in 95 ms. Found 1 JPA repository interface. MDC:[traceId=, spanId=]
2025-01-07 16:38:31 [main] INFO  o.s.d.r.c.RepositoryConfigurationDelegate - Multiple Spring Data modules found, entering strict repository configuration mode MDC:[traceId=, spanId=]
2025-01-07 16:38:31 [main] INFO  o.s.d.r.c.RepositoryConfigurationDelegate - Bootstrapping Spring Data Redis repositories in DEFAULT mode. MDC:[traceId=, spanId=]
2025-01-07 16:38:31 [main] INFO  o.s.d.r.c.RepositoryConfigurationExtensionSupport - Spring Data Redis - Could not safely identify store assignment for repository candidate interface org.vdt.productmanagementservice.repositories.CategoryRepository; If you want this repository to be a Redis repository, consider annotating your entities with one of these annotations: org.springframework.data.redis.core.RedisHash (preferred), or consider extending one of the following types with your repository: org.springframework.data.keyvalue.repository.KeyValueRepository MDC:[traceId=, spanId=]
2025-01-07 16:38:31 [main] INFO  o.s.d.r.c.RepositoryConfigurationDelegate - Finished Spring Data repository scanning in 5 ms. Found 0 Redis repository interfaces. MDC:[traceId=, spanId=]
2025-01-07 16:38:31 [main] INFO  o.s.cloud.context.scope.GenericScope - BeanFactory id=1c3a8de3-0f25-3458-8ea2-b52b63c27ffb MDC:[traceId=, spanId=]
2025-01-07 16:38:31 [main] INFO  o.s.b.w.e.tomcat.TomcatWebServer - Tomcat initialized with port 8081 (http) MDC:[traceId=, spanId=]
2025-01-07 16:38:31 [main] INFO  o.a.coyote.http11.Http11NioProtocol - Initializing ProtocolHandler ["http-nio-8081"] MDC:[traceId=, spanId=]
2025-01-07 16:38:31 [main] INFO  o.a.catalina.core.StandardService - Starting service [Tomcat] MDC:[traceId=, spanId=]
2025-01-07 16:38:31 [main] INFO  o.a.catalina.core.StandardEngine - Starting Servlet engine: [Apache Tomcat/10.1.34] MDC:[traceId=, spanId=]
2025-01-07 16:38:31 [main] INFO  o.a.c.c.C.[Tomcat].[localhost].[/] - Initializing Spring embedded WebApplicationContext MDC:[traceId=, spanId=]
2025-01-07 16:38:31 [main] INFO  o.s.b.w.s.c.ServletWebServerApplicationContext - Root WebApplicationContext: initialization completed in 1296 ms MDC:[traceId=, spanId=]
2025-01-07 16:38:31 [main] DEBUG o.s.w.f.CommonsRequestLoggingFilter - Filter 'requestLoggingFilter' configured for use MDC:[traceId=, spanId=]
2025-01-07 16:38:32 [main] INFO  o.s.o.j.p.SpringPersistenceUnitInfo - No LoadTimeWeaver setup: ignoring JPA class transformer MDC:[traceId=, spanId=]
2025-01-07 16:38:32 [main] INFO  com.zaxxer.hikari.HikariDataSource - HikariPool-1 - Starting... MDC:[traceId=, spanId=]
2025-01-07 16:38:32 [main] INFO  com.zaxxer.hikari.pool.HikariPool - HikariPool-1 - Added connection com.mysql.cj.jdbc.ConnectionImpl@4feaa4b8 MDC:[traceId=, spanId=]
2025-01-07 16:38:32 [main] INFO  com.zaxxer.hikari.HikariDataSource - HikariPool-1 - Start completed. MDC:[traceId=, spanId=]
2025-01-07 16:38:33 [main] INFO  o.s.o.j.LocalContainerEntityManagerFactoryBean - Initialized JPA EntityManagerFactory for persistence unit 'default' MDC:[traceId=, spanId=]
2025-01-07 16:38:33 [main] WARN  o.s.b.a.o.j.JpaBaseConfiguration$JpaWebConfiguration - spring.jpa.open-in-view is enabled by default. Therefore, database queries may be performed during view rendering. Explicitly configure spring.jpa.open-in-view to disable this warning MDC:[traceId=, spanId=]
2025-01-07 16:38:34 [main] INFO  o.a.coyote.http11.Http11NioProtocol - Starting ProtocolHandler ["http-nio-8081"] MDC:[traceId=, spanId=]
2025-01-07 16:38:34 [main] INFO  o.s.b.w.e.tomcat.TomcatWebServer - Tomcat started on port 8081 (http) with context path '/' MDC:[traceId=, spanId=]
2025-01-07 16:38:34 [main] INFO  o.v.p.ProductManagementServiceApplication - Started ProductManagementServiceApplication in 5.264 seconds (process running for 6.023) MDC:[traceId=, spanId=]
2025-01-07 16:52:57 [http-nio-8081-exec-1] INFO  o.a.c.c.C.[Tomcat].[localhost].[/] - Initializing Spring DispatcherServlet 'dispatcherServlet' MDC:[traceId=, spanId=]
2025-01-07 16:52:57 [http-nio-8081-exec-1] INFO  o.s.web.servlet.DispatcherServlet - Initializing Servlet 'dispatcherServlet' MDC:[traceId=, spanId=]
2025-01-07 16:52:57 [http-nio-8081-exec-1] INFO  o.s.web.servlet.DispatcherServlet - Completed initialization in 1 ms MDC:[traceId=, spanId=]
2025-01-07 16:52:57 [http-nio-8081-exec-1] DEBUG o.s.w.f.CommonsRequestLoggingFilter - Before request [GET /swagger-ui/index.html, headers=[host:"localhost:8081", connection:"keep-alive", cache-control:"max-age=0", sec-ch-ua:""Microsoft Edge";v="131", "Chromium";v="131", "Not_A Brand";v="24"", sec-ch-ua-mobile:"?0", sec-ch-ua-platform:""Windows"", upgrade-insecure-requests:"1", user-agent:"Mozilla/5.0 (Windows NT 10.0; Win64; x64) AppleWebKit/537.36 (KHTML, like Gecko) Chrome/131.0.0.0 Safari/537.36 Edg/131.0.0.0", accept:"text/html,application/xhtml+xml,application/xml;q=0.9,image/avif,image/webp,image/apng,*/*;q=0.8,application/signed-exchange;v=b3;q=0.7", sec-fetch-site:"same-origin", sec-fetch-mode:"navigate", sec-fetch-user:"?1", sec-fetch-dest:"document", accept-encoding:"gzip, deflate, br, zstd", accept-language:"en-US,en;q=0.9", if-modified-since:"Fri, 31 Mar 2023 14:44:14 GMT"]] MDC:[traceId=, spanId=]
2025-01-07 16:52:57 [http-nio-8081-exec-1] DEBUG o.s.w.f.CommonsRequestLoggingFilter - DATA REQUEST: GET /swagger-ui/index.html, headers=[host:"localhost:8081", connection:"keep-alive", cache-control:"max-age=0", sec-ch-ua:""Microsoft Edge";v="131", "Chromium";v="131", "Not_A Brand";v="24"", sec-ch-ua-mobile:"?0", sec-ch-ua-platform:""Windows"", upgrade-insecure-requests:"1", user-agent:"Mozilla/5.0 (Windows NT 10.0; Win64; x64) AppleWebKit/537.36 (KHTML, like Gecko) Chrome/131.0.0.0 Safari/537.36 Edg/131.0.0.0", accept:"text/html,application/xhtml+xml,application/xml;q=0.9,image/avif,image/webp,image/apng,*/*;q=0.8,application/signed-exchange;v=b3;q=0.7", sec-fetch-site:"same-origin", sec-fetch-mode:"navigate", sec-fetch-user:"?1", sec-fetch-dest:"document", accept-encoding:"gzip, deflate, br, zstd", accept-language:"en-US,en;q=0.9", if-modified-since:"Fri, 31 Mar 2023 14:44:14 GMT"]] MDC:[traceId=, spanId=]
2025-01-07 16:52:57 [http-nio-8081-exec-6] DEBUG o.s.w.f.CommonsRequestLoggingFilter - Before request [GET /swagger-ui/swagger-initializer.js, headers=[host:"localhost:8081", connection:"keep-alive", sec-ch-ua-platform:""Windows"", user-agent:"Mozilla/5.0 (Windows NT 10.0; Win64; x64) AppleWebKit/537.36 (KHTML, like Gecko) Chrome/131.0.0.0 Safari/537.36 Edg/131.0.0.0", sec-ch-ua:""Microsoft Edge";v="131", "Chromium";v="131", "Not_A Brand";v="24"", sec-ch-ua-mobile:"?0", accept:"*/*", sec-fetch-site:"same-origin", sec-fetch-mode:"no-cors", sec-fetch-dest:"script", referer:"http://localhost:8081/swagger-ui/index.html", accept-encoding:"gzip, deflate, br, zstd", accept-language:"en-US,en;q=0.9"]] MDC:[traceId=, spanId=]
2025-01-07 16:52:57 [http-nio-8081-exec-6] DEBUG o.s.w.f.CommonsRequestLoggingFilter - DATA REQUEST: GET /swagger-ui/swagger-initializer.js, headers=[host:"localhost:8081", connection:"keep-alive", sec-ch-ua-platform:""Windows"", user-agent:"Mozilla/5.0 (Windows NT 10.0; Win64; x64) AppleWebKit/537.36 (KHTML, like Gecko) Chrome/131.0.0.0 Safari/537.36 Edg/131.0.0.0", sec-ch-ua:""Microsoft Edge";v="131", "Chromium";v="131", "Not_A Brand";v="24"", sec-ch-ua-mobile:"?0", accept:"*/*", sec-fetch-site:"same-origin", sec-fetch-mode:"no-cors", sec-fetch-dest:"script", referer:"http://localhost:8081/swagger-ui/index.html", accept-encoding:"gzip, deflate, br, zstd", accept-language:"en-US,en;q=0.9"]] MDC:[traceId=, spanId=]
2025-01-07 16:52:57 [http-nio-8081-exec-3] DEBUG o.s.w.f.CommonsRequestLoggingFilter - Before request [GET /v3/api-docs/swagger-config, headers=[host:"localhost:8081", connection:"keep-alive", sec-ch-ua-platform:""Windows"", user-agent:"Mozilla/5.0 (Windows NT 10.0; Win64; x64) AppleWebKit/537.36 (KHTML, like Gecko) Chrome/131.0.0.0 Safari/537.36 Edg/131.0.0.0", sec-ch-ua:""Microsoft Edge";v="131", "Chromium";v="131", "Not_A Brand";v="24"", sec-ch-ua-mobile:"?0", accept:"*/*", sec-fetch-site:"same-origin", sec-fetch-mode:"cors", sec-fetch-dest:"empty", referer:"http://localhost:8081/swagger-ui/index.html", accept-encoding:"gzip, deflate, br, zstd", accept-language:"en-US,en;q=0.9"]] MDC:[traceId=, spanId=]
2025-01-07 16:52:57 [http-nio-8081-exec-3] DEBUG o.s.w.f.CommonsRequestLoggingFilter - DATA REQUEST: GET /v3/api-docs/swagger-config, headers=[host:"localhost:8081", connection:"keep-alive", sec-ch-ua-platform:""Windows"", user-agent:"Mozilla/5.0 (Windows NT 10.0; Win64; x64) AppleWebKit/537.36 (KHTML, like Gecko) Chrome/131.0.0.0 Safari/537.36 Edg/131.0.0.0", sec-ch-ua:""Microsoft Edge";v="131", "Chromium";v="131", "Not_A Brand";v="24"", sec-ch-ua-mobile:"?0", accept:"*/*", sec-fetch-site:"same-origin", sec-fetch-mode:"cors", sec-fetch-dest:"empty", referer:"http://localhost:8081/swagger-ui/index.html", accept-encoding:"gzip, deflate, br, zstd", accept-language:"en-US,en;q=0.9"]] MDC:[traceId=, spanId=]
2025-01-07 16:52:57 [http-nio-8081-exec-4] DEBUG o.s.w.f.CommonsRequestLoggingFilter - Before request [GET /v3/api-docs, headers=[host:"localhost:8081", connection:"keep-alive", sec-ch-ua-platform:""Windows"", user-agent:"Mozilla/5.0 (Windows NT 10.0; Win64; x64) AppleWebKit/537.36 (KHTML, like Gecko) Chrome/131.0.0.0 Safari/537.36 Edg/131.0.0.0", accept:"application/json,*/*", sec-ch-ua:""Microsoft Edge";v="131", "Chromium";v="131", "Not_A Brand";v="24"", sec-ch-ua-mobile:"?0", sec-fetch-site:"same-origin", sec-fetch-mode:"cors", sec-fetch-dest:"empty", referer:"http://localhost:8081/swagger-ui/index.html", accept-encoding:"gzip, deflate, br, zstd", accept-language:"en-US,en;q=0.9"]] MDC:[traceId=, spanId=]
2025-01-07 16:52:58 [http-nio-8081-exec-4] INFO  o.s.api.AbstractOpenApiResource - Init duration for springdoc-openapi is: 277 ms MDC:[traceId=, spanId=]
2025-01-07 16:52:58 [http-nio-8081-exec-4] DEBUG o.s.w.f.CommonsRequestLoggingFilter - DATA REQUEST: GET /v3/api-docs, headers=[host:"localhost:8081", connection:"keep-alive", sec-ch-ua-platform:""Windows"", user-agent:"Mozilla/5.0 (Windows NT 10.0; Win64; x64) AppleWebKit/537.36 (KHTML, like Gecko) Chrome/131.0.0.0 Safari/537.36 Edg/131.0.0.0", accept:"application/json,*/*", sec-ch-ua:""Microsoft Edge";v="131", "Chromium";v="131", "Not_A Brand";v="24"", sec-ch-ua-mobile:"?0", sec-fetch-site:"same-origin", sec-fetch-mode:"cors", sec-fetch-dest:"empty", referer:"http://localhost:8081/swagger-ui/index.html", accept-encoding:"gzip, deflate, br, zstd", accept-language:"en-US,en;q=0.9"]] MDC:[traceId=, spanId=]
2025-01-07 16:53:01 [HikariPool-1 housekeeper] WARN  com.zaxxer.hikari.pool.HikariPool - HikariPool-1 - Thread starvation or clock leap detected (housekeeper delta=3m58s816ms576µs700ns). MDC:[traceId=, spanId=]
2025-01-07 16:53:05 [http-nio-8081-exec-7] DEBUG o.s.w.f.CommonsRequestLoggingFilter - Before request [POST /category/create, headers=[host:"localhost:8081", connection:"keep-alive", content-length:"145823", sec-ch-ua-platform:""Windows"", user-agent:"Mozilla/5.0 (Windows NT 10.0; Win64; x64) AppleWebKit/537.36 (KHTML, like Gecko) Chrome/131.0.0.0 Safari/537.36 Edg/131.0.0.0", accept:"application/json", sec-ch-ua:""Microsoft Edge";v="131", "Chromium";v="131", "Not_A Brand";v="24"", sec-ch-ua-mobile:"?0", origin:"http://localhost:8081", sec-fetch-site:"same-origin", sec-fetch-mode:"cors", sec-fetch-dest:"empty", referer:"http://localhost:8081/swagger-ui/index.html", accept-encoding:"gzip, deflate, br, zstd", accept-language:"en-US,en;q=0.9", Content-Type:"multipart/form-data;boundary=----WebKitFormBoundary1pkKfmMBltI6lBIC;charset=UTF-8"]] MDC:[traceId=, spanId=]
2025-01-07 16:53:05 [http-nio-8081-exec-7] WARN  o.s.w.s.m.s.DefaultHandlerExceptionResolver - Resolved [org.springframework.web.HttpMediaTypeNotSupportedException: Content-Type 'application/octet-stream' is not supported] MDC:[traceId=, spanId=]
2025-01-07 16:53:05 [http-nio-8081-exec-7] DEBUG o.s.w.f.CommonsRequestLoggingFilter - DATA REQUEST: POST /category/create, headers=[host:"localhost:8081", connection:"keep-alive", content-length:"145823", sec-ch-ua-platform:""Windows"", user-agent:"Mozilla/5.0 (Windows NT 10.0; Win64; x64) AppleWebKit/537.36 (KHTML, like Gecko) Chrome/131.0.0.0 Safari/537.36 Edg/131.0.0.0", accept:"application/json", sec-ch-ua:""Microsoft Edge";v="131", "Chromium";v="131", "Not_A Brand";v="24"", sec-ch-ua-mobile:"?0", origin:"http://localhost:8081", sec-fetch-site:"same-origin", sec-fetch-mode:"cors", sec-fetch-dest:"empty", referer:"http://localhost:8081/swagger-ui/index.html", accept-encoding:"gzip, deflate, br, zstd", accept-language:"en-US,en;q=0.9", Content-Type:"multipart/form-data;boundary=----WebKitFormBoundary1pkKfmMBltI6lBIC;charset=UTF-8"]] MDC:[traceId=, spanId=]
2025-01-07 16:53:07 [http-nio-8081-exec-8] DEBUG o.s.w.f.CommonsRequestLoggingFilter - Before request [POST /category/create, headers=[host:"localhost:8081", connection:"keep-alive", content-length:"145823", sec-ch-ua-platform:""Windows"", user-agent:"Mozilla/5.0 (Windows NT 10.0; Win64; x64) AppleWebKit/537.36 (KHTML, like Gecko) Chrome/131.0.0.0 Safari/537.36 Edg/131.0.0.0", accept:"application/json", sec-ch-ua:""Microsoft Edge";v="131", "Chromium";v="131", "Not_A Brand";v="24"", sec-ch-ua-mobile:"?0", origin:"http://localhost:8081", sec-fetch-site:"same-origin", sec-fetch-mode:"cors", sec-fetch-dest:"empty", referer:"http://localhost:8081/swagger-ui/index.html", accept-encoding:"gzip, deflate, br, zstd", accept-language:"en-US,en;q=0.9", Content-Type:"multipart/form-data;boundary=----WebKitFormBoundaryInbUfuFTom5y3smo;charset=UTF-8"]] MDC:[traceId=, spanId=]
2025-01-07 16:53:07 [http-nio-8081-exec-8] WARN  o.s.w.s.m.s.DefaultHandlerExceptionResolver - Resolved [org.springframework.web.HttpMediaTypeNotSupportedException: Content-Type 'application/octet-stream' is not supported] MDC:[traceId=, spanId=]
2025-01-07 16:53:07 [http-nio-8081-exec-8] DEBUG o.s.w.f.CommonsRequestLoggingFilter - DATA REQUEST: POST /category/create, headers=[host:"localhost:8081", connection:"keep-alive", content-length:"145823", sec-ch-ua-platform:""Windows"", user-agent:"Mozilla/5.0 (Windows NT 10.0; Win64; x64) AppleWebKit/537.36 (KHTML, like Gecko) Chrome/131.0.0.0 Safari/537.36 Edg/131.0.0.0", accept:"application/json", sec-ch-ua:""Microsoft Edge";v="131", "Chromium";v="131", "Not_A Brand";v="24"", sec-ch-ua-mobile:"?0", origin:"http://localhost:8081", sec-fetch-site:"same-origin", sec-fetch-mode:"cors", sec-fetch-dest:"empty", referer:"http://localhost:8081/swagger-ui/index.html", accept-encoding:"gzip, deflate, br, zstd", accept-language:"en-US,en;q=0.9", Content-Type:"multipart/form-data;boundary=----WebKitFormBoundaryInbUfuFTom5y3smo;charset=UTF-8"]] MDC:[traceId=, spanId=]
2025-01-07 16:59:07 [http-nio-8081-exec-10] DEBUG o.s.w.f.CommonsRequestLoggingFilter - Before request [GET /swagger-ui/index.html, headers=[host:"localhost:8081", connection:"keep-alive", cache-control:"max-age=0", sec-ch-ua:""Microsoft Edge";v="131", "Chromium";v="131", "Not_A Brand";v="24"", sec-ch-ua-mobile:"?0", sec-ch-ua-platform:""Windows"", upgrade-insecure-requests:"1", user-agent:"Mozilla/5.0 (Windows NT 10.0; Win64; x64) AppleWebKit/537.36 (KHTML, like Gecko) Chrome/131.0.0.0 Safari/537.36 Edg/131.0.0.0", accept:"text/html,application/xhtml+xml,application/xml;q=0.9,image/avif,image/webp,image/apng,*/*;q=0.8,application/signed-exchange;v=b3;q=0.7", sec-fetch-site:"same-origin", sec-fetch-mode:"navigate", sec-fetch-user:"?1", sec-fetch-dest:"document", accept-encoding:"gzip, deflate, br, zstd", accept-language:"en-US,en;q=0.9", if-modified-since:"Fri, 31 Mar 2023 14:44:14 GMT"]] MDC:[traceId=, spanId=]
2025-01-07 16:59:07 [http-nio-8081-exec-10] DEBUG o.s.w.f.CommonsRequestLoggingFilter - DATA REQUEST: GET /swagger-ui/index.html, headers=[host:"localhost:8081", connection:"keep-alive", cache-control:"max-age=0", sec-ch-ua:""Microsoft Edge";v="131", "Chromium";v="131", "Not_A Brand";v="24"", sec-ch-ua-mobile:"?0", sec-ch-ua-platform:""Windows"", upgrade-insecure-requests:"1", user-agent:"Mozilla/5.0 (Windows NT 10.0; Win64; x64) AppleWebKit/537.36 (KHTML, like Gecko) Chrome/131.0.0.0 Safari/537.36 Edg/131.0.0.0", accept:"text/html,application/xhtml+xml,application/xml;q=0.9,image/avif,image/webp,image/apng,*/*;q=0.8,application/signed-exchange;v=b3;q=0.7", sec-fetch-site:"same-origin", sec-fetch-mode:"navigate", sec-fetch-user:"?1", sec-fetch-dest:"document", accept-encoding:"gzip, deflate, br, zstd", accept-language:"en-US,en;q=0.9", if-modified-since:"Fri, 31 Mar 2023 14:44:14 GMT"]] MDC:[traceId=, spanId=]
2025-01-07 16:59:07 [http-nio-8081-exec-1] DEBUG o.s.w.f.CommonsRequestLoggingFilter - Before request [GET /swagger-ui/swagger-initializer.js, headers=[host:"localhost:8081", connection:"keep-alive", sec-ch-ua-platform:""Windows"", user-agent:"Mozilla/5.0 (Windows NT 10.0; Win64; x64) AppleWebKit/537.36 (KHTML, like Gecko) Chrome/131.0.0.0 Safari/537.36 Edg/131.0.0.0", sec-ch-ua:""Microsoft Edge";v="131", "Chromium";v="131", "Not_A Brand";v="24"", sec-ch-ua-mobile:"?0", accept:"*/*", sec-fetch-site:"same-origin", sec-fetch-mode:"no-cors", sec-fetch-dest:"script", referer:"http://localhost:8081/swagger-ui/index.html", accept-encoding:"gzip, deflate, br, zstd", accept-language:"en-US,en;q=0.9"]] MDC:[traceId=, spanId=]
2025-01-07 16:59:07 [http-nio-8081-exec-1] DEBUG o.s.w.f.CommonsRequestLoggingFilter - DATA REQUEST: GET /swagger-ui/swagger-initializer.js, headers=[host:"localhost:8081", connection:"keep-alive", sec-ch-ua-platform:""Windows"", user-agent:"Mozilla/5.0 (Windows NT 10.0; Win64; x64) AppleWebKit/537.36 (KHTML, like Gecko) Chrome/131.0.0.0 Safari/537.36 Edg/131.0.0.0", sec-ch-ua:""Microsoft Edge";v="131", "Chromium";v="131", "Not_A Brand";v="24"", sec-ch-ua-mobile:"?0", accept:"*/*", sec-fetch-site:"same-origin", sec-fetch-mode:"no-cors", sec-fetch-dest:"script", referer:"http://localhost:8081/swagger-ui/index.html", accept-encoding:"gzip, deflate, br, zstd", accept-language:"en-US,en;q=0.9"]] MDC:[traceId=, spanId=]
2025-01-07 16:59:07 [http-nio-8081-exec-6] DEBUG o.s.w.f.CommonsRequestLoggingFilter - Before request [GET /v3/api-docs/swagger-config, headers=[host:"localhost:8081", connection:"keep-alive", sec-ch-ua-platform:""Windows"", user-agent:"Mozilla/5.0 (Windows NT 10.0; Win64; x64) AppleWebKit/537.36 (KHTML, like Gecko) Chrome/131.0.0.0 Safari/537.36 Edg/131.0.0.0", sec-ch-ua:""Microsoft Edge";v="131", "Chromium";v="131", "Not_A Brand";v="24"", sec-ch-ua-mobile:"?0", accept:"*/*", sec-fetch-site:"same-origin", sec-fetch-mode:"cors", sec-fetch-dest:"empty", referer:"http://localhost:8081/swagger-ui/index.html", accept-encoding:"gzip, deflate, br, zstd", accept-language:"en-US,en;q=0.9"]] MDC:[traceId=, spanId=]
2025-01-07 16:59:07 [http-nio-8081-exec-6] DEBUG o.s.w.f.CommonsRequestLoggingFilter - DATA REQUEST: GET /v3/api-docs/swagger-config, headers=[host:"localhost:8081", connection:"keep-alive", sec-ch-ua-platform:""Windows"", user-agent:"Mozilla/5.0 (Windows NT 10.0; Win64; x64) AppleWebKit/537.36 (KHTML, like Gecko) Chrome/131.0.0.0 Safari/537.36 Edg/131.0.0.0", sec-ch-ua:""Microsoft Edge";v="131", "Chromium";v="131", "Not_A Brand";v="24"", sec-ch-ua-mobile:"?0", accept:"*/*", sec-fetch-site:"same-origin", sec-fetch-mode:"cors", sec-fetch-dest:"empty", referer:"http://localhost:8081/swagger-ui/index.html", accept-encoding:"gzip, deflate, br, zstd", accept-language:"en-US,en;q=0.9"]] MDC:[traceId=, spanId=]
2025-01-07 16:59:07 [http-nio-8081-exec-3] DEBUG o.s.w.f.CommonsRequestLoggingFilter - Before request [GET /v3/api-docs, headers=[host:"localhost:8081", connection:"keep-alive", sec-ch-ua-platform:""Windows"", user-agent:"Mozilla/5.0 (Windows NT 10.0; Win64; x64) AppleWebKit/537.36 (KHTML, like Gecko) Chrome/131.0.0.0 Safari/537.36 Edg/131.0.0.0", accept:"application/json,*/*", sec-ch-ua:""Microsoft Edge";v="131", "Chromium";v="131", "Not_A Brand";v="24"", sec-ch-ua-mobile:"?0", sec-fetch-site:"same-origin", sec-fetch-mode:"cors", sec-fetch-dest:"empty", referer:"http://localhost:8081/swagger-ui/index.html", accept-encoding:"gzip, deflate, br, zstd", accept-language:"en-US,en;q=0.9"]] MDC:[traceId=, spanId=]
2025-01-07 16:59:07 [http-nio-8081-exec-3] DEBUG o.s.w.f.CommonsRequestLoggingFilter - DATA REQUEST: GET /v3/api-docs, headers=[host:"localhost:8081", connection:"keep-alive", sec-ch-ua-platform:""Windows"", user-agent:"Mozilla/5.0 (Windows NT 10.0; Win64; x64) AppleWebKit/537.36 (KHTML, like Gecko) Chrome/131.0.0.0 Safari/537.36 Edg/131.0.0.0", accept:"application/json,*/*", sec-ch-ua:""Microsoft Edge";v="131", "Chromium";v="131", "Not_A Brand";v="24"", sec-ch-ua-mobile:"?0", sec-fetch-site:"same-origin", sec-fetch-mode:"cors", sec-fetch-dest:"empty", referer:"http://localhost:8081/swagger-ui/index.html", accept-encoding:"gzip, deflate, br, zstd", accept-language:"en-US,en;q=0.9"]] MDC:[traceId=, spanId=]
2025-01-07 16:59:28 [http-nio-8081-exec-5] DEBUG o.s.w.f.CommonsRequestLoggingFilter - Before request [POST /category/create, headers=[host:"localhost:8081", connection:"keep-alive", content-length:"145859", sec-ch-ua-platform:""Windows"", user-agent:"Mozilla/5.0 (Windows NT 10.0; Win64; x64) AppleWebKit/537.36 (KHTML, like Gecko) Chrome/131.0.0.0 Safari/537.36 Edg/131.0.0.0", accept:"application/json", sec-ch-ua:""Microsoft Edge";v="131", "Chromium";v="131", "Not_A Brand";v="24"", sec-ch-ua-mobile:"?0", origin:"http://localhost:8081", sec-fetch-site:"same-origin", sec-fetch-mode:"cors", sec-fetch-dest:"empty", referer:"http://localhost:8081/swagger-ui/index.html", accept-encoding:"gzip, deflate, br, zstd", accept-language:"en-US,en;q=0.9", Content-Type:"multipart/form-data;boundary=----WebKitFormBoundarytMrM1uJoG0XpfGUb;charset=UTF-8"]] MDC:[traceId=, spanId=]
2025-01-07 16:59:28 [http-nio-8081-exec-5] WARN  o.s.w.s.m.s.DefaultHandlerExceptionResolver - Resolved [org.springframework.web.HttpMediaTypeNotSupportedException: Content-Type 'application/octet-stream' is not supported] MDC:[traceId=, spanId=]
2025-01-07 16:59:28 [http-nio-8081-exec-5] DEBUG o.s.w.f.CommonsRequestLoggingFilter - DATA REQUEST: POST /category/create, headers=[host:"localhost:8081", connection:"keep-alive", content-length:"145859", sec-ch-ua-platform:""Windows"", user-agent:"Mozilla/5.0 (Windows NT 10.0; Win64; x64) AppleWebKit/537.36 (KHTML, like Gecko) Chrome/131.0.0.0 Safari/537.36 Edg/131.0.0.0", accept:"application/json", sec-ch-ua:""Microsoft Edge";v="131", "Chromium";v="131", "Not_A Brand";v="24"", sec-ch-ua-mobile:"?0", origin:"http://localhost:8081", sec-fetch-site:"same-origin", sec-fetch-mode:"cors", sec-fetch-dest:"empty", referer:"http://localhost:8081/swagger-ui/index.html", accept-encoding:"gzip, deflate, br, zstd", accept-language:"en-US,en;q=0.9", Content-Type:"multipart/form-data;boundary=----WebKitFormBoundarytMrM1uJoG0XpfGUb;charset=UTF-8"]] MDC:[traceId=, spanId=]
2025-01-07 16:59:31 [http-nio-8081-exec-7] DEBUG o.s.w.f.CommonsRequestLoggingFilter - Before request [POST /category/create, headers=[host:"localhost:8081", connection:"keep-alive", content-length:"145859", sec-ch-ua-platform:""Windows"", user-agent:"Mozilla/5.0 (Windows NT 10.0; Win64; x64) AppleWebKit/537.36 (KHTML, like Gecko) Chrome/131.0.0.0 Safari/537.36 Edg/131.0.0.0", accept:"application/json", sec-ch-ua:""Microsoft Edge";v="131", "Chromium";v="131", "Not_A Brand";v="24"", sec-ch-ua-mobile:"?0", origin:"http://localhost:8081", sec-fetch-site:"same-origin", sec-fetch-mode:"cors", sec-fetch-dest:"empty", referer:"http://localhost:8081/swagger-ui/index.html", accept-encoding:"gzip, deflate, br, zstd", accept-language:"en-US,en;q=0.9", Content-Type:"multipart/form-data;boundary=----WebKitFormBoundaryblx6s4KED3Dbt4Fa;charset=UTF-8"]] MDC:[traceId=, spanId=]
2025-01-07 16:59:31 [http-nio-8081-exec-7] WARN  o.s.w.s.m.s.DefaultHandlerExceptionResolver - Resolved [org.springframework.web.HttpMediaTypeNotSupportedException: Content-Type 'application/octet-stream' is not supported] MDC:[traceId=, spanId=]
2025-01-07 16:59:31 [http-nio-8081-exec-7] DEBUG o.s.w.f.CommonsRequestLoggingFilter - DATA REQUEST: POST /category/create, headers=[host:"localhost:8081", connection:"keep-alive", content-length:"145859", sec-ch-ua-platform:""Windows"", user-agent:"Mozilla/5.0 (Windows NT 10.0; Win64; x64) AppleWebKit/537.36 (KHTML, like Gecko) Chrome/131.0.0.0 Safari/537.36 Edg/131.0.0.0", accept:"application/json", sec-ch-ua:""Microsoft Edge";v="131", "Chromium";v="131", "Not_A Brand";v="24"", sec-ch-ua-mobile:"?0", origin:"http://localhost:8081", sec-fetch-site:"same-origin", sec-fetch-mode:"cors", sec-fetch-dest:"empty", referer:"http://localhost:8081/swagger-ui/index.html", accept-encoding:"gzip, deflate, br, zstd", accept-language:"en-US,en;q=0.9", Content-Type:"multipart/form-data;boundary=----WebKitFormBoundaryblx6s4KED3Dbt4Fa;charset=UTF-8"]] MDC:[traceId=, spanId=]
2025-01-07 17:24:45 [SpringApplicationShutdownHook] INFO  o.s.b.w.e.tomcat.GracefulShutdown - Commencing graceful shutdown. Waiting for active requests to complete MDC:[traceId=, spanId=]
2025-01-07 17:24:45 [tomcat-shutdown] INFO  o.s.b.w.e.tomcat.GracefulShutdown - Graceful shutdown complete MDC:[traceId=, spanId=]
2025-01-07 17:24:45 [SpringApplicationShutdownHook] INFO  o.s.o.j.LocalContainerEntityManagerFactoryBean - Closing JPA EntityManagerFactory for persistence unit 'default' MDC:[traceId=, spanId=]
2025-01-07 17:24:45 [SpringApplicationShutdownHook] INFO  com.zaxxer.hikari.HikariDataSource - HikariPool-1 - Shutdown initiated... MDC:[traceId=, spanId=]
2025-01-07 17:24:45 [SpringApplicationShutdownHook] INFO  com.zaxxer.hikari.HikariDataSource - HikariPool-1 - Shutdown completed. MDC:[traceId=, spanId=]
