2025-01-10 10:43:25 [main] INFO  o.s.s.c.a.a.c.InitializeUserDetailsBeanManagerConfigurer$InitializeUserDetailsManagerConfigurer - Global AuthenticationManager configured with UserDetailsService bean with name inMemoryUserDetailsManager MDC:[traceId=, spanId=]
2025-01-10 10:43:25 [main] DEBUG o.s.s.web.DefaultSecurityFilterChain - Will secure any request with filters: DisableEncodeUrlFilter, WebAsyncManagerIntegrationFilter, SecurityContextHolderFilter, HeaderWriterFilter, CsrfFilter, LogoutFilter, UsernamePasswordAuthenticationFilter, DefaultResourcesFilter, DefaultLoginPageGeneratingFilter, DefaultLogoutPageGeneratingFilter, BasicAuthenticationFilter, RequestCacheAwareFilter, SecurityContextHolderAwareRequestFilter, AnonymousAuthenticationFilter, ExceptionTranslationFilter, AuthorizationFilter MDC:[traceId=, spanId=]
2025-01-10 10:43:30 [http-nio-8081-exec-1] DEBUG o.s.security.web.FilterChainProxy - Securing GET /swagger-ui/index.html MDC:[traceId=, spanId=]
2025-01-10 10:43:30 [http-nio-8081-exec-1] DEBUG o.s.s.w.a.AnonymousAuthenticationFilter - Set SecurityContextHolder to anonymous SecurityContext MDC:[traceId=, spanId=]
2025-01-10 10:43:30 [http-nio-8081-exec-1] DEBUG o.s.s.w.s.HttpSessionRequestCache - Saved request http://localhost:8081/swagger-ui/index.html?continue to session MDC:[traceId=, spanId=]
2025-01-10 10:43:30 [http-nio-8081-exec-1] DEBUG o.s.s.w.a.DelegatingAuthenticationEntryPoint - Trying to match using And [Not [RequestHeaderRequestMatcher [expectedHeaderName=X-Requested-With, expectedHeaderValue=XMLHttpRequest]], MediaTypeRequestMatcher [contentNegotiationStrategy=org.springframework.web.accept.ContentNegotiationManager@18505320, matchingMediaTypes=[application/xhtml+xml, image/*, text/html, text/plain], useEquals=false, ignoredMediaTypes=[*/*]]] MDC:[traceId=, spanId=]
2025-01-10 10:43:30 [http-nio-8081-exec-1] DEBUG o.s.s.w.a.DelegatingAuthenticationEntryPoint - Match found! Executing org.springframework.security.web.authentication.LoginUrlAuthenticationEntryPoint@60171a27 MDC:[traceId=, spanId=]
2025-01-10 10:43:30 [http-nio-8081-exec-1] DEBUG o.s.s.web.DefaultRedirectStrategy - Redirecting to http://localhost:8081/login MDC:[traceId=, spanId=]
2025-01-10 10:43:30 [http-nio-8081-exec-3] DEBUG o.s.security.web.FilterChainProxy - Securing GET /login MDC:[traceId=, spanId=]
2025-01-10 10:43:31 [http-nio-8081-exec-2] DEBUG o.s.security.web.FilterChainProxy - Securing GET /default-ui.css MDC:[traceId=, spanId=]
2025-01-10 10:43:36 [http-nio-8081-exec-4] DEBUG o.s.security.web.FilterChainProxy - Securing GET /swagger-ui/index.html MDC:[traceId=, spanId=]
2025-01-10 10:43:36 [http-nio-8081-exec-4] DEBUG o.s.s.w.a.AnonymousAuthenticationFilter - Set SecurityContextHolder to anonymous SecurityContext MDC:[traceId=, spanId=]
2025-01-10 10:43:36 [http-nio-8081-exec-4] DEBUG o.s.s.w.s.HttpSessionRequestCache - Saved request http://localhost:8081/swagger-ui/index.html?continue to session MDC:[traceId=, spanId=]
2025-01-10 10:43:36 [http-nio-8081-exec-4] DEBUG o.s.s.w.a.DelegatingAuthenticationEntryPoint - Trying to match using And [Not [RequestHeaderRequestMatcher [expectedHeaderName=X-Requested-With, expectedHeaderValue=XMLHttpRequest]], MediaTypeRequestMatcher [contentNegotiationStrategy=org.springframework.web.accept.ContentNegotiationManager@18505320, matchingMediaTypes=[application/xhtml+xml, image/*, text/html, text/plain], useEquals=false, ignoredMediaTypes=[*/*]]] MDC:[traceId=, spanId=]
2025-01-10 10:43:36 [http-nio-8081-exec-4] DEBUG o.s.s.w.a.DelegatingAuthenticationEntryPoint - Match found! Executing org.springframework.security.web.authentication.LoginUrlAuthenticationEntryPoint@60171a27 MDC:[traceId=, spanId=]
2025-01-10 10:43:36 [http-nio-8081-exec-4] DEBUG o.s.s.web.DefaultRedirectStrategy - Redirecting to http://localhost:8081/login MDC:[traceId=, spanId=]
2025-01-10 10:43:36 [http-nio-8081-exec-5] DEBUG o.s.security.web.FilterChainProxy - Securing GET /login MDC:[traceId=, spanId=]
2025-01-10 10:43:36 [http-nio-8081-exec-6] DEBUG o.s.security.web.FilterChainProxy - Securing GET /default-ui.css MDC:[traceId=, spanId=]
2025-01-10 10:43:37 [http-nio-8081-exec-8] DEBUG o.s.security.web.FilterChainProxy - Securing GET /swagger-ui/index.html MDC:[traceId=, spanId=]
2025-01-10 10:43:37 [http-nio-8081-exec-8] DEBUG o.s.s.w.a.AnonymousAuthenticationFilter - Set SecurityContextHolder to anonymous SecurityContext MDC:[traceId=, spanId=]
2025-01-10 10:43:37 [http-nio-8081-exec-8] DEBUG o.s.s.w.s.HttpSessionRequestCache - Saved request http://localhost:8081/swagger-ui/index.html?continue to session MDC:[traceId=, spanId=]
2025-01-10 10:43:37 [http-nio-8081-exec-8] DEBUG o.s.s.w.a.DelegatingAuthenticationEntryPoint - Trying to match using And [Not [RequestHeaderRequestMatcher [expectedHeaderName=X-Requested-With, expectedHeaderValue=XMLHttpRequest]], MediaTypeRequestMatcher [contentNegotiationStrategy=org.springframework.web.accept.ContentNegotiationManager@18505320, matchingMediaTypes=[application/xhtml+xml, image/*, text/html, text/plain], useEquals=false, ignoredMediaTypes=[*/*]]] MDC:[traceId=, spanId=]
2025-01-10 10:43:37 [http-nio-8081-exec-8] DEBUG o.s.s.w.a.DelegatingAuthenticationEntryPoint - Match found! Executing org.springframework.security.web.authentication.LoginUrlAuthenticationEntryPoint@60171a27 MDC:[traceId=, spanId=]
2025-01-10 10:43:37 [http-nio-8081-exec-8] DEBUG o.s.s.web.DefaultRedirectStrategy - Redirecting to http://localhost:8081/login MDC:[traceId=, spanId=]
2025-01-10 10:43:37 [http-nio-8081-exec-7] DEBUG o.s.security.web.FilterChainProxy - Securing GET /login MDC:[traceId=, spanId=]
2025-01-10 10:43:37 [http-nio-8081-exec-9] DEBUG o.s.security.web.FilterChainProxy - Securing GET /default-ui.css MDC:[traceId=, spanId=]
2025-01-10 10:43:45 [http-nio-8081-exec-10] DEBUG o.s.security.web.FilterChainProxy - Securing GET /swagger-ui.html MDC:[traceId=, spanId=]
2025-01-10 10:43:45 [http-nio-8081-exec-10] DEBUG o.s.s.w.a.AnonymousAuthenticationFilter - Set SecurityContextHolder to anonymous SecurityContext MDC:[traceId=, spanId=]
2025-01-10 10:43:45 [http-nio-8081-exec-10] DEBUG o.s.s.w.s.HttpSessionRequestCache - Saved request http://localhost:8081/swagger-ui.html?continue to session MDC:[traceId=, spanId=]
2025-01-10 10:43:45 [http-nio-8081-exec-10] DEBUG o.s.s.w.a.DelegatingAuthenticationEntryPoint - Trying to match using And [Not [RequestHeaderRequestMatcher [expectedHeaderName=X-Requested-With, expectedHeaderValue=XMLHttpRequest]], MediaTypeRequestMatcher [contentNegotiationStrategy=org.springframework.web.accept.ContentNegotiationManager@18505320, matchingMediaTypes=[application/xhtml+xml, image/*, text/html, text/plain], useEquals=false, ignoredMediaTypes=[*/*]]] MDC:[traceId=, spanId=]
2025-01-10 10:43:45 [http-nio-8081-exec-10] DEBUG o.s.s.w.a.DelegatingAuthenticationEntryPoint - Match found! Executing org.springframework.security.web.authentication.LoginUrlAuthenticationEntryPoint@60171a27 MDC:[traceId=, spanId=]
2025-01-10 10:43:45 [http-nio-8081-exec-10] DEBUG o.s.s.web.DefaultRedirectStrategy - Redirecting to http://localhost:8081/login MDC:[traceId=, spanId=]
2025-01-10 10:43:45 [http-nio-8081-exec-1] DEBUG o.s.security.web.FilterChainProxy - Securing GET /login MDC:[traceId=, spanId=]
2025-01-10 10:43:45 [http-nio-8081-exec-3] DEBUG o.s.security.web.FilterChainProxy - Securing GET /default-ui.css MDC:[traceId=, spanId=]
2025-01-10 10:43:51 [http-nio-8081-exec-2] DEBUG o.s.security.web.FilterChainProxy - Securing GET /login MDC:[traceId=, spanId=]
2025-01-10 10:43:51 [http-nio-8081-exec-4] DEBUG o.s.security.web.FilterChainProxy - Securing GET /default-ui.css MDC:[traceId=, spanId=]
2025-01-10 10:43:52 [http-nio-8081-exec-5] DEBUG o.s.security.web.FilterChainProxy - Securing GET /swagger-ui/index.html MDC:[traceId=, spanId=]
2025-01-10 10:43:52 [http-nio-8081-exec-5] DEBUG o.s.s.w.a.AnonymousAuthenticationFilter - Set SecurityContextHolder to anonymous SecurityContext MDC:[traceId=, spanId=]
2025-01-10 10:43:52 [http-nio-8081-exec-5] DEBUG o.s.s.w.s.HttpSessionRequestCache - Saved request http://localhost:8081/swagger-ui/index.html?continue to session MDC:[traceId=, spanId=]
2025-01-10 10:43:52 [http-nio-8081-exec-5] DEBUG o.s.s.w.a.DelegatingAuthenticationEntryPoint - Trying to match using And [Not [RequestHeaderRequestMatcher [expectedHeaderName=X-Requested-With, expectedHeaderValue=XMLHttpRequest]], MediaTypeRequestMatcher [contentNegotiationStrategy=org.springframework.web.accept.ContentNegotiationManager@18505320, matchingMediaTypes=[application/xhtml+xml, image/*, text/html, text/plain], useEquals=false, ignoredMediaTypes=[*/*]]] MDC:[traceId=, spanId=]
2025-01-10 10:43:52 [http-nio-8081-exec-5] DEBUG o.s.s.w.a.DelegatingAuthenticationEntryPoint - Match found! Executing org.springframework.security.web.authentication.LoginUrlAuthenticationEntryPoint@60171a27 MDC:[traceId=, spanId=]
2025-01-10 10:43:52 [http-nio-8081-exec-5] DEBUG o.s.s.web.DefaultRedirectStrategy - Redirecting to http://localhost:8081/login MDC:[traceId=, spanId=]
2025-01-10 10:43:52 [http-nio-8081-exec-6] DEBUG o.s.security.web.FilterChainProxy - Securing GET /login MDC:[traceId=, spanId=]
2025-01-10 10:43:52 [http-nio-8081-exec-8] DEBUG o.s.security.web.FilterChainProxy - Securing GET /default-ui.css MDC:[traceId=, spanId=]
2025-01-10 10:44:40 [main] INFO  o.s.s.c.a.a.c.InitializeUserDetailsBeanManagerConfigurer$InitializeUserDetailsManagerConfigurer - Global AuthenticationManager configured with UserDetailsService bean with name inMemoryUserDetailsManager MDC:[traceId=, spanId=]
2025-01-10 10:44:40 [main] DEBUG o.s.s.web.DefaultSecurityFilterChain - Will secure any request with filters: DisableEncodeUrlFilter, WebAsyncManagerIntegrationFilter, SecurityContextHolderFilter, HeaderWriterFilter, CsrfFilter, LogoutFilter, UsernamePasswordAuthenticationFilter, DefaultResourcesFilter, DefaultLoginPageGeneratingFilter, DefaultLogoutPageGeneratingFilter, BasicAuthenticationFilter, RequestCacheAwareFilter, SecurityContextHolderAwareRequestFilter, AnonymousAuthenticationFilter, ExceptionTranslationFilter, AuthorizationFilter MDC:[traceId=, spanId=]
2025-01-10 10:44:44 [http-nio-8081-exec-1] DEBUG o.s.security.web.FilterChainProxy - Securing GET /login MDC:[traceId=, spanId=]
2025-01-10 10:44:44 [http-nio-8081-exec-2] DEBUG o.s.security.web.FilterChainProxy - Securing GET /default-ui.css MDC:[traceId=, spanId=]
2025-01-10 10:44:45 [http-nio-8081-exec-3] DEBUG o.s.security.web.FilterChainProxy - Securing GET /login MDC:[traceId=, spanId=]
2025-01-10 10:44:45 [http-nio-8081-exec-4] DEBUG o.s.security.web.FilterChainProxy - Securing GET /default-ui.css MDC:[traceId=, spanId=]
2025-01-10 10:45:00 [http-nio-8081-exec-6] DEBUG o.s.security.web.FilterChainProxy - Securing POST /login MDC:[traceId=, spanId=]
2025-01-10 10:45:00 [http-nio-8081-exec-6] DEBUG o.s.s.a.d.DaoAuthenticationProvider - Authenticated user MDC:[traceId=, spanId=]
2025-01-10 10:45:00 [http-nio-8081-exec-6] DEBUG o.s.s.w.a.s.ChangeSessionIdAuthenticationStrategy - Changed session id from 75234C835A5EB97735779448844BB84F MDC:[traceId=, spanId=]
2025-01-10 10:45:00 [http-nio-8081-exec-6] DEBUG o.s.s.w.c.CsrfAuthenticationStrategy - Replaced CSRF Token MDC:[traceId=, spanId=]
2025-01-10 10:45:00 [http-nio-8081-exec-6] DEBUG o.s.s.w.c.HttpSessionSecurityContextRepository - Stored SecurityContextImpl [Authentication=UsernamePasswordAuthenticationToken [Principal=org.springframework.security.core.userdetails.User [Username=user, Password=[PROTECTED], Enabled=true, AccountNonExpired=true, CredentialsNonExpired=true, AccountNonLocked=true, Granted Authorities=[]], Credentials=[PROTECTED], Authenticated=true, Details=WebAuthenticationDetails [RemoteIpAddress=0:0:0:0:0:0:0:1, SessionId=75234C835A5EB97735779448844BB84F], Granted Authorities=[]]] to HttpSession [org.apache.catalina.session.StandardSessionFacade@6b557b81] MDC:[traceId=, spanId=]
2025-01-10 10:45:00 [http-nio-8081-exec-6] DEBUG o.s.s.w.a.UsernamePasswordAuthenticationFilter - Set SecurityContextHolder to UsernamePasswordAuthenticationToken [Principal=org.springframework.security.core.userdetails.User [Username=user, Password=[PROTECTED], Enabled=true, AccountNonExpired=true, CredentialsNonExpired=true, AccountNonLocked=true, Granted Authorities=[]], Credentials=[PROTECTED], Authenticated=true, Details=WebAuthenticationDetails [RemoteIpAddress=0:0:0:0:0:0:0:1, SessionId=75234C835A5EB97735779448844BB84F], Granted Authorities=[]] MDC:[traceId=, spanId=]
2025-01-10 10:45:00 [http-nio-8081-exec-6] DEBUG o.s.s.web.DefaultRedirectStrategy - Redirecting to / MDC:[traceId=, spanId=]
2025-01-10 10:45:00 [http-nio-8081-exec-5] DEBUG o.s.security.web.FilterChainProxy - Securing GET / MDC:[traceId=, spanId=]
2025-01-10 10:45:00 [http-nio-8081-exec-5] DEBUG o.s.s.w.c.HttpSessionSecurityContextRepository - Retrieved SecurityContextImpl [Authentication=UsernamePasswordAuthenticationToken [Principal=org.springframework.security.core.userdetails.User [Username=user, Password=[PROTECTED], Enabled=true, AccountNonExpired=true, CredentialsNonExpired=true, AccountNonLocked=true, Granted Authorities=[]], Credentials=[PROTECTED], Authenticated=true, Details=WebAuthenticationDetails [RemoteIpAddress=0:0:0:0:0:0:0:1, SessionId=75234C835A5EB97735779448844BB84F], Granted Authorities=[]]] MDC:[traceId=, spanId=]
2025-01-10 10:45:00 [http-nio-8081-exec-5] DEBUG o.s.security.web.FilterChainProxy - Secured GET / MDC:[traceId=, spanId=]
2025-01-10 10:45:00 [http-nio-8081-exec-5] DEBUG o.s.security.web.FilterChainProxy - Securing GET /error MDC:[traceId=, spanId=]
2025-01-10 10:45:00 [http-nio-8081-exec-5] DEBUG o.s.s.w.c.HttpSessionSecurityContextRepository - Retrieved SecurityContextImpl [Authentication=UsernamePasswordAuthenticationToken [Principal=org.springframework.security.core.userdetails.User [Username=user, Password=[PROTECTED], Enabled=true, AccountNonExpired=true, CredentialsNonExpired=true, AccountNonLocked=true, Granted Authorities=[]], Credentials=[PROTECTED], Authenticated=true, Details=WebAuthenticationDetails [RemoteIpAddress=0:0:0:0:0:0:0:1, SessionId=75234C835A5EB97735779448844BB84F], Granted Authorities=[]]] MDC:[traceId=, spanId=]
2025-01-10 10:45:00 [http-nio-8081-exec-5] DEBUG o.s.security.web.FilterChainProxy - Secured GET /error MDC:[traceId=, spanId=]
2025-01-10 10:45:04 [http-nio-8081-exec-7] DEBUG o.s.security.web.FilterChainProxy - Securing GET /swagger-ui.html MDC:[traceId=, spanId=]
2025-01-10 10:45:04 [http-nio-8081-exec-7] DEBUG o.s.s.w.c.HttpSessionSecurityContextRepository - Retrieved SecurityContextImpl [Authentication=UsernamePasswordAuthenticationToken [Principal=org.springframework.security.core.userdetails.User [Username=user, Password=[PROTECTED], Enabled=true, AccountNonExpired=true, CredentialsNonExpired=true, AccountNonLocked=true, Granted Authorities=[]], Credentials=[PROTECTED], Authenticated=true, Details=WebAuthenticationDetails [RemoteIpAddress=0:0:0:0:0:0:0:1, SessionId=75234C835A5EB97735779448844BB84F], Granted Authorities=[]]] MDC:[traceId=, spanId=]
2025-01-10 10:45:04 [http-nio-8081-exec-7] DEBUG o.s.security.web.FilterChainProxy - Secured GET /swagger-ui.html MDC:[traceId=, spanId=]
2025-01-10 10:45:04 [http-nio-8081-exec-8] DEBUG o.s.security.web.FilterChainProxy - Securing GET /swagger-ui/index.html MDC:[traceId=, spanId=]
2025-01-10 10:45:04 [http-nio-8081-exec-8] DEBUG o.s.s.w.c.HttpSessionSecurityContextRepository - Retrieved SecurityContextImpl [Authentication=UsernamePasswordAuthenticationToken [Principal=org.springframework.security.core.userdetails.User [Username=user, Password=[PROTECTED], Enabled=true, AccountNonExpired=true, CredentialsNonExpired=true, AccountNonLocked=true, Granted Authorities=[]], Credentials=[PROTECTED], Authenticated=true, Details=WebAuthenticationDetails [RemoteIpAddress=0:0:0:0:0:0:0:1, SessionId=75234C835A5EB97735779448844BB84F], Granted Authorities=[]]] MDC:[traceId=, spanId=]
2025-01-10 10:45:04 [http-nio-8081-exec-8] DEBUG o.s.security.web.FilterChainProxy - Secured GET /swagger-ui/index.html MDC:[traceId=, spanId=]
2025-01-10 10:45:05 [http-nio-8081-exec-9] DEBUG o.s.security.web.FilterChainProxy - Securing GET /swagger-ui/swagger-initializer.js MDC:[traceId=, spanId=]
2025-01-10 10:45:05 [http-nio-8081-exec-9] DEBUG o.s.s.w.c.HttpSessionSecurityContextRepository - Retrieved SecurityContextImpl [Authentication=UsernamePasswordAuthenticationToken [Principal=org.springframework.security.core.userdetails.User [Username=user, Password=[PROTECTED], Enabled=true, AccountNonExpired=true, CredentialsNonExpired=true, AccountNonLocked=true, Granted Authorities=[]], Credentials=[PROTECTED], Authenticated=true, Details=WebAuthenticationDetails [RemoteIpAddress=0:0:0:0:0:0:0:1, SessionId=75234C835A5EB97735779448844BB84F], Granted Authorities=[]]] MDC:[traceId=, spanId=]
2025-01-10 10:45:05 [http-nio-8081-exec-9] DEBUG o.s.security.web.FilterChainProxy - Secured GET /swagger-ui/swagger-initializer.js MDC:[traceId=, spanId=]
2025-01-10 10:45:05 [http-nio-8081-exec-10] DEBUG o.s.security.web.FilterChainProxy - Securing GET /v3/api-docs/swagger-config MDC:[traceId=, spanId=]
2025-01-10 10:45:05 [http-nio-8081-exec-10] DEBUG o.s.s.w.c.HttpSessionSecurityContextRepository - Retrieved SecurityContextImpl [Authentication=UsernamePasswordAuthenticationToken [Principal=org.springframework.security.core.userdetails.User [Username=user, Password=[PROTECTED], Enabled=true, AccountNonExpired=true, CredentialsNonExpired=true, AccountNonLocked=true, Granted Authorities=[]], Credentials=[PROTECTED], Authenticated=true, Details=WebAuthenticationDetails [RemoteIpAddress=0:0:0:0:0:0:0:1, SessionId=75234C835A5EB97735779448844BB84F], Granted Authorities=[]]] MDC:[traceId=, spanId=]
2025-01-10 10:45:05 [http-nio-8081-exec-10] DEBUG o.s.security.web.FilterChainProxy - Secured GET /v3/api-docs/swagger-config MDC:[traceId=, spanId=]
2025-01-10 10:45:05 [http-nio-8081-exec-1] DEBUG o.s.security.web.FilterChainProxy - Securing GET /v3/api-docs MDC:[traceId=, spanId=]
2025-01-10 10:45:05 [http-nio-8081-exec-1] DEBUG o.s.s.w.c.HttpSessionSecurityContextRepository - Retrieved SecurityContextImpl [Authentication=UsernamePasswordAuthenticationToken [Principal=org.springframework.security.core.userdetails.User [Username=user, Password=[PROTECTED], Enabled=true, AccountNonExpired=true, CredentialsNonExpired=true, AccountNonLocked=true, Granted Authorities=[]], Credentials=[PROTECTED], Authenticated=true, Details=WebAuthenticationDetails [RemoteIpAddress=0:0:0:0:0:0:0:1, SessionId=75234C835A5EB97735779448844BB84F], Granted Authorities=[]]] MDC:[traceId=, spanId=]
2025-01-10 10:45:05 [http-nio-8081-exec-1] DEBUG o.s.security.web.FilterChainProxy - Secured GET /v3/api-docs MDC:[traceId=, spanId=]
2025-01-10 10:45:39 [main] INFO  o.s.s.c.a.a.c.InitializeUserDetailsBeanManagerConfigurer$InitializeUserDetailsManagerConfigurer - Global AuthenticationManager configured with UserDetailsService bean with name inMemoryUserDetailsManager MDC:[traceId=, spanId=]
2025-01-10 10:45:39 [main] DEBUG o.s.s.web.DefaultSecurityFilterChain - Will secure any request with filters: DisableEncodeUrlFilter, WebAsyncManagerIntegrationFilter, SecurityContextHolderFilter, HeaderWriterFilter, CsrfFilter, LogoutFilter, UsernamePasswordAuthenticationFilter, DefaultResourcesFilter, DefaultLoginPageGeneratingFilter, DefaultLogoutPageGeneratingFilter, BasicAuthenticationFilter, RequestCacheAwareFilter, SecurityContextHolderAwareRequestFilter, AnonymousAuthenticationFilter, ExceptionTranslationFilter, AuthorizationFilter MDC:[traceId=, spanId=]
2025-01-10 10:45:59 [main] INFO  o.s.s.c.a.a.c.InitializeUserDetailsBeanManagerConfigurer$InitializeUserDetailsManagerConfigurer - Global AuthenticationManager configured with UserDetailsService bean with name inMemoryUserDetailsManager MDC:[traceId=, spanId=]
2025-01-10 10:45:59 [main] DEBUG o.s.s.web.DefaultSecurityFilterChain - Will secure any request with filters: DisableEncodeUrlFilter, WebAsyncManagerIntegrationFilter, SecurityContextHolderFilter, HeaderWriterFilter, CsrfFilter, LogoutFilter, RequestCacheAwareFilter, SecurityContextHolderAwareRequestFilter, AnonymousAuthenticationFilter, ExceptionTranslationFilter, AuthorizationFilter MDC:[traceId=, spanId=]
2025-01-10 10:46:39 [main] INFO  o.s.s.c.a.a.c.InitializeUserDetailsBeanManagerConfigurer$InitializeUserDetailsManagerConfigurer - Global AuthenticationManager configured with UserDetailsService bean with name inMemoryUserDetailsManager MDC:[traceId=, spanId=]
2025-01-10 10:46:39 [main] DEBUG o.s.s.web.DefaultSecurityFilterChain - Will secure any request with filters: DisableEncodeUrlFilter, WebAsyncManagerIntegrationFilter, SecurityContextHolderFilter, HeaderWriterFilter, CsrfFilter, LogoutFilter, RequestCacheAwareFilter, SecurityContextHolderAwareRequestFilter, AnonymousAuthenticationFilter, ExceptionTranslationFilter, AuthorizationFilter MDC:[traceId=, spanId=]
2025-01-10 10:46:46 [http-nio-8081-exec-7] DEBUG o.s.security.web.FilterChainProxy - Securing GET /swagger-ui/index.html MDC:[traceId=, spanId=]
2025-01-10 10:46:46 [http-nio-8081-exec-7] DEBUG o.s.security.web.FilterChainProxy - Secured GET /swagger-ui/index.html MDC:[traceId=, spanId=]
2025-01-10 10:46:46 [http-nio-8081-exec-7] DEBUG o.s.s.w.a.AnonymousAuthenticationFilter - Set SecurityContextHolder to anonymous SecurityContext MDC:[traceId=, spanId=]
2025-01-10 10:46:46 [http-nio-8081-exec-1] DEBUG o.s.security.web.FilterChainProxy - Securing GET /swagger-ui/swagger-initializer.js MDC:[traceId=, spanId=]
2025-01-10 10:46:46 [http-nio-8081-exec-1] DEBUG o.s.security.web.FilterChainProxy - Secured GET /swagger-ui/swagger-initializer.js MDC:[traceId=, spanId=]
2025-01-10 10:46:47 [http-nio-8081-exec-1] DEBUG o.s.s.w.a.AnonymousAuthenticationFilter - Set SecurityContextHolder to anonymous SecurityContext MDC:[traceId=, spanId=]
2025-01-10 10:46:47 [http-nio-8081-exec-3] DEBUG o.s.security.web.FilterChainProxy - Securing GET /v3/api-docs/swagger-config MDC:[traceId=, spanId=]
2025-01-10 10:46:47 [http-nio-8081-exec-3] DEBUG o.s.s.w.a.AnonymousAuthenticationFilter - Set SecurityContextHolder to anonymous SecurityContext MDC:[traceId=, spanId=]
2025-01-10 10:46:47 [http-nio-8081-exec-3] DEBUG o.s.s.w.s.HttpSessionRequestCache - Saved request http://localhost:8081/v3/api-docs/swagger-config?continue to session MDC:[traceId=, spanId=]
2025-01-10 10:46:47 [http-nio-8081-exec-3] DEBUG o.s.s.w.a.Http403ForbiddenEntryPoint - Pre-authenticated entry point called. Rejecting access MDC:[traceId=, spanId=]
2025-01-10 10:46:47 [http-nio-8081-exec-3] DEBUG o.s.security.web.FilterChainProxy - Securing GET /error MDC:[traceId=, spanId=]
2025-01-10 10:46:47 [http-nio-8081-exec-3] DEBUG o.s.s.w.a.AnonymousAuthenticationFilter - Set SecurityContextHolder to anonymous SecurityContext MDC:[traceId=, spanId=]
2025-01-10 10:46:47 [http-nio-8081-exec-3] DEBUG o.s.s.w.s.HttpSessionRequestCache - Saved request http://localhost:8081/error?continue to session MDC:[traceId=, spanId=]
2025-01-10 10:46:47 [http-nio-8081-exec-3] DEBUG o.s.s.w.a.Http403ForbiddenEntryPoint - Pre-authenticated entry point called. Rejecting access MDC:[traceId=, spanId=]
2025-01-10 10:46:48 [http-nio-8081-exec-4] DEBUG o.s.security.web.FilterChainProxy - Securing GET /swagger-ui/index.html MDC:[traceId=, spanId=]
2025-01-10 10:46:48 [http-nio-8081-exec-4] DEBUG o.s.security.web.FilterChainProxy - Secured GET /swagger-ui/index.html MDC:[traceId=, spanId=]
2025-01-10 10:46:48 [http-nio-8081-exec-4] DEBUG o.s.s.w.a.AnonymousAuthenticationFilter - Set SecurityContextHolder to anonymous SecurityContext MDC:[traceId=, spanId=]
2025-01-10 10:46:48 [http-nio-8081-exec-5] DEBUG o.s.security.web.FilterChainProxy - Securing GET /swagger-ui/swagger-initializer.js MDC:[traceId=, spanId=]
2025-01-10 10:46:48 [http-nio-8081-exec-5] DEBUG o.s.security.web.FilterChainProxy - Secured GET /swagger-ui/swagger-initializer.js MDC:[traceId=, spanId=]
2025-01-10 10:46:48 [http-nio-8081-exec-5] DEBUG o.s.s.w.a.AnonymousAuthenticationFilter - Set SecurityContextHolder to anonymous SecurityContext MDC:[traceId=, spanId=]
2025-01-10 10:46:49 [http-nio-8081-exec-2] DEBUG o.s.security.web.FilterChainProxy - Securing GET /v3/api-docs/swagger-config MDC:[traceId=, spanId=]
2025-01-10 10:46:49 [http-nio-8081-exec-2] DEBUG o.s.s.w.a.AnonymousAuthenticationFilter - Set SecurityContextHolder to anonymous SecurityContext MDC:[traceId=, spanId=]
2025-01-10 10:46:49 [http-nio-8081-exec-2] DEBUG o.s.s.w.s.HttpSessionRequestCache - Saved request http://localhost:8081/v3/api-docs/swagger-config?continue to session MDC:[traceId=, spanId=]
2025-01-10 10:46:49 [http-nio-8081-exec-2] DEBUG o.s.s.w.a.Http403ForbiddenEntryPoint - Pre-authenticated entry point called. Rejecting access MDC:[traceId=, spanId=]
2025-01-10 10:46:49 [http-nio-8081-exec-2] DEBUG o.s.security.web.FilterChainProxy - Securing GET /error MDC:[traceId=, spanId=]
2025-01-10 10:46:49 [http-nio-8081-exec-2] DEBUG o.s.s.w.a.AnonymousAuthenticationFilter - Set SecurityContextHolder to anonymous SecurityContext MDC:[traceId=, spanId=]
2025-01-10 10:46:49 [http-nio-8081-exec-2] DEBUG o.s.s.w.s.HttpSessionRequestCache - Saved request http://localhost:8081/error?continue to session MDC:[traceId=, spanId=]
2025-01-10 10:46:49 [http-nio-8081-exec-2] DEBUG o.s.s.w.a.Http403ForbiddenEntryPoint - Pre-authenticated entry point called. Rejecting access MDC:[traceId=, spanId=]
2025-01-10 10:46:49 [http-nio-8081-exec-6] DEBUG o.s.security.web.FilterChainProxy - Securing GET /swagger-ui/index.html MDC:[traceId=, spanId=]
2025-01-10 10:46:49 [http-nio-8081-exec-6] DEBUG o.s.security.web.FilterChainProxy - Secured GET /swagger-ui/index.html MDC:[traceId=, spanId=]
2025-01-10 10:46:49 [http-nio-8081-exec-6] DEBUG o.s.s.w.a.AnonymousAuthenticationFilter - Set SecurityContextHolder to anonymous SecurityContext MDC:[traceId=, spanId=]
2025-01-10 10:46:49 [http-nio-8081-exec-8] DEBUG o.s.security.web.FilterChainProxy - Securing GET /swagger-ui/swagger-initializer.js MDC:[traceId=, spanId=]
2025-01-10 10:46:49 [http-nio-8081-exec-8] DEBUG o.s.security.web.FilterChainProxy - Secured GET /swagger-ui/swagger-initializer.js MDC:[traceId=, spanId=]
2025-01-10 10:46:49 [http-nio-8081-exec-8] DEBUG o.s.s.w.a.AnonymousAuthenticationFilter - Set SecurityContextHolder to anonymous SecurityContext MDC:[traceId=, spanId=]
2025-01-10 10:46:49 [http-nio-8081-exec-9] DEBUG o.s.security.web.FilterChainProxy - Securing GET /v3/api-docs/swagger-config MDC:[traceId=, spanId=]
2025-01-10 10:46:49 [http-nio-8081-exec-9] DEBUG o.s.s.w.a.AnonymousAuthenticationFilter - Set SecurityContextHolder to anonymous SecurityContext MDC:[traceId=, spanId=]
2025-01-10 10:46:49 [http-nio-8081-exec-9] DEBUG o.s.s.w.s.HttpSessionRequestCache - Saved request http://localhost:8081/v3/api-docs/swagger-config?continue to session MDC:[traceId=, spanId=]
2025-01-10 10:46:49 [http-nio-8081-exec-9] DEBUG o.s.s.w.a.Http403ForbiddenEntryPoint - Pre-authenticated entry point called. Rejecting access MDC:[traceId=, spanId=]
2025-01-10 10:46:49 [http-nio-8081-exec-9] DEBUG o.s.security.web.FilterChainProxy - Securing GET /error MDC:[traceId=, spanId=]
2025-01-10 10:46:49 [http-nio-8081-exec-9] DEBUG o.s.s.w.a.AnonymousAuthenticationFilter - Set SecurityContextHolder to anonymous SecurityContext MDC:[traceId=, spanId=]
2025-01-10 10:46:49 [http-nio-8081-exec-9] DEBUG o.s.s.w.s.HttpSessionRequestCache - Saved request http://localhost:8081/error?continue to session MDC:[traceId=, spanId=]
2025-01-10 10:46:49 [http-nio-8081-exec-9] DEBUG o.s.s.w.a.Http403ForbiddenEntryPoint - Pre-authenticated entry point called. Rejecting access MDC:[traceId=, spanId=]
2025-01-10 10:46:50 [http-nio-8081-exec-10] DEBUG o.s.security.web.FilterChainProxy - Securing GET /swagger-ui/index.html MDC:[traceId=, spanId=]
2025-01-10 10:46:50 [http-nio-8081-exec-10] DEBUG o.s.security.web.FilterChainProxy - Secured GET /swagger-ui/index.html MDC:[traceId=, spanId=]
2025-01-10 10:46:50 [http-nio-8081-exec-10] DEBUG o.s.s.w.a.AnonymousAuthenticationFilter - Set SecurityContextHolder to anonymous SecurityContext MDC:[traceId=, spanId=]
2025-01-10 10:46:50 [http-nio-8081-exec-7] DEBUG o.s.security.web.FilterChainProxy - Securing GET /swagger-ui/swagger-initializer.js MDC:[traceId=, spanId=]
2025-01-10 10:46:50 [http-nio-8081-exec-7] DEBUG o.s.security.web.FilterChainProxy - Secured GET /swagger-ui/swagger-initializer.js MDC:[traceId=, spanId=]
2025-01-10 10:46:50 [http-nio-8081-exec-7] DEBUG o.s.s.w.a.AnonymousAuthenticationFilter - Set SecurityContextHolder to anonymous SecurityContext MDC:[traceId=, spanId=]
2025-01-10 10:46:50 [http-nio-8081-exec-1] DEBUG o.s.security.web.FilterChainProxy - Securing GET /v3/api-docs/swagger-config MDC:[traceId=, spanId=]
2025-01-10 10:46:50 [http-nio-8081-exec-1] DEBUG o.s.s.w.a.AnonymousAuthenticationFilter - Set SecurityContextHolder to anonymous SecurityContext MDC:[traceId=, spanId=]
2025-01-10 10:46:50 [http-nio-8081-exec-1] DEBUG o.s.s.w.s.HttpSessionRequestCache - Saved request http://localhost:8081/v3/api-docs/swagger-config?continue to session MDC:[traceId=, spanId=]
2025-01-10 10:46:50 [http-nio-8081-exec-1] DEBUG o.s.s.w.a.Http403ForbiddenEntryPoint - Pre-authenticated entry point called. Rejecting access MDC:[traceId=, spanId=]
2025-01-10 10:46:50 [http-nio-8081-exec-1] DEBUG o.s.security.web.FilterChainProxy - Securing GET /error MDC:[traceId=, spanId=]
2025-01-10 10:46:50 [http-nio-8081-exec-1] DEBUG o.s.s.w.a.AnonymousAuthenticationFilter - Set SecurityContextHolder to anonymous SecurityContext MDC:[traceId=, spanId=]
2025-01-10 10:46:50 [http-nio-8081-exec-1] DEBUG o.s.s.w.s.HttpSessionRequestCache - Saved request http://localhost:8081/error?continue to session MDC:[traceId=, spanId=]
2025-01-10 10:46:50 [http-nio-8081-exec-1] DEBUG o.s.s.w.a.Http403ForbiddenEntryPoint - Pre-authenticated entry point called. Rejecting access MDC:[traceId=, spanId=]
2025-01-10 10:46:50 [http-nio-8081-exec-3] DEBUG o.s.security.web.FilterChainProxy - Securing GET /swagger-ui/index.html MDC:[traceId=, spanId=]
2025-01-10 10:46:50 [http-nio-8081-exec-3] DEBUG o.s.security.web.FilterChainProxy - Secured GET /swagger-ui/index.html MDC:[traceId=, spanId=]
2025-01-10 10:46:50 [http-nio-8081-exec-3] DEBUG o.s.s.w.a.AnonymousAuthenticationFilter - Set SecurityContextHolder to anonymous SecurityContext MDC:[traceId=, spanId=]
2025-01-10 10:46:50 [http-nio-8081-exec-4] DEBUG o.s.security.web.FilterChainProxy - Securing GET /swagger-ui/swagger-initializer.js MDC:[traceId=, spanId=]
2025-01-10 10:46:50 [http-nio-8081-exec-4] DEBUG o.s.security.web.FilterChainProxy - Secured GET /swagger-ui/swagger-initializer.js MDC:[traceId=, spanId=]
2025-01-10 10:46:50 [http-nio-8081-exec-4] DEBUG o.s.s.w.a.AnonymousAuthenticationFilter - Set SecurityContextHolder to anonymous SecurityContext MDC:[traceId=, spanId=]
2025-01-10 10:46:50 [http-nio-8081-exec-5] DEBUG o.s.security.web.FilterChainProxy - Securing GET /v3/api-docs/swagger-config MDC:[traceId=, spanId=]
2025-01-10 10:46:50 [http-nio-8081-exec-5] DEBUG o.s.s.w.a.AnonymousAuthenticationFilter - Set SecurityContextHolder to anonymous SecurityContext MDC:[traceId=, spanId=]
2025-01-10 10:46:50 [http-nio-8081-exec-5] DEBUG o.s.s.w.s.HttpSessionRequestCache - Saved request http://localhost:8081/v3/api-docs/swagger-config?continue to session MDC:[traceId=, spanId=]
2025-01-10 10:46:50 [http-nio-8081-exec-5] DEBUG o.s.s.w.a.Http403ForbiddenEntryPoint - Pre-authenticated entry point called. Rejecting access MDC:[traceId=, spanId=]
2025-01-10 10:46:50 [http-nio-8081-exec-5] DEBUG o.s.security.web.FilterChainProxy - Securing GET /error MDC:[traceId=, spanId=]
2025-01-10 10:46:50 [http-nio-8081-exec-5] DEBUG o.s.s.w.a.AnonymousAuthenticationFilter - Set SecurityContextHolder to anonymous SecurityContext MDC:[traceId=, spanId=]
2025-01-10 10:46:50 [http-nio-8081-exec-5] DEBUG o.s.s.w.s.HttpSessionRequestCache - Saved request http://localhost:8081/error?continue to session MDC:[traceId=, spanId=]
2025-01-10 10:46:50 [http-nio-8081-exec-5] DEBUG o.s.s.w.a.Http403ForbiddenEntryPoint - Pre-authenticated entry point called. Rejecting access MDC:[traceId=, spanId=]
2025-01-10 10:46:51 [http-nio-8081-exec-2] DEBUG o.s.security.web.FilterChainProxy - Securing GET /swagger-ui/index.html MDC:[traceId=, spanId=]
2025-01-10 10:46:51 [http-nio-8081-exec-2] DEBUG o.s.security.web.FilterChainProxy - Secured GET /swagger-ui/index.html MDC:[traceId=, spanId=]
2025-01-10 10:46:51 [http-nio-8081-exec-2] DEBUG o.s.s.w.a.AnonymousAuthenticationFilter - Set SecurityContextHolder to anonymous SecurityContext MDC:[traceId=, spanId=]
2025-01-10 10:46:51 [http-nio-8081-exec-6] DEBUG o.s.security.web.FilterChainProxy - Securing GET /swagger-ui/swagger-initializer.js MDC:[traceId=, spanId=]
2025-01-10 10:46:51 [http-nio-8081-exec-6] DEBUG o.s.security.web.FilterChainProxy - Secured GET /swagger-ui/swagger-initializer.js MDC:[traceId=, spanId=]
2025-01-10 10:46:51 [http-nio-8081-exec-6] DEBUG o.s.s.w.a.AnonymousAuthenticationFilter - Set SecurityContextHolder to anonymous SecurityContext MDC:[traceId=, spanId=]
2025-01-10 10:46:51 [http-nio-8081-exec-8] DEBUG o.s.security.web.FilterChainProxy - Securing GET /v3/api-docs/swagger-config MDC:[traceId=, spanId=]
2025-01-10 10:46:51 [http-nio-8081-exec-8] DEBUG o.s.s.w.a.AnonymousAuthenticationFilter - Set SecurityContextHolder to anonymous SecurityContext MDC:[traceId=, spanId=]
2025-01-10 10:46:51 [http-nio-8081-exec-8] DEBUG o.s.s.w.s.HttpSessionRequestCache - Saved request http://localhost:8081/v3/api-docs/swagger-config?continue to session MDC:[traceId=, spanId=]
2025-01-10 10:46:51 [http-nio-8081-exec-8] DEBUG o.s.s.w.a.Http403ForbiddenEntryPoint - Pre-authenticated entry point called. Rejecting access MDC:[traceId=, spanId=]
2025-01-10 10:46:51 [http-nio-8081-exec-8] DEBUG o.s.security.web.FilterChainProxy - Securing GET /error MDC:[traceId=, spanId=]
2025-01-10 10:46:51 [http-nio-8081-exec-8] DEBUG o.s.s.w.a.AnonymousAuthenticationFilter - Set SecurityContextHolder to anonymous SecurityContext MDC:[traceId=, spanId=]
2025-01-10 10:46:51 [http-nio-8081-exec-8] DEBUG o.s.s.w.s.HttpSessionRequestCache - Saved request http://localhost:8081/error?continue to session MDC:[traceId=, spanId=]
2025-01-10 10:46:51 [http-nio-8081-exec-8] DEBUG o.s.s.w.a.Http403ForbiddenEntryPoint - Pre-authenticated entry point called. Rejecting access MDC:[traceId=, spanId=]
2025-01-10 10:46:51 [http-nio-8081-exec-9] DEBUG o.s.security.web.FilterChainProxy - Securing GET /swagger-ui/index.html MDC:[traceId=, spanId=]
2025-01-10 10:46:51 [http-nio-8081-exec-9] DEBUG o.s.security.web.FilterChainProxy - Secured GET /swagger-ui/index.html MDC:[traceId=, spanId=]
2025-01-10 10:46:51 [http-nio-8081-exec-9] DEBUG o.s.s.w.a.AnonymousAuthenticationFilter - Set SecurityContextHolder to anonymous SecurityContext MDC:[traceId=, spanId=]
2025-01-10 10:46:51 [http-nio-8081-exec-10] DEBUG o.s.security.web.FilterChainProxy - Securing GET /swagger-ui/swagger-initializer.js MDC:[traceId=, spanId=]
2025-01-10 10:46:51 [http-nio-8081-exec-10] DEBUG o.s.security.web.FilterChainProxy - Secured GET /swagger-ui/swagger-initializer.js MDC:[traceId=, spanId=]
2025-01-10 10:46:51 [http-nio-8081-exec-10] DEBUG o.s.s.w.a.AnonymousAuthenticationFilter - Set SecurityContextHolder to anonymous SecurityContext MDC:[traceId=, spanId=]
2025-01-10 10:46:51 [http-nio-8081-exec-7] DEBUG o.s.security.web.FilterChainProxy - Securing GET /v3/api-docs/swagger-config MDC:[traceId=, spanId=]
2025-01-10 10:46:51 [http-nio-8081-exec-7] DEBUG o.s.s.w.a.AnonymousAuthenticationFilter - Set SecurityContextHolder to anonymous SecurityContext MDC:[traceId=, spanId=]
2025-01-10 10:46:51 [http-nio-8081-exec-7] DEBUG o.s.s.w.s.HttpSessionRequestCache - Saved request http://localhost:8081/v3/api-docs/swagger-config?continue to session MDC:[traceId=, spanId=]
2025-01-10 10:46:51 [http-nio-8081-exec-7] DEBUG o.s.s.w.a.Http403ForbiddenEntryPoint - Pre-authenticated entry point called. Rejecting access MDC:[traceId=, spanId=]
2025-01-10 10:46:51 [http-nio-8081-exec-7] DEBUG o.s.security.web.FilterChainProxy - Securing GET /error MDC:[traceId=, spanId=]
2025-01-10 10:46:51 [http-nio-8081-exec-7] DEBUG o.s.s.w.a.AnonymousAuthenticationFilter - Set SecurityContextHolder to anonymous SecurityContext MDC:[traceId=, spanId=]
2025-01-10 10:46:51 [http-nio-8081-exec-7] DEBUG o.s.s.w.s.HttpSessionRequestCache - Saved request http://localhost:8081/error?continue to session MDC:[traceId=, spanId=]
2025-01-10 10:46:51 [http-nio-8081-exec-7] DEBUG o.s.s.w.a.Http403ForbiddenEntryPoint - Pre-authenticated entry point called. Rejecting access MDC:[traceId=, spanId=]
2025-01-10 10:48:25 [main] INFO  o.s.s.c.a.a.c.InitializeUserDetailsBeanManagerConfigurer$InitializeUserDetailsManagerConfigurer - Global AuthenticationManager configured with UserDetailsService bean with name inMemoryUserDetailsManager MDC:[traceId=, spanId=]
2025-01-10 10:48:25 [main] DEBUG o.s.s.web.DefaultSecurityFilterChain - Will secure any request with filters: DisableEncodeUrlFilter, WebAsyncManagerIntegrationFilter, SecurityContextHolderFilter, HeaderWriterFilter, CsrfFilter, LogoutFilter, RequestCacheAwareFilter, SecurityContextHolderAwareRequestFilter, AnonymousAuthenticationFilter, ExceptionTranslationFilter, AuthorizationFilter MDC:[traceId=, spanId=]
2025-01-10 10:48:29 [http-nio-8081-exec-1] DEBUG o.s.security.web.FilterChainProxy - Securing GET /swagger-ui/index.html MDC:[traceId=, spanId=]
2025-01-10 10:48:29 [http-nio-8081-exec-1] DEBUG o.s.security.web.FilterChainProxy - Secured GET /swagger-ui/index.html MDC:[traceId=, spanId=]
2025-01-10 10:48:29 [http-nio-8081-exec-1] DEBUG o.s.s.w.a.AnonymousAuthenticationFilter - Set SecurityContextHolder to anonymous SecurityContext MDC:[traceId=, spanId=]
2025-01-10 10:48:29 [http-nio-8081-exec-2] DEBUG o.s.security.web.FilterChainProxy - Securing GET /swagger-ui/swagger-initializer.js MDC:[traceId=, spanId=]
2025-01-10 10:48:29 [http-nio-8081-exec-2] DEBUG o.s.security.web.FilterChainProxy - Secured GET /swagger-ui/swagger-initializer.js MDC:[traceId=, spanId=]
2025-01-10 10:48:29 [http-nio-8081-exec-2] DEBUG o.s.s.w.a.AnonymousAuthenticationFilter - Set SecurityContextHolder to anonymous SecurityContext MDC:[traceId=, spanId=]
2025-01-10 10:48:29 [http-nio-8081-exec-3] DEBUG o.s.security.web.FilterChainProxy - Securing GET /v3/api-docs/swagger-config MDC:[traceId=, spanId=]
2025-01-10 10:48:29 [http-nio-8081-exec-3] DEBUG o.s.security.web.FilterChainProxy - Secured GET /v3/api-docs/swagger-config MDC:[traceId=, spanId=]
2025-01-10 10:48:29 [http-nio-8081-exec-3] DEBUG o.s.s.w.a.AnonymousAuthenticationFilter - Set SecurityContextHolder to anonymous SecurityContext MDC:[traceId=, spanId=]
2025-01-10 10:48:29 [http-nio-8081-exec-4] DEBUG o.s.security.web.FilterChainProxy - Securing GET /v3/api-docs MDC:[traceId=, spanId=]
2025-01-10 10:48:29 [http-nio-8081-exec-4] DEBUG o.s.security.web.FilterChainProxy - Secured GET /v3/api-docs MDC:[traceId=, spanId=]
2025-01-10 10:48:29 [http-nio-8081-exec-4] DEBUG o.s.s.w.a.AnonymousAuthenticationFilter - Set SecurityContextHolder to anonymous SecurityContext MDC:[traceId=, spanId=]
2025-01-10 10:54:04 [main] INFO  o.s.s.c.a.a.c.InitializeUserDetailsBeanManagerConfigurer$InitializeUserDetailsManagerConfigurer - Global AuthenticationManager configured with UserDetailsService bean with name inMemoryUserDetailsManager MDC:[traceId=, spanId=]
2025-01-10 10:54:04 [main] DEBUG o.s.s.web.DefaultSecurityFilterChain - Will secure any request with filters: DisableEncodeUrlFilter, WebAsyncManagerIntegrationFilter, SecurityContextHolderFilter, HeaderWriterFilter, LogoutFilter, RequestCacheAwareFilter, SecurityContextHolderAwareRequestFilter, AnonymousAuthenticationFilter, ExceptionTranslationFilter, AuthorizationFilter MDC:[traceId=, spanId=]
2025-01-10 10:54:10 [http-nio-8081-exec-2] DEBUG o.s.security.web.FilterChainProxy - Securing GET /swagger-ui/index.html MDC:[traceId=, spanId=]
2025-01-10 10:54:10 [http-nio-8081-exec-2] DEBUG o.s.security.web.FilterChainProxy - Secured GET /swagger-ui/index.html MDC:[traceId=, spanId=]
2025-01-10 10:54:10 [http-nio-8081-exec-2] DEBUG o.s.s.w.a.AnonymousAuthenticationFilter - Set SecurityContextHolder to anonymous SecurityContext MDC:[traceId=, spanId=]
2025-01-10 10:54:10 [http-nio-8081-exec-3] DEBUG o.s.security.web.FilterChainProxy - Securing GET /swagger-ui/swagger-initializer.js MDC:[traceId=, spanId=]
2025-01-10 10:54:10 [http-nio-8081-exec-3] DEBUG o.s.security.web.FilterChainProxy - Secured GET /swagger-ui/swagger-initializer.js MDC:[traceId=, spanId=]
2025-01-10 10:54:10 [http-nio-8081-exec-3] DEBUG o.s.s.w.a.AnonymousAuthenticationFilter - Set SecurityContextHolder to anonymous SecurityContext MDC:[traceId=, spanId=]
2025-01-10 10:54:11 [http-nio-8081-exec-1] DEBUG o.s.security.web.FilterChainProxy - Securing GET /v3/api-docs/swagger-config MDC:[traceId=, spanId=]
2025-01-10 10:54:11 [http-nio-8081-exec-1] DEBUG o.s.security.web.FilterChainProxy - Secured GET /v3/api-docs/swagger-config MDC:[traceId=, spanId=]
2025-01-10 10:54:11 [http-nio-8081-exec-1] DEBUG o.s.s.w.a.AnonymousAuthenticationFilter - Set SecurityContextHolder to anonymous SecurityContext MDC:[traceId=, spanId=]
2025-01-10 10:54:11 [http-nio-8081-exec-4] DEBUG o.s.security.web.FilterChainProxy - Securing GET /v3/api-docs MDC:[traceId=, spanId=]
2025-01-10 10:54:11 [http-nio-8081-exec-4] DEBUG o.s.security.web.FilterChainProxy - Secured GET /v3/api-docs MDC:[traceId=, spanId=]
2025-01-10 10:54:11 [http-nio-8081-exec-4] DEBUG o.s.s.w.a.AnonymousAuthenticationFilter - Set SecurityContextHolder to anonymous SecurityContext MDC:[traceId=, spanId=]
2025-01-10 10:56:27 [main] INFO  o.s.s.c.a.a.c.InitializeUserDetailsBeanManagerConfigurer$InitializeUserDetailsManagerConfigurer - Global AuthenticationManager configured with UserDetailsService bean with name inMemoryUserDetailsManager MDC:[traceId=, spanId=]
2025-01-10 10:56:27 [main] DEBUG o.s.s.web.DefaultSecurityFilterChain - Will secure any request with filters: DisableEncodeUrlFilter, WebAsyncManagerIntegrationFilter, SecurityContextHolderFilter, HeaderWriterFilter, LogoutFilter, RequestCacheAwareFilter, SecurityContextHolderAwareRequestFilter, AnonymousAuthenticationFilter, ExceptionTranslationFilter, AuthorizationFilter MDC:[traceId=, spanId=]
2025-01-10 10:56:32 [http-nio-8081-exec-2] DEBUG o.s.security.web.FilterChainProxy - Securing GET /swagger-ui/index.html MDC:[traceId=, spanId=]
2025-01-10 10:56:32 [http-nio-8081-exec-2] DEBUG o.s.security.web.FilterChainProxy - Secured GET /swagger-ui/index.html MDC:[traceId=, spanId=]
2025-01-10 10:56:32 [http-nio-8081-exec-2] DEBUG o.s.s.w.a.AnonymousAuthenticationFilter - Set SecurityContextHolder to anonymous SecurityContext MDC:[traceId=, spanId=]
2025-01-10 10:56:32 [http-nio-8081-exec-1] DEBUG o.s.security.web.FilterChainProxy - Securing GET /swagger-ui/swagger-initializer.js MDC:[traceId=, spanId=]
2025-01-10 10:56:32 [http-nio-8081-exec-1] DEBUG o.s.security.web.FilterChainProxy - Secured GET /swagger-ui/swagger-initializer.js MDC:[traceId=, spanId=]
2025-01-10 10:56:32 [http-nio-8081-exec-1] DEBUG o.s.s.w.a.AnonymousAuthenticationFilter - Set SecurityContextHolder to anonymous SecurityContext MDC:[traceId=, spanId=]
2025-01-10 10:56:33 [http-nio-8081-exec-3] DEBUG o.s.security.web.FilterChainProxy - Securing GET /v3/api-docs/swagger-config MDC:[traceId=, spanId=]
2025-01-10 10:56:33 [http-nio-8081-exec-3] DEBUG o.s.security.web.FilterChainProxy - Secured GET /v3/api-docs/swagger-config MDC:[traceId=, spanId=]
2025-01-10 10:56:33 [http-nio-8081-exec-3] DEBUG o.s.s.w.a.AnonymousAuthenticationFilter - Set SecurityContextHolder to anonymous SecurityContext MDC:[traceId=, spanId=]
2025-01-10 10:56:33 [http-nio-8081-exec-4] DEBUG o.s.security.web.FilterChainProxy - Securing GET /v3/api-docs MDC:[traceId=, spanId=]
2025-01-10 10:56:33 [http-nio-8081-exec-4] DEBUG o.s.security.web.FilterChainProxy - Secured GET /v3/api-docs MDC:[traceId=, spanId=]
2025-01-10 10:56:33 [http-nio-8081-exec-4] DEBUG o.s.s.w.a.AnonymousAuthenticationFilter - Set SecurityContextHolder to anonymous SecurityContext MDC:[traceId=, spanId=]
2025-01-10 10:56:37 [http-nio-8081-exec-9] DEBUG o.s.security.web.FilterChainProxy - Securing GET /v3/api-docs MDC:[traceId=, spanId=]
2025-01-10 10:56:37 [http-nio-8081-exec-9] DEBUG o.s.security.web.FilterChainProxy - Secured GET /v3/api-docs MDC:[traceId=, spanId=]
2025-01-10 10:56:37 [http-nio-8081-exec-9] DEBUG o.s.s.w.a.AnonymousAuthenticationFilter - Set SecurityContextHolder to anonymous SecurityContext MDC:[traceId=, spanId=]
2025-01-10 10:57:24 [main] INFO  o.s.s.c.a.a.c.InitializeUserDetailsBeanManagerConfigurer$InitializeUserDetailsManagerConfigurer - Global AuthenticationManager configured with UserDetailsService bean with name inMemoryUserDetailsManager MDC:[traceId=, spanId=]
2025-01-10 10:57:24 [main] DEBUG o.s.s.web.DefaultSecurityFilterChain - Will secure any request with filters: DisableEncodeUrlFilter, WebAsyncManagerIntegrationFilter, SecurityContextHolderFilter, HeaderWriterFilter, LogoutFilter, RequestCacheAwareFilter, SecurityContextHolderAwareRequestFilter, AnonymousAuthenticationFilter, ExceptionTranslationFilter, AuthorizationFilter MDC:[traceId=, spanId=]
2025-01-10 10:57:29 [http-nio-8081-exec-2] DEBUG o.s.security.web.FilterChainProxy - Securing GET /swagger-ui/index.html MDC:[traceId=, spanId=]
2025-01-10 10:57:29 [http-nio-8081-exec-2] DEBUG o.s.security.web.FilterChainProxy - Secured GET /swagger-ui/index.html MDC:[traceId=, spanId=]
2025-01-10 10:57:29 [http-nio-8081-exec-2] DEBUG o.s.s.w.a.AnonymousAuthenticationFilter - Set SecurityContextHolder to anonymous SecurityContext MDC:[traceId=, spanId=]
2025-01-10 10:57:29 [http-nio-8081-exec-1] DEBUG o.s.security.web.FilterChainProxy - Securing GET /swagger-ui/swagger-initializer.js MDC:[traceId=, spanId=]
2025-01-10 10:57:29 [http-nio-8081-exec-1] DEBUG o.s.security.web.FilterChainProxy - Secured GET /swagger-ui/swagger-initializer.js MDC:[traceId=, spanId=]
2025-01-10 10:57:29 [http-nio-8081-exec-1] DEBUG o.s.s.w.a.AnonymousAuthenticationFilter - Set SecurityContextHolder to anonymous SecurityContext MDC:[traceId=, spanId=]
2025-01-10 10:57:30 [http-nio-8081-exec-3] DEBUG o.s.security.web.FilterChainProxy - Securing GET /v3/api-docs/swagger-config MDC:[traceId=, spanId=]
2025-01-10 10:57:30 [http-nio-8081-exec-3] DEBUG o.s.security.web.FilterChainProxy - Secured GET /v3/api-docs/swagger-config MDC:[traceId=, spanId=]
2025-01-10 10:57:30 [http-nio-8081-exec-3] DEBUG o.s.s.w.a.AnonymousAuthenticationFilter - Set SecurityContextHolder to anonymous SecurityContext MDC:[traceId=, spanId=]
2025-01-10 10:57:30 [http-nio-8081-exec-4] DEBUG o.s.security.web.FilterChainProxy - Securing GET /v3/api-docs MDC:[traceId=, spanId=]
2025-01-10 10:57:30 [http-nio-8081-exec-4] DEBUG o.s.security.web.FilterChainProxy - Secured GET /v3/api-docs MDC:[traceId=, spanId=]
2025-01-10 10:57:30 [http-nio-8081-exec-4] DEBUG o.s.s.w.a.AnonymousAuthenticationFilter - Set SecurityContextHolder to anonymous SecurityContext MDC:[traceId=, spanId=]
2025-01-10 11:00:49 [main] INFO  o.s.s.c.a.a.c.InitializeUserDetailsBeanManagerConfigurer$InitializeUserDetailsManagerConfigurer - Global AuthenticationManager configured with UserDetailsService bean with name inMemoryUserDetailsManager MDC:[traceId=, spanId=]
2025-01-10 11:00:49 [main] DEBUG o.s.s.web.DefaultSecurityFilterChain - Will secure any request with filters: DisableEncodeUrlFilter, WebAsyncManagerIntegrationFilter, SecurityContextHolderFilter, HeaderWriterFilter, LogoutFilter, RequestCacheAwareFilter, SecurityContextHolderAwareRequestFilter, AnonymousAuthenticationFilter, ExceptionTranslationFilter, AuthorizationFilter MDC:[traceId=, spanId=]
2025-01-10 11:00:55 [http-nio-8081-exec-2] DEBUG o.s.security.web.FilterChainProxy - Securing GET /swagger-ui/index.html MDC:[traceId=, spanId=]
2025-01-10 11:00:55 [http-nio-8081-exec-2] DEBUG o.s.security.web.FilterChainProxy - Secured GET /swagger-ui/index.html MDC:[traceId=, spanId=]
2025-01-10 11:00:55 [http-nio-8081-exec-2] DEBUG o.s.s.w.a.AnonymousAuthenticationFilter - Set SecurityContextHolder to anonymous SecurityContext MDC:[traceId=, spanId=]
2025-01-10 11:00:55 [http-nio-8081-exec-1] DEBUG o.s.security.web.FilterChainProxy - Securing GET /swagger-ui/swagger-initializer.js MDC:[traceId=, spanId=]
2025-01-10 11:00:55 [http-nio-8081-exec-1] DEBUG o.s.security.web.FilterChainProxy - Secured GET /swagger-ui/swagger-initializer.js MDC:[traceId=, spanId=]
2025-01-10 11:00:55 [http-nio-8081-exec-1] DEBUG o.s.s.w.a.AnonymousAuthenticationFilter - Set SecurityContextHolder to anonymous SecurityContext MDC:[traceId=, spanId=]
2025-01-10 11:00:55 [http-nio-8081-exec-4] DEBUG o.s.security.web.FilterChainProxy - Securing GET /v3/api-docs/swagger-config MDC:[traceId=, spanId=]
2025-01-10 11:00:55 [http-nio-8081-exec-4] DEBUG o.s.security.web.FilterChainProxy - Secured GET /v3/api-docs/swagger-config MDC:[traceId=, spanId=]
2025-01-10 11:00:56 [http-nio-8081-exec-4] DEBUG o.s.s.w.a.AnonymousAuthenticationFilter - Set SecurityContextHolder to anonymous SecurityContext MDC:[traceId=, spanId=]
2025-01-10 11:00:56 [http-nio-8081-exec-5] DEBUG o.s.security.web.FilterChainProxy - Securing GET /v3/api-docs MDC:[traceId=, spanId=]
2025-01-10 11:00:56 [http-nio-8081-exec-5] DEBUG o.s.security.web.FilterChainProxy - Secured GET /v3/api-docs MDC:[traceId=, spanId=]
2025-01-10 11:00:56 [http-nio-8081-exec-5] DEBUG o.s.s.w.a.AnonymousAuthenticationFilter - Set SecurityContextHolder to anonymous SecurityContext MDC:[traceId=, spanId=]
2025-01-10 11:03:48 [main] INFO  o.s.s.c.a.a.c.InitializeUserDetailsBeanManagerConfigurer$InitializeUserDetailsManagerConfigurer - Global AuthenticationManager configured with UserDetailsService bean with name inMemoryUserDetailsManager MDC:[traceId=, spanId=]
2025-01-10 11:03:49 [main] DEBUG o.s.s.web.DefaultSecurityFilterChain - Will secure any request with filters: DisableEncodeUrlFilter, WebAsyncManagerIntegrationFilter, SecurityContextHolderFilter, HeaderWriterFilter, LogoutFilter, RequestCacheAwareFilter, SecurityContextHolderAwareRequestFilter, AnonymousAuthenticationFilter, ExceptionTranslationFilter, AuthorizationFilter MDC:[traceId=, spanId=]
2025-01-10 11:03:58 [http-nio-8081-exec-1] DEBUG o.s.security.web.FilterChainProxy - Securing GET /swagger-ui/index.html MDC:[traceId=, spanId=]
2025-01-10 11:03:58 [http-nio-8081-exec-1] DEBUG o.s.security.web.FilterChainProxy - Secured GET /swagger-ui/index.html MDC:[traceId=, spanId=]
2025-01-10 11:03:58 [http-nio-8081-exec-1] DEBUG o.s.s.w.a.AnonymousAuthenticationFilter - Set SecurityContextHolder to anonymous SecurityContext MDC:[traceId=, spanId=]
2025-01-10 11:03:58 [http-nio-8081-exec-2] DEBUG o.s.security.web.FilterChainProxy - Securing GET /swagger-ui/swagger-initializer.js MDC:[traceId=, spanId=]
2025-01-10 11:03:58 [http-nio-8081-exec-2] DEBUG o.s.security.web.FilterChainProxy - Secured GET /swagger-ui/swagger-initializer.js MDC:[traceId=, spanId=]
2025-01-10 11:03:58 [http-nio-8081-exec-2] DEBUG o.s.s.w.a.AnonymousAuthenticationFilter - Set SecurityContextHolder to anonymous SecurityContext MDC:[traceId=, spanId=]
2025-01-10 11:03:58 [http-nio-8081-exec-3] DEBUG o.s.security.web.FilterChainProxy - Securing GET /v3/api-docs/swagger-config MDC:[traceId=, spanId=]
2025-01-10 11:03:58 [http-nio-8081-exec-3] DEBUG o.s.security.web.FilterChainProxy - Secured GET /v3/api-docs/swagger-config MDC:[traceId=, spanId=]
2025-01-10 11:03:58 [http-nio-8081-exec-3] DEBUG o.s.s.w.a.AnonymousAuthenticationFilter - Set SecurityContextHolder to anonymous SecurityContext MDC:[traceId=, spanId=]
2025-01-10 11:03:59 [http-nio-8081-exec-4] DEBUG o.s.security.web.FilterChainProxy - Securing GET /v3/api-docs MDC:[traceId=, spanId=]
2025-01-10 11:03:59 [http-nio-8081-exec-4] DEBUG o.s.security.web.FilterChainProxy - Secured GET /v3/api-docs MDC:[traceId=, spanId=]
2025-01-10 11:03:59 [http-nio-8081-exec-4] DEBUG o.s.s.w.a.AnonymousAuthenticationFilter - Set SecurityContextHolder to anonymous SecurityContext MDC:[traceId=, spanId=]
2025-01-10 11:06:21 [main] INFO  o.s.s.c.a.a.c.InitializeUserDetailsBeanManagerConfigurer$InitializeUserDetailsManagerConfigurer - Global AuthenticationManager configured with UserDetailsService bean with name inMemoryUserDetailsManager MDC:[traceId=, spanId=]
2025-01-10 11:06:21 [main] DEBUG o.s.s.web.DefaultSecurityFilterChain - Will secure any request with filters: DisableEncodeUrlFilter, WebAsyncManagerIntegrationFilter, SecurityContextHolderFilter, HeaderWriterFilter, LogoutFilter, RequestCacheAwareFilter, SecurityContextHolderAwareRequestFilter, AnonymousAuthenticationFilter, ExceptionTranslationFilter, AuthorizationFilter MDC:[traceId=, spanId=]
2025-01-10 11:06:26 [http-nio-8081-exec-1] DEBUG o.s.security.web.FilterChainProxy - Securing GET /swagger-ui/index.html MDC:[traceId=, spanId=]
2025-01-10 11:06:26 [http-nio-8081-exec-1] DEBUG o.s.security.web.FilterChainProxy - Secured GET /swagger-ui/index.html MDC:[traceId=, spanId=]
2025-01-10 11:06:26 [http-nio-8081-exec-1] DEBUG o.s.s.w.a.AnonymousAuthenticationFilter - Set SecurityContextHolder to anonymous SecurityContext MDC:[traceId=, spanId=]
2025-01-10 11:06:26 [http-nio-8081-exec-3] DEBUG o.s.security.web.FilterChainProxy - Securing GET /swagger-ui/swagger-initializer.js MDC:[traceId=, spanId=]
2025-01-10 11:06:26 [http-nio-8081-exec-3] DEBUG o.s.security.web.FilterChainProxy - Secured GET /swagger-ui/swagger-initializer.js MDC:[traceId=, spanId=]
2025-01-10 11:06:26 [http-nio-8081-exec-3] DEBUG o.s.s.w.a.AnonymousAuthenticationFilter - Set SecurityContextHolder to anonymous SecurityContext MDC:[traceId=, spanId=]
2025-01-10 11:06:26 [http-nio-8081-exec-2] DEBUG o.s.security.web.FilterChainProxy - Securing GET /v3/api-docs/swagger-config MDC:[traceId=, spanId=]
2025-01-10 11:06:26 [http-nio-8081-exec-2] DEBUG o.s.security.web.FilterChainProxy - Secured GET /v3/api-docs/swagger-config MDC:[traceId=, spanId=]
2025-01-10 11:06:26 [http-nio-8081-exec-2] DEBUG o.s.s.w.a.AnonymousAuthenticationFilter - Set SecurityContextHolder to anonymous SecurityContext MDC:[traceId=, spanId=]
2025-01-10 11:06:26 [http-nio-8081-exec-4] DEBUG o.s.security.web.FilterChainProxy - Securing GET /v3/api-docs MDC:[traceId=, spanId=]
2025-01-10 11:06:26 [http-nio-8081-exec-4] DEBUG o.s.security.web.FilterChainProxy - Secured GET /v3/api-docs MDC:[traceId=, spanId=]
2025-01-10 11:06:26 [http-nio-8081-exec-4] DEBUG o.s.s.w.a.AnonymousAuthenticationFilter - Set SecurityContextHolder to anonymous SecurityContext MDC:[traceId=, spanId=]
2025-01-10 11:11:58 [main] INFO  o.s.s.c.a.a.c.InitializeUserDetailsBeanManagerConfigurer$InitializeUserDetailsManagerConfigurer - Global AuthenticationManager configured with UserDetailsService bean with name inMemoryUserDetailsManager MDC:[traceId=, spanId=]
2025-01-10 11:11:59 [main] DEBUG o.s.s.web.DefaultSecurityFilterChain - Will secure any request with filters: DisableEncodeUrlFilter, WebAsyncManagerIntegrationFilter, SecurityContextHolderFilter, HeaderWriterFilter, LogoutFilter, RequestCacheAwareFilter, SecurityContextHolderAwareRequestFilter, AnonymousAuthenticationFilter, ExceptionTranslationFilter, AuthorizationFilter MDC:[traceId=, spanId=]
2025-01-10 11:12:02 [http-nio-8081-exec-1] DEBUG o.s.security.web.FilterChainProxy - Securing GET /swagger-ui/index.html MDC:[traceId=, spanId=]
2025-01-10 11:12:02 [http-nio-8081-exec-1] DEBUG o.s.security.web.FilterChainProxy - Secured GET /swagger-ui/index.html MDC:[traceId=, spanId=]
2025-01-10 11:12:02 [http-nio-8081-exec-1] DEBUG o.s.s.w.a.AnonymousAuthenticationFilter - Set SecurityContextHolder to anonymous SecurityContext MDC:[traceId=, spanId=]
2025-01-10 11:12:02 [http-nio-8081-exec-2] DEBUG o.s.security.web.FilterChainProxy - Securing GET /swagger-ui/swagger-initializer.js MDC:[traceId=, spanId=]
2025-01-10 11:12:02 [http-nio-8081-exec-2] DEBUG o.s.security.web.FilterChainProxy - Secured GET /swagger-ui/swagger-initializer.js MDC:[traceId=, spanId=]
2025-01-10 11:12:02 [http-nio-8081-exec-2] DEBUG o.s.s.w.a.AnonymousAuthenticationFilter - Set SecurityContextHolder to anonymous SecurityContext MDC:[traceId=, spanId=]
2025-01-10 11:12:03 [http-nio-8081-exec-3] DEBUG o.s.security.web.FilterChainProxy - Securing GET /v3/api-docs/swagger-config MDC:[traceId=, spanId=]
2025-01-10 11:12:03 [http-nio-8081-exec-3] DEBUG o.s.security.web.FilterChainProxy - Secured GET /v3/api-docs/swagger-config MDC:[traceId=, spanId=]
2025-01-10 11:12:03 [http-nio-8081-exec-3] DEBUG o.s.s.w.a.AnonymousAuthenticationFilter - Set SecurityContextHolder to anonymous SecurityContext MDC:[traceId=, spanId=]
2025-01-10 11:12:03 [http-nio-8081-exec-4] DEBUG o.s.security.web.FilterChainProxy - Securing GET /v3/api-docs MDC:[traceId=, spanId=]
2025-01-10 11:12:03 [http-nio-8081-exec-4] DEBUG o.s.security.web.FilterChainProxy - Secured GET /v3/api-docs MDC:[traceId=, spanId=]
2025-01-10 11:12:03 [http-nio-8081-exec-4] DEBUG o.s.s.w.a.AnonymousAuthenticationFilter - Set SecurityContextHolder to anonymous SecurityContext MDC:[traceId=, spanId=]
2025-01-10 11:19:09 [main] INFO  o.s.s.c.a.a.c.InitializeUserDetailsBeanManagerConfigurer$InitializeUserDetailsManagerConfigurer - Global AuthenticationManager configured with UserDetailsService bean with name inMemoryUserDetailsManager MDC:[traceId=, spanId=]
2025-01-10 11:19:09 [main] DEBUG o.s.s.web.DefaultSecurityFilterChain - Will secure any request with filters: DisableEncodeUrlFilter, WebAsyncManagerIntegrationFilter, SecurityContextHolderFilter, HeaderWriterFilter, LogoutFilter, RequestCacheAwareFilter, SecurityContextHolderAwareRequestFilter, AnonymousAuthenticationFilter, ExceptionTranslationFilter, AuthorizationFilter MDC:[traceId=, spanId=]
2025-01-10 13:08:37 [main] INFO  o.s.s.c.a.a.c.InitializeUserDetailsBeanManagerConfigurer$InitializeUserDetailsManagerConfigurer - Global AuthenticationManager configured with UserDetailsService bean with name inMemoryUserDetailsManager MDC:[traceId=, spanId=]
2025-01-10 13:08:38 [main] DEBUG o.s.s.web.DefaultSecurityFilterChain - Will secure any request with filters: DisableEncodeUrlFilter, WebAsyncManagerIntegrationFilter, SecurityContextHolderFilter, HeaderWriterFilter, LogoutFilter, RequestCacheAwareFilter, SecurityContextHolderAwareRequestFilter, AnonymousAuthenticationFilter, ExceptionTranslationFilter, AuthorizationFilter MDC:[traceId=, spanId=]
2025-01-10 13:08:47 [http-nio-8081-exec-2] DEBUG o.s.s.w.f.HttpStatusRequestRejectedHandler - Rejecting request due to: The request was rejected because the URL contained a potentially malicious String "//" MDC:[traceId=, spanId=]
org.springframework.security.web.firewall.RequestRejectedException: The request was rejected because the URL contained a potentially malicious String "//"
	at org.springframework.security.web.firewall.StrictHttpFirewall.rejectedBlocklistedUrls(StrictHttpFirewall.java:548)
	at org.springframework.security.web.firewall.StrictHttpFirewall.getFirewalledRequest(StrictHttpFirewall.java:518)
	at org.springframework.security.web.FilterChainProxy.doFilterInternal(FilterChainProxy.java:211)
	at org.springframework.security.web.FilterChainProxy.doFilter(FilterChainProxy.java:191)
	at org.springframework.web.filter.CompositeFilter$VirtualFilterChain.doFilter(CompositeFilter.java:113)
	at org.springframework.web.servlet.handler.HandlerMappingIntrospector.lambda$createCacheFilter$3(HandlerMappingIntrospector.java:243)
	at org.springframework.web.filter.CompositeFilter$VirtualFilterChain.doFilter(CompositeFilter.java:113)
	at org.springframework.web.filter.CompositeFilter.doFilter(CompositeFilter.java:74)
	at org.springframework.security.config.annotation.web.configuration.WebMvcSecurityConfiguration$CompositeFilterChainProxy.doFilter(WebMvcSecurityConfiguration.java:238)
	at org.springframework.web.filter.DelegatingFilterProxy.invokeDelegate(DelegatingFilterProxy.java:362)
	at org.springframework.web.filter.DelegatingFilterProxy.doFilter(DelegatingFilterProxy.java:278)
	at org.apache.catalina.core.ApplicationFilterChain.internalDoFilter(ApplicationFilterChain.java:164)
	at org.apache.catalina.core.ApplicationFilterChain.doFilter(ApplicationFilterChain.java:140)
	at org.springframework.web.filter.RequestContextFilter.doFilterInternal(RequestContextFilter.java:100)
	at org.springframework.web.filter.OncePerRequestFilter.doFilter(OncePerRequestFilter.java:116)
	at org.apache.catalina.core.ApplicationFilterChain.internalDoFilter(ApplicationFilterChain.java:164)
	at org.apache.catalina.core.ApplicationFilterChain.doFilter(ApplicationFilterChain.java:140)
	at org.springframework.web.filter.FormContentFilter.doFilterInternal(FormContentFilter.java:93)
	at org.springframework.web.filter.OncePerRequestFilter.doFilter(OncePerRequestFilter.java:116)
	at org.apache.catalina.core.ApplicationFilterChain.internalDoFilter(ApplicationFilterChain.java:164)
	at org.apache.catalina.core.ApplicationFilterChain.doFilter(ApplicationFilterChain.java:140)
	at org.springframework.web.filter.CharacterEncodingFilter.doFilterInternal(CharacterEncodingFilter.java:201)
	at org.springframework.web.filter.OncePerRequestFilter.doFilter(OncePerRequestFilter.java:116)
	at org.apache.catalina.core.ApplicationFilterChain.internalDoFilter(ApplicationFilterChain.java:164)
	at org.apache.catalina.core.ApplicationFilterChain.doFilter(ApplicationFilterChain.java:140)
	at org.apache.catalina.core.StandardWrapperValve.invoke(StandardWrapperValve.java:167)
	at org.apache.catalina.core.StandardContextValve.invoke(StandardContextValve.java:90)
	at org.apache.catalina.authenticator.AuthenticatorBase.invoke(AuthenticatorBase.java:483)
	at org.apache.catalina.core.StandardHostValve.invoke(StandardHostValve.java:115)
	at org.apache.catalina.valves.ErrorReportValve.invoke(ErrorReportValve.java:93)
	at org.apache.catalina.core.StandardEngineValve.invoke(StandardEngineValve.java:74)
	at org.apache.catalina.connector.CoyoteAdapter.service(CoyoteAdapter.java:344)
	at org.apache.coyote.http11.Http11Processor.service(Http11Processor.java:397)
	at org.apache.coyote.AbstractProcessorLight.process(AbstractProcessorLight.java:63)
	at org.apache.coyote.AbstractProtocol$ConnectionHandler.process(AbstractProtocol.java:905)
	at org.apache.tomcat.util.net.NioEndpoint$SocketProcessor.doRun(NioEndpoint.java:1741)
	at org.apache.tomcat.util.net.SocketProcessorBase.run(SocketProcessorBase.java:52)
	at org.apache.tomcat.util.threads.ThreadPoolExecutor.runWorker(ThreadPoolExecutor.java:1190)
	at org.apache.tomcat.util.threads.ThreadPoolExecutor$Worker.run(ThreadPoolExecutor.java:659)
	at org.apache.tomcat.util.threads.TaskThread$WrappingRunnable.run(TaskThread.java:63)
	at java.base/java.lang.Thread.run(Thread.java:833)
2025-01-10 13:08:47 [http-nio-8081-exec-2] DEBUG o.s.security.web.FilterChainProxy - Securing POST /error MDC:[traceId=, spanId=]
2025-01-10 13:08:47 [http-nio-8081-exec-2] DEBUG o.s.s.w.a.AnonymousAuthenticationFilter - Set SecurityContextHolder to anonymous SecurityContext MDC:[traceId=, spanId=]
2025-01-10 13:08:47 [http-nio-8081-exec-2] DEBUG o.s.s.w.s.HttpSessionRequestCache - Saved request http://localhost:8081/error?continue to session MDC:[traceId=, spanId=]
2025-01-10 13:08:47 [http-nio-8081-exec-2] DEBUG o.s.s.w.a.Http403ForbiddenEntryPoint - Pre-authenticated entry point called. Rejecting access MDC:[traceId=, spanId=]
2025-01-10 13:09:49 [http-nio-8081-exec-4] DEBUG o.s.s.w.f.HttpStatusRequestRejectedHandler - Rejecting request due to: The request was rejected because the URL contained a potentially malicious String "//" MDC:[traceId=, spanId=]
org.springframework.security.web.firewall.RequestRejectedException: The request was rejected because the URL contained a potentially malicious String "//"
	at org.springframework.security.web.firewall.StrictHttpFirewall.rejectedBlocklistedUrls(StrictHttpFirewall.java:548)
	at org.springframework.security.web.firewall.StrictHttpFirewall.getFirewalledRequest(StrictHttpFirewall.java:518)
	at org.springframework.security.web.FilterChainProxy.doFilterInternal(FilterChainProxy.java:211)
	at org.springframework.security.web.FilterChainProxy.doFilter(FilterChainProxy.java:191)
	at org.springframework.web.filter.CompositeFilter$VirtualFilterChain.doFilter(CompositeFilter.java:113)
	at org.springframework.web.servlet.handler.HandlerMappingIntrospector.lambda$createCacheFilter$3(HandlerMappingIntrospector.java:243)
	at org.springframework.web.filter.CompositeFilter$VirtualFilterChain.doFilter(CompositeFilter.java:113)
	at org.springframework.web.filter.CompositeFilter.doFilter(CompositeFilter.java:74)
	at org.springframework.security.config.annotation.web.configuration.WebMvcSecurityConfiguration$CompositeFilterChainProxy.doFilter(WebMvcSecurityConfiguration.java:238)
	at org.springframework.web.filter.DelegatingFilterProxy.invokeDelegate(DelegatingFilterProxy.java:362)
	at org.springframework.web.filter.DelegatingFilterProxy.doFilter(DelegatingFilterProxy.java:278)
	at org.apache.catalina.core.ApplicationFilterChain.internalDoFilter(ApplicationFilterChain.java:164)
	at org.apache.catalina.core.ApplicationFilterChain.doFilter(ApplicationFilterChain.java:140)
	at org.springframework.web.filter.RequestContextFilter.doFilterInternal(RequestContextFilter.java:100)
	at org.springframework.web.filter.OncePerRequestFilter.doFilter(OncePerRequestFilter.java:116)
	at org.apache.catalina.core.ApplicationFilterChain.internalDoFilter(ApplicationFilterChain.java:164)
	at org.apache.catalina.core.ApplicationFilterChain.doFilter(ApplicationFilterChain.java:140)
	at org.springframework.web.filter.FormContentFilter.doFilterInternal(FormContentFilter.java:93)
	at org.springframework.web.filter.OncePerRequestFilter.doFilter(OncePerRequestFilter.java:116)
	at org.apache.catalina.core.ApplicationFilterChain.internalDoFilter(ApplicationFilterChain.java:164)
	at org.apache.catalina.core.ApplicationFilterChain.doFilter(ApplicationFilterChain.java:140)
	at org.springframework.web.filter.CharacterEncodingFilter.doFilterInternal(CharacterEncodingFilter.java:201)
	at org.springframework.web.filter.OncePerRequestFilter.doFilter(OncePerRequestFilter.java:116)
	at org.apache.catalina.core.ApplicationFilterChain.internalDoFilter(ApplicationFilterChain.java:164)
	at org.apache.catalina.core.ApplicationFilterChain.doFilter(ApplicationFilterChain.java:140)
	at org.apache.catalina.core.StandardWrapperValve.invoke(StandardWrapperValve.java:167)
	at org.apache.catalina.core.StandardContextValve.invoke(StandardContextValve.java:90)
	at org.apache.catalina.authenticator.AuthenticatorBase.invoke(AuthenticatorBase.java:483)
	at org.apache.catalina.core.StandardHostValve.invoke(StandardHostValve.java:115)
	at org.apache.catalina.valves.ErrorReportValve.invoke(ErrorReportValve.java:93)
	at org.apache.catalina.core.StandardEngineValve.invoke(StandardEngineValve.java:74)
	at org.apache.catalina.connector.CoyoteAdapter.service(CoyoteAdapter.java:344)
	at org.apache.coyote.http11.Http11Processor.service(Http11Processor.java:397)
	at org.apache.coyote.AbstractProcessorLight.process(AbstractProcessorLight.java:63)
	at org.apache.coyote.AbstractProtocol$ConnectionHandler.process(AbstractProtocol.java:905)
	at org.apache.tomcat.util.net.NioEndpoint$SocketProcessor.doRun(NioEndpoint.java:1741)
	at org.apache.tomcat.util.net.SocketProcessorBase.run(SocketProcessorBase.java:52)
	at org.apache.tomcat.util.threads.ThreadPoolExecutor.runWorker(ThreadPoolExecutor.java:1190)
	at org.apache.tomcat.util.threads.ThreadPoolExecutor$Worker.run(ThreadPoolExecutor.java:659)
	at org.apache.tomcat.util.threads.TaskThread$WrappingRunnable.run(TaskThread.java:63)
	at java.base/java.lang.Thread.run(Thread.java:833)
2025-01-10 13:09:49 [http-nio-8081-exec-4] DEBUG o.s.security.web.FilterChainProxy - Securing POST /error MDC:[traceId=, spanId=]
2025-01-10 13:09:49 [http-nio-8081-exec-4] DEBUG o.s.s.w.a.AnonymousAuthenticationFilter - Set SecurityContextHolder to anonymous SecurityContext MDC:[traceId=, spanId=]
2025-01-10 13:09:49 [http-nio-8081-exec-4] DEBUG o.s.s.w.s.HttpSessionRequestCache - Saved request http://localhost:8081/error?continue to session MDC:[traceId=, spanId=]
2025-01-10 13:09:49 [http-nio-8081-exec-4] DEBUG o.s.s.w.a.Http403ForbiddenEntryPoint - Pre-authenticated entry point called. Rejecting access MDC:[traceId=, spanId=]
2025-01-10 13:10:47 [http-nio-8081-exec-6] DEBUG o.s.s.w.f.HttpStatusRequestRejectedHandler - Rejecting request due to: The request was rejected because the URL contained a potentially malicious String "//" MDC:[traceId=, spanId=]
org.springframework.security.web.firewall.RequestRejectedException: The request was rejected because the URL contained a potentially malicious String "//"
	at org.springframework.security.web.firewall.StrictHttpFirewall.rejectedBlocklistedUrls(StrictHttpFirewall.java:548)
	at org.springframework.security.web.firewall.StrictHttpFirewall.getFirewalledRequest(StrictHttpFirewall.java:518)
	at org.springframework.security.web.FilterChainProxy.doFilterInternal(FilterChainProxy.java:211)
	at org.springframework.security.web.FilterChainProxy.doFilter(FilterChainProxy.java:191)
	at org.springframework.web.filter.CompositeFilter$VirtualFilterChain.doFilter(CompositeFilter.java:113)
	at org.springframework.web.servlet.handler.HandlerMappingIntrospector.lambda$createCacheFilter$3(HandlerMappingIntrospector.java:243)
	at org.springframework.web.filter.CompositeFilter$VirtualFilterChain.doFilter(CompositeFilter.java:113)
	at org.springframework.web.filter.CompositeFilter.doFilter(CompositeFilter.java:74)
	at org.springframework.security.config.annotation.web.configuration.WebMvcSecurityConfiguration$CompositeFilterChainProxy.doFilter(WebMvcSecurityConfiguration.java:238)
	at org.springframework.web.filter.DelegatingFilterProxy.invokeDelegate(DelegatingFilterProxy.java:362)
	at org.springframework.web.filter.DelegatingFilterProxy.doFilter(DelegatingFilterProxy.java:278)
	at org.apache.catalina.core.ApplicationFilterChain.internalDoFilter(ApplicationFilterChain.java:164)
	at org.apache.catalina.core.ApplicationFilterChain.doFilter(ApplicationFilterChain.java:140)
	at org.springframework.web.filter.RequestContextFilter.doFilterInternal(RequestContextFilter.java:100)
	at org.springframework.web.filter.OncePerRequestFilter.doFilter(OncePerRequestFilter.java:116)
	at org.apache.catalina.core.ApplicationFilterChain.internalDoFilter(ApplicationFilterChain.java:164)
	at org.apache.catalina.core.ApplicationFilterChain.doFilter(ApplicationFilterChain.java:140)
	at org.springframework.web.filter.FormContentFilter.doFilterInternal(FormContentFilter.java:93)
	at org.springframework.web.filter.OncePerRequestFilter.doFilter(OncePerRequestFilter.java:116)
	at org.apache.catalina.core.ApplicationFilterChain.internalDoFilter(ApplicationFilterChain.java:164)
	at org.apache.catalina.core.ApplicationFilterChain.doFilter(ApplicationFilterChain.java:140)
	at org.springframework.web.filter.CharacterEncodingFilter.doFilterInternal(CharacterEncodingFilter.java:201)
	at org.springframework.web.filter.OncePerRequestFilter.doFilter(OncePerRequestFilter.java:116)
	at org.apache.catalina.core.ApplicationFilterChain.internalDoFilter(ApplicationFilterChain.java:164)
	at org.apache.catalina.core.ApplicationFilterChain.doFilter(ApplicationFilterChain.java:140)
	at org.apache.catalina.core.StandardWrapperValve.invoke(StandardWrapperValve.java:167)
	at org.apache.catalina.core.StandardContextValve.invoke(StandardContextValve.java:90)
	at org.apache.catalina.authenticator.AuthenticatorBase.invoke(AuthenticatorBase.java:483)
	at org.apache.catalina.core.StandardHostValve.invoke(StandardHostValve.java:115)
	at org.apache.catalina.valves.ErrorReportValve.invoke(ErrorReportValve.java:93)
	at org.apache.catalina.core.StandardEngineValve.invoke(StandardEngineValve.java:74)
	at org.apache.catalina.connector.CoyoteAdapter.service(CoyoteAdapter.java:344)
	at org.apache.coyote.http11.Http11Processor.service(Http11Processor.java:397)
	at org.apache.coyote.AbstractProcessorLight.process(AbstractProcessorLight.java:63)
	at org.apache.coyote.AbstractProtocol$ConnectionHandler.process(AbstractProtocol.java:905)
	at org.apache.tomcat.util.net.NioEndpoint$SocketProcessor.doRun(NioEndpoint.java:1741)
	at org.apache.tomcat.util.net.SocketProcessorBase.run(SocketProcessorBase.java:52)
	at org.apache.tomcat.util.threads.ThreadPoolExecutor.runWorker(ThreadPoolExecutor.java:1190)
	at org.apache.tomcat.util.threads.ThreadPoolExecutor$Worker.run(ThreadPoolExecutor.java:659)
	at org.apache.tomcat.util.threads.TaskThread$WrappingRunnable.run(TaskThread.java:63)
	at java.base/java.lang.Thread.run(Thread.java:833)
2025-01-10 13:10:47 [http-nio-8081-exec-6] DEBUG o.s.security.web.FilterChainProxy - Securing POST /error MDC:[traceId=, spanId=]
2025-01-10 13:10:47 [http-nio-8081-exec-6] DEBUG o.s.s.w.a.AnonymousAuthenticationFilter - Set SecurityContextHolder to anonymous SecurityContext MDC:[traceId=, spanId=]
2025-01-10 13:10:47 [http-nio-8081-exec-6] DEBUG o.s.s.w.s.HttpSessionRequestCache - Saved request http://localhost:8081/error?continue to session MDC:[traceId=, spanId=]
2025-01-10 13:10:47 [http-nio-8081-exec-6] DEBUG o.s.s.w.a.Http403ForbiddenEntryPoint - Pre-authenticated entry point called. Rejecting access MDC:[traceId=, spanId=]
2025-01-10 13:11:09 [main] INFO  o.s.s.c.a.a.c.InitializeUserDetailsBeanManagerConfigurer$InitializeUserDetailsManagerConfigurer - Global AuthenticationManager configured with UserDetailsService bean with name inMemoryUserDetailsManager MDC:[traceId=, spanId=]
2025-01-10 13:11:10 [main] DEBUG o.s.s.web.DefaultSecurityFilterChain - Will secure any request with filters: DisableEncodeUrlFilter, WebAsyncManagerIntegrationFilter, SecurityContextHolderFilter, HeaderWriterFilter, LogoutFilter, RequestCacheAwareFilter, SecurityContextHolderAwareRequestFilter, AnonymousAuthenticationFilter, ExceptionTranslationFilter, AuthorizationFilter MDC:[traceId=, spanId=]
2025-01-10 13:11:22 [http-nio-8081-exec-3] DEBUG o.s.security.web.FilterChainProxy - Securing POST /auth/register MDC:[traceId=, spanId=]
2025-01-10 13:11:22 [http-nio-8081-exec-3] DEBUG o.s.security.web.FilterChainProxy - Secured POST /auth/register MDC:[traceId=, spanId=]
2025-01-10 13:11:34 [http-nio-8081-exec-2] DEBUG o.s.security.web.FilterChainProxy - Securing POST /auth/register MDC:[traceId=, spanId=]
2025-01-10 13:11:34 [http-nio-8081-exec-2] DEBUG o.s.security.web.FilterChainProxy - Secured POST /auth/register MDC:[traceId=, spanId=]
2025-01-10 13:12:07 [http-nio-8081-exec-4] DEBUG o.s.security.web.FilterChainProxy - Securing POST /auth/register MDC:[traceId=, spanId=]
2025-01-10 13:12:07 [http-nio-8081-exec-4] DEBUG o.s.security.web.FilterChainProxy - Secured POST /auth/register MDC:[traceId=, spanId=]
2025-01-10 13:12:51 [main] INFO  o.s.s.c.a.a.c.InitializeUserDetailsBeanManagerConfigurer$InitializeUserDetailsManagerConfigurer - Global AuthenticationManager configured with UserDetailsService bean with name inMemoryUserDetailsManager MDC:[traceId=, spanId=]
2025-01-10 13:12:51 [main] DEBUG o.s.s.web.DefaultSecurityFilterChain - Will secure any request with filters: DisableEncodeUrlFilter, WebAsyncManagerIntegrationFilter, SecurityContextHolderFilter, HeaderWriterFilter, LogoutFilter, RequestCacheAwareFilter, SecurityContextHolderAwareRequestFilter, AnonymousAuthenticationFilter, ExceptionTranslationFilter, AuthorizationFilter MDC:[traceId=, spanId=]
2025-01-10 13:12:56 [http-nio-8081-exec-4] DEBUG o.s.security.web.FilterChainProxy - Securing POST /auth/register MDC:[traceId=, spanId=]
2025-01-10 13:12:56 [http-nio-8081-exec-4] DEBUG o.s.security.web.FilterChainProxy - Secured POST /auth/register MDC:[traceId=, spanId=]
2025-01-10 13:13:12 [http-nio-8081-exec-3] DEBUG o.s.security.web.FilterChainProxy - Securing POST /auth/register MDC:[traceId=, spanId=]
2025-01-10 13:13:12 [http-nio-8081-exec-3] DEBUG o.s.security.web.FilterChainProxy - Secured POST /auth/register MDC:[traceId=, spanId=]
2025-01-10 13:13:25 [http-nio-8081-exec-9] DEBUG o.s.security.web.FilterChainProxy - Securing POST /auth/register MDC:[traceId=, spanId=]
2025-01-10 13:13:25 [http-nio-8081-exec-9] DEBUG o.s.security.web.FilterChainProxy - Secured POST /auth/register MDC:[traceId=, spanId=]
2025-01-10 13:13:37 [http-nio-8081-exec-7] DEBUG o.s.security.web.FilterChainProxy - Securing POST /auth/register MDC:[traceId=, spanId=]
2025-01-10 13:13:37 [http-nio-8081-exec-7] DEBUG o.s.security.web.FilterChainProxy - Secured POST /auth/register MDC:[traceId=, spanId=]
2025-01-10 13:13:39 [http-nio-8081-exec-5] DEBUG o.s.security.web.FilterChainProxy - Securing POST /auth/register MDC:[traceId=, spanId=]
2025-01-10 13:13:39 [http-nio-8081-exec-5] DEBUG o.s.security.web.FilterChainProxy - Secured POST /auth/register MDC:[traceId=, spanId=]
2025-01-10 13:13:43 [http-nio-8081-exec-6] DEBUG o.s.security.web.FilterChainProxy - Securing GET /auth/register MDC:[traceId=, spanId=]
2025-01-10 13:13:43 [http-nio-8081-exec-6] DEBUG o.s.security.web.FilterChainProxy - Secured GET /auth/register MDC:[traceId=, spanId=]
2025-01-10 13:13:45 [http-nio-8081-exec-8] DEBUG o.s.security.web.FilterChainProxy - Securing GET /auth/register MDC:[traceId=, spanId=]
2025-01-10 13:13:45 [http-nio-8081-exec-8] DEBUG o.s.security.web.FilterChainProxy - Secured GET /auth/register MDC:[traceId=, spanId=]
2025-01-10 13:14:04 [http-nio-8081-exec-2] DEBUG o.s.security.web.FilterChainProxy - Securing GET /swagger-ui/index.html MDC:[traceId=, spanId=]
2025-01-10 13:14:04 [http-nio-8081-exec-2] DEBUG o.s.security.web.FilterChainProxy - Secured GET /swagger-ui/index.html MDC:[traceId=, spanId=]
2025-01-10 13:14:10 [http-nio-8081-exec-10] DEBUG o.s.security.web.FilterChainProxy - Securing GET /swagger-ui/index.html MDC:[traceId=, spanId=]
2025-01-10 13:14:10 [http-nio-8081-exec-10] DEBUG o.s.security.web.FilterChainProxy - Secured GET /swagger-ui/index.html MDC:[traceId=, spanId=]
2025-01-10 13:14:16 [http-nio-8081-exec-1] DEBUG o.s.security.web.FilterChainProxy - Securing GET /swagger-ui/index.html MDC:[traceId=, spanId=]
2025-01-10 13:14:16 [http-nio-8081-exec-1] DEBUG o.s.security.web.FilterChainProxy - Secured GET /swagger-ui/index.html MDC:[traceId=, spanId=]
2025-01-10 13:14:30 [http-nio-8081-exec-4] DEBUG o.s.security.web.FilterChainProxy - Securing GET /swagger-ui/index.html MDC:[traceId=, spanId=]
2025-01-10 13:14:30 [http-nio-8081-exec-4] DEBUG o.s.security.web.FilterChainProxy - Secured GET /swagger-ui/index.html MDC:[traceId=, spanId=]
2025-01-10 13:14:31 [http-nio-8081-exec-3] DEBUG o.s.security.web.FilterChainProxy - Securing GET /swagger-ui/index.html MDC:[traceId=, spanId=]
2025-01-10 13:14:31 [http-nio-8081-exec-3] DEBUG o.s.security.web.FilterChainProxy - Secured GET /swagger-ui/index.html MDC:[traceId=, spanId=]
2025-01-10 13:14:31 [http-nio-8081-exec-9] DEBUG o.s.security.web.FilterChainProxy - Securing GET /swagger-ui/index.html MDC:[traceId=, spanId=]
2025-01-10 13:14:31 [http-nio-8081-exec-9] DEBUG o.s.security.web.FilterChainProxy - Secured GET /swagger-ui/index.html MDC:[traceId=, spanId=]
2025-01-10 13:14:32 [http-nio-8081-exec-7] DEBUG o.s.security.web.FilterChainProxy - Securing GET /swagger-ui/index.html MDC:[traceId=, spanId=]
2025-01-10 13:14:32 [http-nio-8081-exec-7] DEBUG o.s.security.web.FilterChainProxy - Secured GET /swagger-ui/index.html MDC:[traceId=, spanId=]
2025-01-10 13:14:32 [http-nio-8081-exec-5] DEBUG o.s.security.web.FilterChainProxy - Securing GET /swagger-ui/index.html MDC:[traceId=, spanId=]
2025-01-10 13:14:32 [http-nio-8081-exec-5] DEBUG o.s.security.web.FilterChainProxy - Secured GET /swagger-ui/index.html MDC:[traceId=, spanId=]
2025-01-10 13:14:32 [http-nio-8081-exec-6] DEBUG o.s.security.web.FilterChainProxy - Securing GET /swagger-ui/index.html MDC:[traceId=, spanId=]
2025-01-10 13:14:32 [http-nio-8081-exec-6] DEBUG o.s.security.web.FilterChainProxy - Secured GET /swagger-ui/index.html MDC:[traceId=, spanId=]
2025-01-10 13:14:33 [http-nio-8081-exec-8] DEBUG o.s.security.web.FilterChainProxy - Securing GET /swagger-ui/index.html MDC:[traceId=, spanId=]
2025-01-10 13:14:33 [http-nio-8081-exec-8] DEBUG o.s.security.web.FilterChainProxy - Secured GET /swagger-ui/index.html MDC:[traceId=, spanId=]
2025-01-10 13:14:43 [http-nio-8081-exec-2] DEBUG o.s.security.web.FilterChainProxy - Securing GET /swagger-ui/index.html MDC:[traceId=, spanId=]
2025-01-10 13:14:43 [http-nio-8081-exec-2] DEBUG o.s.security.web.FilterChainProxy - Secured GET /swagger-ui/index.html MDC:[traceId=, spanId=]
2025-01-10 13:14:46 [http-nio-8081-exec-1] DEBUG o.s.security.web.FilterChainProxy - Securing GET /swagger-ui/index.html MDC:[traceId=, spanId=]
2025-01-10 13:14:46 [http-nio-8081-exec-1] DEBUG o.s.security.web.FilterChainProxy - Secured GET /swagger-ui/index.html MDC:[traceId=, spanId=]
2025-01-10 13:15:56 [main] INFO  o.s.s.c.a.a.c.InitializeUserDetailsBeanManagerConfigurer$InitializeUserDetailsManagerConfigurer - Global AuthenticationManager configured with UserDetailsService bean with name inMemoryUserDetailsManager MDC:[traceId=, spanId=]
2025-01-10 13:15:56 [main] DEBUG o.s.s.web.DefaultSecurityFilterChain - Will secure any request with filters: DisableEncodeUrlFilter, WebAsyncManagerIntegrationFilter, SecurityContextHolderFilter, HeaderWriterFilter, LogoutFilter, RequestCacheAwareFilter, SecurityContextHolderAwareRequestFilter, AnonymousAuthenticationFilter, ExceptionTranslationFilter, AuthorizationFilter MDC:[traceId=, spanId=]
2025-01-10 13:16:06 [http-nio-8081-exec-1] DEBUG o.s.security.web.FilterChainProxy - Securing GET /swagger-ui/index.html MDC:[traceId=, spanId=]
2025-01-10 13:16:06 [http-nio-8081-exec-1] DEBUG o.s.security.web.FilterChainProxy - Secured GET /swagger-ui/index.html MDC:[traceId=, spanId=]
2025-01-10 13:16:07 [http-nio-8081-exec-3] DEBUG o.s.security.web.FilterChainProxy - Securing GET /swagger-ui/index.html MDC:[traceId=, spanId=]
2025-01-10 13:16:07 [http-nio-8081-exec-3] DEBUG o.s.security.web.FilterChainProxy - Secured GET /swagger-ui/index.html MDC:[traceId=, spanId=]
2025-01-10 13:16:08 [http-nio-8081-exec-4] DEBUG o.s.security.web.FilterChainProxy - Securing GET /swagger-ui/index.html MDC:[traceId=, spanId=]
2025-01-10 13:16:08 [http-nio-8081-exec-4] DEBUG o.s.security.web.FilterChainProxy - Secured GET /swagger-ui/index.html MDC:[traceId=, spanId=]
2025-01-10 13:16:13 [http-nio-8081-exec-5] DEBUG o.s.security.web.FilterChainProxy - Securing POST /category/create MDC:[traceId=, spanId=]
2025-01-10 13:16:13 [http-nio-8081-exec-5] DEBUG o.s.s.w.a.AnonymousAuthenticationFilter - Set SecurityContextHolder to anonymous SecurityContext MDC:[traceId=, spanId=]
2025-01-10 13:16:13 [http-nio-8081-exec-5] DEBUG o.s.s.w.s.HttpSessionRequestCache - Saved request http://localhost:8081/category/create?continue to session MDC:[traceId=, spanId=]
2025-01-10 13:16:13 [http-nio-8081-exec-5] DEBUG o.s.s.w.a.Http403ForbiddenEntryPoint - Pre-authenticated entry point called. Rejecting access MDC:[traceId=, spanId=]
2025-01-10 13:16:13 [http-nio-8081-exec-5] DEBUG o.s.security.web.FilterChainProxy - Securing POST /error MDC:[traceId=, spanId=]
2025-01-10 13:16:13 [http-nio-8081-exec-5] DEBUG o.s.s.w.a.AnonymousAuthenticationFilter - Set SecurityContextHolder to anonymous SecurityContext MDC:[traceId=, spanId=]
2025-01-10 13:16:13 [http-nio-8081-exec-5] DEBUG o.s.s.w.s.HttpSessionRequestCache - Saved request http://localhost:8081/error?continue to session MDC:[traceId=, spanId=]
2025-01-10 13:16:13 [http-nio-8081-exec-5] DEBUG o.s.s.w.a.Http403ForbiddenEntryPoint - Pre-authenticated entry point called. Rejecting access MDC:[traceId=, spanId=]
2025-01-10 13:16:22 [http-nio-8081-exec-6] DEBUG o.s.security.web.FilterChainProxy - Securing POST /auth/register MDC:[traceId=, spanId=]
2025-01-10 13:16:22 [http-nio-8081-exec-6] DEBUG o.s.security.web.FilterChainProxy - Secured POST /auth/register MDC:[traceId=, spanId=]
2025-01-10 13:16:38 [http-nio-8081-exec-7] DEBUG o.s.security.web.FilterChainProxy - Securing GET /swagger-ui/index.html MDC:[traceId=, spanId=]
2025-01-10 13:16:38 [http-nio-8081-exec-7] DEBUG o.s.security.web.FilterChainProxy - Secured GET /swagger-ui/index.html MDC:[traceId=, spanId=]
2025-01-10 13:16:49 [http-nio-8081-exec-8] DEBUG o.s.security.web.FilterChainProxy - Securing GET /swagger-ui/index.html MDC:[traceId=, spanId=]
2025-01-10 13:16:49 [http-nio-8081-exec-8] DEBUG o.s.security.web.FilterChainProxy - Secured GET /swagger-ui/index.html MDC:[traceId=, spanId=]
2025-01-10 13:16:53 [http-nio-8081-exec-9] DEBUG o.s.security.web.FilterChainProxy - Securing POST /auth/register MDC:[traceId=, spanId=]
2025-01-10 13:16:53 [http-nio-8081-exec-9] DEBUG o.s.security.web.FilterChainProxy - Secured POST /auth/register MDC:[traceId=, spanId=]
2025-01-10 13:16:54 [http-nio-8081-exec-10] DEBUG o.s.security.web.FilterChainProxy - Securing POST /auth/register MDC:[traceId=, spanId=]
2025-01-10 13:16:54 [http-nio-8081-exec-10] DEBUG o.s.security.web.FilterChainProxy - Secured POST /auth/register MDC:[traceId=, spanId=]
2025-01-10 13:25:07 [main] INFO  o.s.s.c.a.a.c.InitializeUserDetailsBeanManagerConfigurer$InitializeUserDetailsManagerConfigurer - Global AuthenticationManager configured with UserDetailsService bean with name inMemoryUserDetailsManager MDC:[traceId=, spanId=]
2025-01-10 13:25:07 [main] DEBUG o.s.s.web.DefaultSecurityFilterChain - Will secure any request with filters: DisableEncodeUrlFilter, WebAsyncManagerIntegrationFilter, SecurityContextHolderFilter, HeaderWriterFilter, LogoutFilter, RequestCacheAwareFilter, SecurityContextHolderAwareRequestFilter, AnonymousAuthenticationFilter, ExceptionTranslationFilter, AuthorizationFilter MDC:[traceId=, spanId=]
2025-01-10 13:25:27 [http-nio-8081-exec-1] DEBUG o.s.security.web.FilterChainProxy - Securing GET /swagger-ui/index.html MDC:[traceId=, spanId=]
2025-01-10 13:25:27 [http-nio-8081-exec-1] DEBUG o.s.security.web.FilterChainProxy - Secured GET /swagger-ui/index.html MDC:[traceId=, spanId=]
2025-01-10 13:25:27 [http-nio-8081-exec-3] DEBUG o.s.security.web.FilterChainProxy - Securing GET /favicon.ico MDC:[traceId=, spanId=]
2025-01-10 13:25:27 [http-nio-8081-exec-3] DEBUG o.s.s.w.a.AnonymousAuthenticationFilter - Set SecurityContextHolder to anonymous SecurityContext MDC:[traceId=, spanId=]
2025-01-10 13:25:27 [http-nio-8081-exec-3] DEBUG o.s.s.w.a.Http403ForbiddenEntryPoint - Pre-authenticated entry point called. Rejecting access MDC:[traceId=, spanId=]
2025-01-10 13:25:27 [http-nio-8081-exec-3] DEBUG o.s.security.web.FilterChainProxy - Securing GET /error MDC:[traceId=, spanId=]
2025-01-10 13:25:27 [http-nio-8081-exec-3] DEBUG o.s.s.w.a.AnonymousAuthenticationFilter - Set SecurityContextHolder to anonymous SecurityContext MDC:[traceId=, spanId=]
2025-01-10 13:25:27 [http-nio-8081-exec-3] DEBUG o.s.s.w.s.HttpSessionRequestCache - Saved request http://localhost:8081/error?continue to session MDC:[traceId=, spanId=]
2025-01-10 13:25:27 [http-nio-8081-exec-3] DEBUG o.s.s.w.a.Http403ForbiddenEntryPoint - Pre-authenticated entry point called. Rejecting access MDC:[traceId=, spanId=]
2025-01-10 13:25:29 [http-nio-8081-exec-2] DEBUG o.s.security.web.FilterChainProxy - Securing GET /swagger-ui/index.html MDC:[traceId=, spanId=]
2025-01-10 13:25:29 [http-nio-8081-exec-2] DEBUG o.s.security.web.FilterChainProxy - Secured GET /swagger-ui/index.html MDC:[traceId=, spanId=]
2025-01-10 13:25:29 [http-nio-8081-exec-4] DEBUG o.s.security.web.FilterChainProxy - Securing GET /favicon.ico MDC:[traceId=, spanId=]
2025-01-10 13:25:29 [http-nio-8081-exec-4] DEBUG o.s.s.w.a.AnonymousAuthenticationFilter - Set SecurityContextHolder to anonymous SecurityContext MDC:[traceId=, spanId=]
2025-01-10 13:25:29 [http-nio-8081-exec-4] DEBUG o.s.s.w.a.Http403ForbiddenEntryPoint - Pre-authenticated entry point called. Rejecting access MDC:[traceId=, spanId=]
2025-01-10 13:25:29 [http-nio-8081-exec-4] DEBUG o.s.security.web.FilterChainProxy - Securing GET /error MDC:[traceId=, spanId=]
2025-01-10 13:25:29 [http-nio-8081-exec-4] DEBUG o.s.s.w.a.AnonymousAuthenticationFilter - Set SecurityContextHolder to anonymous SecurityContext MDC:[traceId=, spanId=]
2025-01-10 13:25:29 [http-nio-8081-exec-4] DEBUG o.s.s.w.s.HttpSessionRequestCache - Saved request http://localhost:8081/error?continue to session MDC:[traceId=, spanId=]
2025-01-10 13:25:29 [http-nio-8081-exec-4] DEBUG o.s.s.w.a.Http403ForbiddenEntryPoint - Pre-authenticated entry point called. Rejecting access MDC:[traceId=, spanId=]
2025-01-10 13:25:30 [http-nio-8081-exec-5] DEBUG o.s.security.web.FilterChainProxy - Securing GET /swagger-ui/index.html MDC:[traceId=, spanId=]
2025-01-10 13:25:30 [http-nio-8081-exec-5] DEBUG o.s.security.web.FilterChainProxy - Secured GET /swagger-ui/index.html MDC:[traceId=, spanId=]
2025-01-10 13:25:30 [http-nio-8081-exec-6] DEBUG o.s.security.web.FilterChainProxy - Securing GET /favicon.ico MDC:[traceId=, spanId=]
2025-01-10 13:25:30 [http-nio-8081-exec-6] DEBUG o.s.s.w.a.AnonymousAuthenticationFilter - Set SecurityContextHolder to anonymous SecurityContext MDC:[traceId=, spanId=]
2025-01-10 13:25:30 [http-nio-8081-exec-6] DEBUG o.s.s.w.a.Http403ForbiddenEntryPoint - Pre-authenticated entry point called. Rejecting access MDC:[traceId=, spanId=]
2025-01-10 13:25:30 [http-nio-8081-exec-6] DEBUG o.s.security.web.FilterChainProxy - Securing GET /error MDC:[traceId=, spanId=]
2025-01-10 13:25:30 [http-nio-8081-exec-6] DEBUG o.s.s.w.a.AnonymousAuthenticationFilter - Set SecurityContextHolder to anonymous SecurityContext MDC:[traceId=, spanId=]
2025-01-10 13:25:30 [http-nio-8081-exec-6] DEBUG o.s.s.w.s.HttpSessionRequestCache - Saved request http://localhost:8081/error?continue to session MDC:[traceId=, spanId=]
2025-01-10 13:25:30 [http-nio-8081-exec-6] DEBUG o.s.s.w.a.Http403ForbiddenEntryPoint - Pre-authenticated entry point called. Rejecting access MDC:[traceId=, spanId=]
2025-01-10 13:25:59 [main] INFO  o.s.s.c.a.a.c.InitializeUserDetailsBeanManagerConfigurer$InitializeUserDetailsManagerConfigurer - Global AuthenticationManager configured with UserDetailsService bean with name inMemoryUserDetailsManager MDC:[traceId=, spanId=]
2025-01-10 13:26:00 [main] DEBUG o.s.s.web.DefaultSecurityFilterChain - Will secure any request with filters: DisableEncodeUrlFilter, WebAsyncManagerIntegrationFilter, SecurityContextHolderFilter, HeaderWriterFilter, LogoutFilter, RequestCacheAwareFilter, SecurityContextHolderAwareRequestFilter, AnonymousAuthenticationFilter, ExceptionTranslationFilter, AuthorizationFilter MDC:[traceId=, spanId=]
2025-01-10 13:26:04 [http-nio-8081-exec-2] DEBUG o.s.security.web.FilterChainProxy - Securing GET /swagger-ui/index.html MDC:[traceId=, spanId=]
2025-01-10 13:26:04 [http-nio-8081-exec-2] DEBUG o.s.security.web.FilterChainProxy - Secured GET /swagger-ui/index.html MDC:[traceId=, spanId=]
2025-01-10 13:26:04 [http-nio-8081-exec-3] DEBUG o.s.security.web.FilterChainProxy - Securing GET /favicon.ico MDC:[traceId=, spanId=]
2025-01-10 13:26:04 [http-nio-8081-exec-3] DEBUG o.s.s.w.a.AnonymousAuthenticationFilter - Set SecurityContextHolder to anonymous SecurityContext MDC:[traceId=, spanId=]
2025-01-10 13:26:04 [http-nio-8081-exec-3] DEBUG o.s.s.w.a.Http403ForbiddenEntryPoint - Pre-authenticated entry point called. Rejecting access MDC:[traceId=, spanId=]
2025-01-10 13:26:04 [http-nio-8081-exec-3] DEBUG o.s.security.web.FilterChainProxy - Securing GET /error MDC:[traceId=, spanId=]
2025-01-10 13:26:04 [http-nio-8081-exec-3] DEBUG o.s.s.w.a.AnonymousAuthenticationFilter - Set SecurityContextHolder to anonymous SecurityContext MDC:[traceId=, spanId=]
2025-01-10 13:26:04 [http-nio-8081-exec-3] DEBUG o.s.s.w.s.HttpSessionRequestCache - Saved request http://localhost:8081/error?continue to session MDC:[traceId=, spanId=]
2025-01-10 13:26:04 [http-nio-8081-exec-3] DEBUG o.s.s.w.a.Http403ForbiddenEntryPoint - Pre-authenticated entry point called. Rejecting access MDC:[traceId=, spanId=]
2025-01-10 13:26:05 [http-nio-8081-exec-5] DEBUG o.s.security.web.FilterChainProxy - Securing GET /swagger-ui/index.html MDC:[traceId=, spanId=]
2025-01-10 13:26:05 [http-nio-8081-exec-5] DEBUG o.s.security.web.FilterChainProxy - Secured GET /swagger-ui/index.html MDC:[traceId=, spanId=]
2025-01-10 13:26:05 [http-nio-8081-exec-4] DEBUG o.s.security.web.FilterChainProxy - Securing GET /favicon.ico MDC:[traceId=, spanId=]
2025-01-10 13:26:05 [http-nio-8081-exec-4] DEBUG o.s.s.w.a.AnonymousAuthenticationFilter - Set SecurityContextHolder to anonymous SecurityContext MDC:[traceId=, spanId=]
2025-01-10 13:26:05 [http-nio-8081-exec-4] DEBUG o.s.s.w.a.Http403ForbiddenEntryPoint - Pre-authenticated entry point called. Rejecting access MDC:[traceId=, spanId=]
2025-01-10 13:26:05 [http-nio-8081-exec-4] DEBUG o.s.security.web.FilterChainProxy - Securing GET /error MDC:[traceId=, spanId=]
2025-01-10 13:26:05 [http-nio-8081-exec-4] DEBUG o.s.s.w.a.AnonymousAuthenticationFilter - Set SecurityContextHolder to anonymous SecurityContext MDC:[traceId=, spanId=]
2025-01-10 13:26:05 [http-nio-8081-exec-4] DEBUG o.s.s.w.s.HttpSessionRequestCache - Saved request http://localhost:8081/error?continue to session MDC:[traceId=, spanId=]
2025-01-10 13:26:05 [http-nio-8081-exec-4] DEBUG o.s.s.w.a.Http403ForbiddenEntryPoint - Pre-authenticated entry point called. Rejecting access MDC:[traceId=, spanId=]
2025-01-10 13:26:06 [http-nio-8081-exec-6] DEBUG o.s.security.web.FilterChainProxy - Securing GET /swagger-ui/index.html MDC:[traceId=, spanId=]
2025-01-10 13:26:06 [http-nio-8081-exec-6] DEBUG o.s.security.web.FilterChainProxy - Secured GET /swagger-ui/index.html MDC:[traceId=, spanId=]
2025-01-10 13:26:06 [http-nio-8081-exec-9] DEBUG o.s.security.web.FilterChainProxy - Securing GET /favicon.ico MDC:[traceId=, spanId=]
2025-01-10 13:26:06 [http-nio-8081-exec-9] DEBUG o.s.s.w.a.AnonymousAuthenticationFilter - Set SecurityContextHolder to anonymous SecurityContext MDC:[traceId=, spanId=]
2025-01-10 13:26:06 [http-nio-8081-exec-9] DEBUG o.s.s.w.a.Http403ForbiddenEntryPoint - Pre-authenticated entry point called. Rejecting access MDC:[traceId=, spanId=]
2025-01-10 13:26:06 [http-nio-8081-exec-9] DEBUG o.s.security.web.FilterChainProxy - Securing GET /error MDC:[traceId=, spanId=]
2025-01-10 13:26:06 [http-nio-8081-exec-9] DEBUG o.s.s.w.a.AnonymousAuthenticationFilter - Set SecurityContextHolder to anonymous SecurityContext MDC:[traceId=, spanId=]
2025-01-10 13:26:06 [http-nio-8081-exec-9] DEBUG o.s.s.w.s.HttpSessionRequestCache - Saved request http://localhost:8081/error?continue to session MDC:[traceId=, spanId=]
2025-01-10 13:26:06 [http-nio-8081-exec-9] DEBUG o.s.s.w.a.Http403ForbiddenEntryPoint - Pre-authenticated entry point called. Rejecting access MDC:[traceId=, spanId=]
2025-01-10 13:26:06 [http-nio-8081-exec-10] DEBUG o.s.security.web.FilterChainProxy - Securing GET /swagger-ui/index.html MDC:[traceId=, spanId=]
2025-01-10 13:26:06 [http-nio-8081-exec-10] DEBUG o.s.security.web.FilterChainProxy - Secured GET /swagger-ui/index.html MDC:[traceId=, spanId=]
2025-01-10 13:26:06 [http-nio-8081-exec-1] DEBUG o.s.security.web.FilterChainProxy - Securing GET /favicon.ico MDC:[traceId=, spanId=]
2025-01-10 13:26:06 [http-nio-8081-exec-1] DEBUG o.s.s.w.a.AnonymousAuthenticationFilter - Set SecurityContextHolder to anonymous SecurityContext MDC:[traceId=, spanId=]
2025-01-10 13:26:06 [http-nio-8081-exec-1] DEBUG o.s.s.w.a.Http403ForbiddenEntryPoint - Pre-authenticated entry point called. Rejecting access MDC:[traceId=, spanId=]
2025-01-10 13:26:06 [http-nio-8081-exec-1] DEBUG o.s.security.web.FilterChainProxy - Securing GET /error MDC:[traceId=, spanId=]
2025-01-10 13:26:06 [http-nio-8081-exec-1] DEBUG o.s.s.w.a.AnonymousAuthenticationFilter - Set SecurityContextHolder to anonymous SecurityContext MDC:[traceId=, spanId=]
2025-01-10 13:26:06 [http-nio-8081-exec-1] DEBUG o.s.s.w.s.HttpSessionRequestCache - Saved request http://localhost:8081/error?continue to session MDC:[traceId=, spanId=]
2025-01-10 13:26:06 [http-nio-8081-exec-1] DEBUG o.s.s.w.a.Http403ForbiddenEntryPoint - Pre-authenticated entry point called. Rejecting access MDC:[traceId=, spanId=]
2025-01-10 13:26:06 [http-nio-8081-exec-7] DEBUG o.s.security.web.FilterChainProxy - Securing GET /swagger-ui/index.html MDC:[traceId=, spanId=]
2025-01-10 13:26:06 [http-nio-8081-exec-7] DEBUG o.s.security.web.FilterChainProxy - Secured GET /swagger-ui/index.html MDC:[traceId=, spanId=]
2025-01-10 13:26:06 [http-nio-8081-exec-8] DEBUG o.s.security.web.FilterChainProxy - Securing GET /favicon.ico MDC:[traceId=, spanId=]
2025-01-10 13:26:06 [http-nio-8081-exec-8] DEBUG o.s.s.w.a.AnonymousAuthenticationFilter - Set SecurityContextHolder to anonymous SecurityContext MDC:[traceId=, spanId=]
2025-01-10 13:26:06 [http-nio-8081-exec-8] DEBUG o.s.s.w.a.Http403ForbiddenEntryPoint - Pre-authenticated entry point called. Rejecting access MDC:[traceId=, spanId=]
2025-01-10 13:26:06 [http-nio-8081-exec-8] DEBUG o.s.security.web.FilterChainProxy - Securing GET /error MDC:[traceId=, spanId=]
2025-01-10 13:26:06 [http-nio-8081-exec-8] DEBUG o.s.s.w.a.AnonymousAuthenticationFilter - Set SecurityContextHolder to anonymous SecurityContext MDC:[traceId=, spanId=]
2025-01-10 13:26:06 [http-nio-8081-exec-8] DEBUG o.s.s.w.s.HttpSessionRequestCache - Saved request http://localhost:8081/error?continue to session MDC:[traceId=, spanId=]
2025-01-10 13:26:06 [http-nio-8081-exec-8] DEBUG o.s.s.w.a.Http403ForbiddenEntryPoint - Pre-authenticated entry point called. Rejecting access MDC:[traceId=, spanId=]
2025-01-10 13:26:07 [http-nio-8081-exec-2] DEBUG o.s.security.web.FilterChainProxy - Securing GET /swagger-ui/index.html MDC:[traceId=, spanId=]
2025-01-10 13:26:07 [http-nio-8081-exec-2] DEBUG o.s.security.web.FilterChainProxy - Secured GET /swagger-ui/index.html MDC:[traceId=, spanId=]
2025-01-10 13:26:07 [http-nio-8081-exec-3] DEBUG o.s.security.web.FilterChainProxy - Securing GET /favicon.ico MDC:[traceId=, spanId=]
2025-01-10 13:26:07 [http-nio-8081-exec-3] DEBUG o.s.s.w.a.AnonymousAuthenticationFilter - Set SecurityContextHolder to anonymous SecurityContext MDC:[traceId=, spanId=]
2025-01-10 13:26:07 [http-nio-8081-exec-3] DEBUG o.s.s.w.a.Http403ForbiddenEntryPoint - Pre-authenticated entry point called. Rejecting access MDC:[traceId=, spanId=]
2025-01-10 13:26:07 [http-nio-8081-exec-3] DEBUG o.s.security.web.FilterChainProxy - Securing GET /error MDC:[traceId=, spanId=]
2025-01-10 13:26:07 [http-nio-8081-exec-3] DEBUG o.s.s.w.a.AnonymousAuthenticationFilter - Set SecurityContextHolder to anonymous SecurityContext MDC:[traceId=, spanId=]
2025-01-10 13:26:07 [http-nio-8081-exec-3] DEBUG o.s.s.w.s.HttpSessionRequestCache - Saved request http://localhost:8081/error?continue to session MDC:[traceId=, spanId=]
2025-01-10 13:26:07 [http-nio-8081-exec-3] DEBUG o.s.s.w.a.Http403ForbiddenEntryPoint - Pre-authenticated entry point called. Rejecting access MDC:[traceId=, spanId=]
2025-01-10 13:26:07 [http-nio-8081-exec-5] DEBUG o.s.security.web.FilterChainProxy - Securing GET /swagger-ui/index.html MDC:[traceId=, spanId=]
2025-01-10 13:26:07 [http-nio-8081-exec-5] DEBUG o.s.security.web.FilterChainProxy - Secured GET /swagger-ui/index.html MDC:[traceId=, spanId=]
2025-01-10 13:26:07 [http-nio-8081-exec-4] DEBUG o.s.security.web.FilterChainProxy - Securing GET /favicon.ico MDC:[traceId=, spanId=]
2025-01-10 13:26:07 [http-nio-8081-exec-4] DEBUG o.s.s.w.a.AnonymousAuthenticationFilter - Set SecurityContextHolder to anonymous SecurityContext MDC:[traceId=, spanId=]
2025-01-10 13:26:07 [http-nio-8081-exec-4] DEBUG o.s.s.w.a.Http403ForbiddenEntryPoint - Pre-authenticated entry point called. Rejecting access MDC:[traceId=, spanId=]
2025-01-10 13:26:07 [http-nio-8081-exec-4] DEBUG o.s.security.web.FilterChainProxy - Securing GET /error MDC:[traceId=, spanId=]
2025-01-10 13:26:07 [http-nio-8081-exec-4] DEBUG o.s.s.w.a.AnonymousAuthenticationFilter - Set SecurityContextHolder to anonymous SecurityContext MDC:[traceId=, spanId=]
2025-01-10 13:26:07 [http-nio-8081-exec-4] DEBUG o.s.s.w.s.HttpSessionRequestCache - Saved request http://localhost:8081/error?continue to session MDC:[traceId=, spanId=]
2025-01-10 13:26:07 [http-nio-8081-exec-4] DEBUG o.s.s.w.a.Http403ForbiddenEntryPoint - Pre-authenticated entry point called. Rejecting access MDC:[traceId=, spanId=]
2025-01-10 13:26:21 [http-nio-8081-exec-1] DEBUG o.s.security.web.FilterChainProxy - Securing POST /auth/register MDC:[traceId=, spanId=]
2025-01-10 13:26:21 [http-nio-8081-exec-1] DEBUG o.s.security.web.FilterChainProxy - Secured POST /auth/register MDC:[traceId=, spanId=]
2025-01-10 13:26:23 [http-nio-8081-exec-7] DEBUG o.s.security.web.FilterChainProxy - Securing POST /auth/register MDC:[traceId=, spanId=]
2025-01-10 13:26:23 [http-nio-8081-exec-7] DEBUG o.s.security.web.FilterChainProxy - Secured POST /auth/register MDC:[traceId=, spanId=]
2025-01-10 13:26:24 [http-nio-8081-exec-8] DEBUG o.s.security.web.FilterChainProxy - Securing POST /auth/register MDC:[traceId=, spanId=]
2025-01-10 13:26:24 [http-nio-8081-exec-8] DEBUG o.s.security.web.FilterChainProxy - Secured POST /auth/register MDC:[traceId=, spanId=]
2025-01-10 13:26:25 [http-nio-8081-exec-2] DEBUG o.s.security.web.FilterChainProxy - Securing POST /auth/register MDC:[traceId=, spanId=]
2025-01-10 13:26:25 [http-nio-8081-exec-2] DEBUG o.s.security.web.FilterChainProxy - Secured POST /auth/register MDC:[traceId=, spanId=]
2025-01-10 13:26:30 [http-nio-8081-exec-3] DEBUG o.s.security.web.FilterChainProxy - Securing GET /auth/register MDC:[traceId=, spanId=]
2025-01-10 13:26:30 [http-nio-8081-exec-3] DEBUG o.s.security.web.FilterChainProxy - Secured GET /auth/register MDC:[traceId=, spanId=]
2025-01-10 13:26:31 [http-nio-8081-exec-5] DEBUG o.s.security.web.FilterChainProxy - Securing GET /auth/register MDC:[traceId=, spanId=]
2025-01-10 13:26:31 [http-nio-8081-exec-5] DEBUG o.s.security.web.FilterChainProxy - Secured GET /auth/register MDC:[traceId=, spanId=]
2025-01-10 13:26:32 [http-nio-8081-exec-4] DEBUG o.s.security.web.FilterChainProxy - Securing GET /auth/register MDC:[traceId=, spanId=]
2025-01-10 13:26:32 [http-nio-8081-exec-4] DEBUG o.s.security.web.FilterChainProxy - Secured GET /auth/register MDC:[traceId=, spanId=]
2025-01-10 13:26:33 [http-nio-8081-exec-9] DEBUG o.s.security.web.FilterChainProxy - Securing GET /auth/register MDC:[traceId=, spanId=]
2025-01-10 13:26:33 [http-nio-8081-exec-9] DEBUG o.s.security.web.FilterChainProxy - Secured GET /auth/register MDC:[traceId=, spanId=]
2025-01-10 13:26:48 [http-nio-8081-exec-6] DEBUG o.s.security.web.FilterChainProxy - Securing GET /auth/register MDC:[traceId=, spanId=]
2025-01-10 13:26:48 [http-nio-8081-exec-6] DEBUG o.s.security.web.FilterChainProxy - Secured GET /auth/register MDC:[traceId=, spanId=]
2025-01-10 13:26:49 [http-nio-8081-exec-10] DEBUG o.s.security.web.FilterChainProxy - Securing GET /auth/register MDC:[traceId=, spanId=]
2025-01-10 13:26:49 [http-nio-8081-exec-10] DEBUG o.s.security.web.FilterChainProxy - Secured GET /auth/register MDC:[traceId=, spanId=]
2025-01-10 13:26:53 [http-nio-8081-exec-1] DEBUG o.s.security.web.FilterChainProxy - Securing GET /swagger-ui/index.html MDC:[traceId=, spanId=]
2025-01-10 13:26:53 [http-nio-8081-exec-1] DEBUG o.s.security.web.FilterChainProxy - Secured GET /swagger-ui/index.html MDC:[traceId=, spanId=]
2025-01-10 13:26:53 [http-nio-8081-exec-7] DEBUG o.s.security.web.FilterChainProxy - Securing GET /favicon.ico MDC:[traceId=, spanId=]
2025-01-10 13:26:53 [http-nio-8081-exec-7] DEBUG o.s.s.w.a.AnonymousAuthenticationFilter - Set SecurityContextHolder to anonymous SecurityContext MDC:[traceId=, spanId=]
2025-01-10 13:26:53 [http-nio-8081-exec-7] DEBUG o.s.s.w.a.Http403ForbiddenEntryPoint - Pre-authenticated entry point called. Rejecting access MDC:[traceId=, spanId=]
2025-01-10 13:26:53 [http-nio-8081-exec-7] DEBUG o.s.security.web.FilterChainProxy - Securing GET /error MDC:[traceId=, spanId=]
2025-01-10 13:26:53 [http-nio-8081-exec-7] DEBUG o.s.s.w.a.AnonymousAuthenticationFilter - Set SecurityContextHolder to anonymous SecurityContext MDC:[traceId=, spanId=]
2025-01-10 13:26:53 [http-nio-8081-exec-7] DEBUG o.s.s.w.s.HttpSessionRequestCache - Saved request http://localhost:8081/error?continue to session MDC:[traceId=, spanId=]
2025-01-10 13:26:53 [http-nio-8081-exec-7] DEBUG o.s.s.w.a.Http403ForbiddenEntryPoint - Pre-authenticated entry point called. Rejecting access MDC:[traceId=, spanId=]
2025-01-10 13:26:54 [http-nio-8081-exec-8] DEBUG o.s.security.web.FilterChainProxy - Securing GET /swagger-ui/index.html MDC:[traceId=, spanId=]
2025-01-10 13:26:54 [http-nio-8081-exec-8] DEBUG o.s.security.web.FilterChainProxy - Secured GET /swagger-ui/index.html MDC:[traceId=, spanId=]
2025-01-10 13:26:54 [http-nio-8081-exec-2] DEBUG o.s.security.web.FilterChainProxy - Securing GET /favicon.ico MDC:[traceId=, spanId=]
2025-01-10 13:26:54 [http-nio-8081-exec-2] DEBUG o.s.s.w.a.AnonymousAuthenticationFilter - Set SecurityContextHolder to anonymous SecurityContext MDC:[traceId=, spanId=]
2025-01-10 13:26:54 [http-nio-8081-exec-2] DEBUG o.s.s.w.a.Http403ForbiddenEntryPoint - Pre-authenticated entry point called. Rejecting access MDC:[traceId=, spanId=]
2025-01-10 13:26:54 [http-nio-8081-exec-2] DEBUG o.s.security.web.FilterChainProxy - Securing GET /error MDC:[traceId=, spanId=]
2025-01-10 13:26:54 [http-nio-8081-exec-2] DEBUG o.s.s.w.a.AnonymousAuthenticationFilter - Set SecurityContextHolder to anonymous SecurityContext MDC:[traceId=, spanId=]
2025-01-10 13:26:54 [http-nio-8081-exec-2] DEBUG o.s.s.w.s.HttpSessionRequestCache - Saved request http://localhost:8081/error?continue to session MDC:[traceId=, spanId=]
2025-01-10 13:26:54 [http-nio-8081-exec-2] DEBUG o.s.s.w.a.Http403ForbiddenEntryPoint - Pre-authenticated entry point called. Rejecting access MDC:[traceId=, spanId=]
2025-01-10 13:26:54 [http-nio-8081-exec-3] DEBUG o.s.security.web.FilterChainProxy - Securing GET /swagger-ui/index.html MDC:[traceId=, spanId=]
2025-01-10 13:26:54 [http-nio-8081-exec-3] DEBUG o.s.security.web.FilterChainProxy - Secured GET /swagger-ui/index.html MDC:[traceId=, spanId=]
2025-01-10 13:26:54 [http-nio-8081-exec-5] DEBUG o.s.security.web.FilterChainProxy - Securing GET /favicon.ico MDC:[traceId=, spanId=]
2025-01-10 13:26:54 [http-nio-8081-exec-5] DEBUG o.s.s.w.a.AnonymousAuthenticationFilter - Set SecurityContextHolder to anonymous SecurityContext MDC:[traceId=, spanId=]
2025-01-10 13:26:54 [http-nio-8081-exec-5] DEBUG o.s.s.w.a.Http403ForbiddenEntryPoint - Pre-authenticated entry point called. Rejecting access MDC:[traceId=, spanId=]
2025-01-10 13:26:54 [http-nio-8081-exec-5] DEBUG o.s.security.web.FilterChainProxy - Securing GET /error MDC:[traceId=, spanId=]
2025-01-10 13:26:54 [http-nio-8081-exec-5] DEBUG o.s.s.w.a.AnonymousAuthenticationFilter - Set SecurityContextHolder to anonymous SecurityContext MDC:[traceId=, spanId=]
2025-01-10 13:26:54 [http-nio-8081-exec-5] DEBUG o.s.s.w.s.HttpSessionRequestCache - Saved request http://localhost:8081/error?continue to session MDC:[traceId=, spanId=]
2025-01-10 13:26:54 [http-nio-8081-exec-5] DEBUG o.s.s.w.a.Http403ForbiddenEntryPoint - Pre-authenticated entry point called. Rejecting access MDC:[traceId=, spanId=]
2025-01-10 13:26:54 [http-nio-8081-exec-4] DEBUG o.s.security.web.FilterChainProxy - Securing GET /swagger-ui/index.html MDC:[traceId=, spanId=]
2025-01-10 13:26:54 [http-nio-8081-exec-4] DEBUG o.s.security.web.FilterChainProxy - Secured GET /swagger-ui/index.html MDC:[traceId=, spanId=]
2025-01-10 13:26:54 [http-nio-8081-exec-9] DEBUG o.s.security.web.FilterChainProxy - Securing GET /favicon.ico MDC:[traceId=, spanId=]
2025-01-10 13:26:54 [http-nio-8081-exec-9] DEBUG o.s.s.w.a.AnonymousAuthenticationFilter - Set SecurityContextHolder to anonymous SecurityContext MDC:[traceId=, spanId=]
2025-01-10 13:26:54 [http-nio-8081-exec-9] DEBUG o.s.s.w.a.Http403ForbiddenEntryPoint - Pre-authenticated entry point called. Rejecting access MDC:[traceId=, spanId=]
2025-01-10 13:26:54 [http-nio-8081-exec-9] DEBUG o.s.security.web.FilterChainProxy - Securing GET /error MDC:[traceId=, spanId=]
2025-01-10 13:26:54 [http-nio-8081-exec-9] DEBUG o.s.s.w.a.AnonymousAuthenticationFilter - Set SecurityContextHolder to anonymous SecurityContext MDC:[traceId=, spanId=]
2025-01-10 13:26:54 [http-nio-8081-exec-9] DEBUG o.s.s.w.s.HttpSessionRequestCache - Saved request http://localhost:8081/error?continue to session MDC:[traceId=, spanId=]
2025-01-10 13:26:54 [http-nio-8081-exec-9] DEBUG o.s.s.w.a.Http403ForbiddenEntryPoint - Pre-authenticated entry point called. Rejecting access MDC:[traceId=, spanId=]
2025-01-10 13:26:54 [http-nio-8081-exec-6] DEBUG o.s.security.web.FilterChainProxy - Securing GET /swagger-ui/index.html MDC:[traceId=, spanId=]
2025-01-10 13:26:54 [http-nio-8081-exec-6] DEBUG o.s.security.web.FilterChainProxy - Secured GET /swagger-ui/index.html MDC:[traceId=, spanId=]
2025-01-10 13:26:54 [http-nio-8081-exec-10] DEBUG o.s.security.web.FilterChainProxy - Securing GET /favicon.ico MDC:[traceId=, spanId=]
2025-01-10 13:26:54 [http-nio-8081-exec-10] DEBUG o.s.s.w.a.AnonymousAuthenticationFilter - Set SecurityContextHolder to anonymous SecurityContext MDC:[traceId=, spanId=]
2025-01-10 13:26:54 [http-nio-8081-exec-10] DEBUG o.s.s.w.a.Http403ForbiddenEntryPoint - Pre-authenticated entry point called. Rejecting access MDC:[traceId=, spanId=]
2025-01-10 13:26:54 [http-nio-8081-exec-10] DEBUG o.s.security.web.FilterChainProxy - Securing GET /error MDC:[traceId=, spanId=]
2025-01-10 13:26:54 [http-nio-8081-exec-10] DEBUG o.s.s.w.a.AnonymousAuthenticationFilter - Set SecurityContextHolder to anonymous SecurityContext MDC:[traceId=, spanId=]
2025-01-10 13:26:54 [http-nio-8081-exec-10] DEBUG o.s.s.w.s.HttpSessionRequestCache - Saved request http://localhost:8081/error?continue to session MDC:[traceId=, spanId=]
2025-01-10 13:26:54 [http-nio-8081-exec-10] DEBUG o.s.s.w.a.Http403ForbiddenEntryPoint - Pre-authenticated entry point called. Rejecting access MDC:[traceId=, spanId=]
2025-01-10 13:27:06 [http-nio-8081-exec-8] DEBUG o.s.security.web.FilterChainProxy - Securing GET /swagger-ui/index.html MDC:[traceId=, spanId=]
2025-01-10 13:27:06 [http-nio-8081-exec-8] DEBUG o.s.security.web.FilterChainProxy - Secured GET /swagger-ui/index.html MDC:[traceId=, spanId=]
2025-01-10 13:27:07 [http-nio-8081-exec-2] DEBUG o.s.security.web.FilterChainProxy - Securing GET /favicon.ico MDC:[traceId=, spanId=]
2025-01-10 13:27:07 [http-nio-8081-exec-2] DEBUG o.s.s.w.a.AnonymousAuthenticationFilter - Set SecurityContextHolder to anonymous SecurityContext MDC:[traceId=, spanId=]
2025-01-10 13:27:07 [http-nio-8081-exec-2] DEBUG o.s.s.w.a.Http403ForbiddenEntryPoint - Pre-authenticated entry point called. Rejecting access MDC:[traceId=, spanId=]
2025-01-10 13:27:07 [http-nio-8081-exec-2] DEBUG o.s.security.web.FilterChainProxy - Securing GET /error MDC:[traceId=, spanId=]
2025-01-10 13:27:07 [http-nio-8081-exec-2] DEBUG o.s.s.w.a.AnonymousAuthenticationFilter - Set SecurityContextHolder to anonymous SecurityContext MDC:[traceId=, spanId=]
2025-01-10 13:27:07 [http-nio-8081-exec-2] DEBUG o.s.s.w.s.HttpSessionRequestCache - Saved request http://localhost:8081/error?continue to session MDC:[traceId=, spanId=]
2025-01-10 13:27:07 [http-nio-8081-exec-2] DEBUG o.s.s.w.a.Http403ForbiddenEntryPoint - Pre-authenticated entry point called. Rejecting access MDC:[traceId=, spanId=]
2025-01-10 13:27:18 [http-nio-8081-exec-4] DEBUG o.s.security.web.FilterChainProxy - Securing POST /auth/register MDC:[traceId=, spanId=]
2025-01-10 13:27:18 [http-nio-8081-exec-4] DEBUG o.s.security.web.FilterChainProxy - Secured POST /auth/register MDC:[traceId=, spanId=]
2025-01-10 13:27:22 [http-nio-8081-exec-9] DEBUG o.s.security.web.FilterChainProxy - Securing GET /swagger-ui/index.html MDC:[traceId=, spanId=]
2025-01-10 13:27:22 [http-nio-8081-exec-9] DEBUG o.s.security.web.FilterChainProxy - Secured GET /swagger-ui/index.html MDC:[traceId=, spanId=]
2025-01-10 13:27:22 [http-nio-8081-exec-6] DEBUG o.s.security.web.FilterChainProxy - Securing GET /favicon.ico MDC:[traceId=, spanId=]
2025-01-10 13:27:22 [http-nio-8081-exec-6] DEBUG o.s.s.w.a.AnonymousAuthenticationFilter - Set SecurityContextHolder to anonymous SecurityContext MDC:[traceId=, spanId=]
2025-01-10 13:27:22 [http-nio-8081-exec-6] DEBUG o.s.s.w.a.Http403ForbiddenEntryPoint - Pre-authenticated entry point called. Rejecting access MDC:[traceId=, spanId=]
2025-01-10 13:27:22 [http-nio-8081-exec-6] DEBUG o.s.security.web.FilterChainProxy - Securing GET /error MDC:[traceId=, spanId=]
2025-01-10 13:27:22 [http-nio-8081-exec-6] DEBUG o.s.s.w.a.AnonymousAuthenticationFilter - Set SecurityContextHolder to anonymous SecurityContext MDC:[traceId=, spanId=]
2025-01-10 13:27:22 [http-nio-8081-exec-6] DEBUG o.s.s.w.s.HttpSessionRequestCache - Saved request http://localhost:8081/error?continue to session MDC:[traceId=, spanId=]
2025-01-10 13:27:22 [http-nio-8081-exec-6] DEBUG o.s.s.w.a.Http403ForbiddenEntryPoint - Pre-authenticated entry point called. Rejecting access MDC:[traceId=, spanId=]
2025-01-10 13:27:26 [http-nio-8081-exec-1] DEBUG o.s.security.web.FilterChainProxy - Securing GET /swagger-ui/index.html MDC:[traceId=, spanId=]
2025-01-10 13:27:26 [http-nio-8081-exec-1] DEBUG o.s.security.web.FilterChainProxy - Secured GET /swagger-ui/index.html MDC:[traceId=, spanId=]
2025-01-10 13:27:26 [http-nio-8081-exec-8] DEBUG o.s.security.web.FilterChainProxy - Securing GET /favicon.ico MDC:[traceId=, spanId=]
2025-01-10 13:27:26 [http-nio-8081-exec-8] DEBUG o.s.s.w.a.AnonymousAuthenticationFilter - Set SecurityContextHolder to anonymous SecurityContext MDC:[traceId=, spanId=]
2025-01-10 13:27:26 [http-nio-8081-exec-8] DEBUG o.s.s.w.a.Http403ForbiddenEntryPoint - Pre-authenticated entry point called. Rejecting access MDC:[traceId=, spanId=]
2025-01-10 13:27:26 [http-nio-8081-exec-8] DEBUG o.s.security.web.FilterChainProxy - Securing GET /error MDC:[traceId=, spanId=]
2025-01-10 13:27:26 [http-nio-8081-exec-8] DEBUG o.s.s.w.a.AnonymousAuthenticationFilter - Set SecurityContextHolder to anonymous SecurityContext MDC:[traceId=, spanId=]
2025-01-10 13:27:26 [http-nio-8081-exec-8] DEBUG o.s.s.w.s.HttpSessionRequestCache - Saved request http://localhost:8081/error?continue to session MDC:[traceId=, spanId=]
2025-01-10 13:27:26 [http-nio-8081-exec-8] DEBUG o.s.s.w.a.Http403ForbiddenEntryPoint - Pre-authenticated entry point called. Rejecting access MDC:[traceId=, spanId=]
2025-01-10 13:27:55 [main] INFO  o.s.s.c.a.a.c.InitializeUserDetailsBeanManagerConfigurer$InitializeUserDetailsManagerConfigurer - Global AuthenticationManager configured with UserDetailsService bean with name inMemoryUserDetailsManager MDC:[traceId=, spanId=]
2025-01-10 13:27:55 [main] DEBUG o.s.s.web.DefaultSecurityFilterChain - Will secure any request with filters: DisableEncodeUrlFilter, WebAsyncManagerIntegrationFilter, SecurityContextHolderFilter, HeaderWriterFilter, LogoutFilter, RequestCacheAwareFilter, SecurityContextHolderAwareRequestFilter, AnonymousAuthenticationFilter, ExceptionTranslationFilter, AuthorizationFilter MDC:[traceId=, spanId=]
2025-01-10 13:28:01 [http-nio-8081-exec-2] DEBUG o.s.security.web.FilterChainProxy - Securing GET /swagger-ui/index.html MDC:[traceId=, spanId=]
2025-01-10 13:28:01 [http-nio-8081-exec-2] DEBUG o.s.security.web.FilterChainProxy - Secured GET /swagger-ui/index.html MDC:[traceId=, spanId=]
2025-01-10 13:28:01 [http-nio-8081-exec-2] DEBUG o.s.s.w.a.AnonymousAuthenticationFilter - Set SecurityContextHolder to anonymous SecurityContext MDC:[traceId=, spanId=]
2025-01-10 13:28:01 [http-nio-8081-exec-1] DEBUG o.s.security.web.FilterChainProxy - Securing GET /swagger-ui/swagger-initializer.js MDC:[traceId=, spanId=]
2025-01-10 13:28:01 [http-nio-8081-exec-1] DEBUG o.s.security.web.FilterChainProxy - Secured GET /swagger-ui/swagger-initializer.js MDC:[traceId=, spanId=]
2025-01-10 13:28:01 [http-nio-8081-exec-1] DEBUG o.s.s.w.a.AnonymousAuthenticationFilter - Set SecurityContextHolder to anonymous SecurityContext MDC:[traceId=, spanId=]
2025-01-10 13:28:01 [http-nio-8081-exec-4] DEBUG o.s.security.web.FilterChainProxy - Securing GET /swagger-ui/swagger-ui.css.map MDC:[traceId=, spanId=]
2025-01-10 13:28:01 [http-nio-8081-exec-4] DEBUG o.s.security.web.FilterChainProxy - Secured GET /swagger-ui/swagger-ui.css.map MDC:[traceId=, spanId=]
2025-01-10 13:28:01 [http-nio-8081-exec-4] DEBUG o.s.s.w.a.AnonymousAuthenticationFilter - Set SecurityContextHolder to anonymous SecurityContext MDC:[traceId=, spanId=]
2025-01-10 13:28:01 [http-nio-8081-exec-5] DEBUG o.s.security.web.FilterChainProxy - Securing GET /swagger-ui/swagger-ui-bundle.js.map MDC:[traceId=, spanId=]
2025-01-10 13:28:01 [http-nio-8081-exec-5] DEBUG o.s.security.web.FilterChainProxy - Secured GET /swagger-ui/swagger-ui-bundle.js.map MDC:[traceId=, spanId=]
2025-01-10 13:28:01 [http-nio-8081-exec-5] DEBUG o.s.s.w.a.AnonymousAuthenticationFilter - Set SecurityContextHolder to anonymous SecurityContext MDC:[traceId=, spanId=]
2025-01-10 13:28:02 [http-nio-8081-exec-6] DEBUG o.s.security.web.FilterChainProxy - Securing GET /v3/api-docs/swagger-config MDC:[traceId=, spanId=]
2025-01-10 13:28:02 [http-nio-8081-exec-6] DEBUG o.s.security.web.FilterChainProxy - Secured GET /v3/api-docs/swagger-config MDC:[traceId=, spanId=]
2025-01-10 13:28:02 [http-nio-8081-exec-6] DEBUG o.s.s.w.a.AnonymousAuthenticationFilter - Set SecurityContextHolder to anonymous SecurityContext MDC:[traceId=, spanId=]
2025-01-10 13:28:02 [http-nio-8081-exec-9] DEBUG o.s.security.web.FilterChainProxy - Securing GET /v3/api-docs MDC:[traceId=, spanId=]
2025-01-10 13:28:02 [http-nio-8081-exec-9] DEBUG o.s.security.web.FilterChainProxy - Secured GET /v3/api-docs MDC:[traceId=, spanId=]
2025-01-10 13:28:03 [http-nio-8081-exec-10] DEBUG o.s.security.web.FilterChainProxy - Securing GET /swagger-ui/swagger-ui-standalone-preset.js.map MDC:[traceId=, spanId=]
2025-01-10 13:28:03 [http-nio-8081-exec-10] DEBUG o.s.security.web.FilterChainProxy - Secured GET /swagger-ui/swagger-ui-standalone-preset.js.map MDC:[traceId=, spanId=]
2025-01-10 13:28:03 [http-nio-8081-exec-10] DEBUG o.s.s.w.a.AnonymousAuthenticationFilter - Set SecurityContextHolder to anonymous SecurityContext MDC:[traceId=, spanId=]
2025-01-10 13:28:03 [http-nio-8081-exec-9] DEBUG o.s.s.w.a.AnonymousAuthenticationFilter - Set SecurityContextHolder to anonymous SecurityContext MDC:[traceId=, spanId=]
2025-01-10 13:28:07 [http-nio-8081-exec-8] DEBUG o.s.security.web.FilterChainProxy - Securing POST /auth/register MDC:[traceId=, spanId=]
2025-01-10 13:28:07 [http-nio-8081-exec-8] DEBUG o.s.security.web.FilterChainProxy - Secured POST /auth/register MDC:[traceId=, spanId=]
2025-01-10 13:28:15 [http-nio-8081-exec-8] DEBUG o.s.s.w.a.AnonymousAuthenticationFilter - Set SecurityContextHolder to anonymous SecurityContext MDC:[traceId=, spanId=]
2025-01-10 13:34:16 [main] INFO  o.s.s.c.a.a.c.InitializeUserDetailsBeanManagerConfigurer$InitializeUserDetailsManagerConfigurer - Global AuthenticationManager configured with UserDetailsService bean with name inMemoryUserDetailsManager MDC:[traceId=, spanId=]
2025-01-10 13:34:16 [main] DEBUG o.s.s.web.DefaultSecurityFilterChain - Will secure any request with filters: DisableEncodeUrlFilter, WebAsyncManagerIntegrationFilter, SecurityContextHolderFilter, HeaderWriterFilter, LogoutFilter, RequestCacheAwareFilter, SecurityContextHolderAwareRequestFilter, AnonymousAuthenticationFilter, ExceptionTranslationFilter, AuthorizationFilter MDC:[traceId=, spanId=]
2025-01-10 13:36:04 [main] INFO  o.s.s.c.a.a.c.InitializeUserDetailsBeanManagerConfigurer$InitializeUserDetailsManagerConfigurer - Global AuthenticationManager configured with UserDetailsService bean with name inMemoryUserDetailsManager MDC:[traceId=, spanId=]
2025-01-10 13:36:05 [main] DEBUG o.s.s.web.DefaultSecurityFilterChain - Will secure any request with filters: DisableEncodeUrlFilter, WebAsyncManagerIntegrationFilter, SecurityContextHolderFilter, HeaderWriterFilter, LogoutFilter, RequestCacheAwareFilter, SecurityContextHolderAwareRequestFilter, AnonymousAuthenticationFilter, ExceptionTranslationFilter, AuthorizationFilter MDC:[traceId=, spanId=]
2025-01-10 13:36:44 [main] INFO  o.s.s.c.a.a.c.InitializeUserDetailsBeanManagerConfigurer$InitializeUserDetailsManagerConfigurer - Global AuthenticationManager configured with UserDetailsService bean with name inMemoryUserDetailsManager MDC:[traceId=, spanId=]
2025-01-10 13:36:44 [main] DEBUG o.s.s.web.DefaultSecurityFilterChain - Will secure any request with filters: DisableEncodeUrlFilter, WebAsyncManagerIntegrationFilter, SecurityContextHolderFilter, HeaderWriterFilter, LogoutFilter, RequestCacheAwareFilter, SecurityContextHolderAwareRequestFilter, AnonymousAuthenticationFilter, ExceptionTranslationFilter, AuthorizationFilter MDC:[traceId=, spanId=]
2025-01-10 13:37:06 [http-nio-8081-exec-3] DEBUG o.s.security.web.FilterChainProxy - Securing POST /auth/login MDC:[traceId=, spanId=]
2025-01-10 13:37:06 [http-nio-8081-exec-3] DEBUG o.s.security.web.FilterChainProxy - Secured POST /auth/login MDC:[traceId=, spanId=]
2025-01-10 13:37:07 [http-nio-8081-exec-3] DEBUG o.s.s.w.a.AnonymousAuthenticationFilter - Set SecurityContextHolder to anonymous SecurityContext MDC:[traceId=, spanId=]
2025-01-10 13:44:44 [main] INFO  o.s.s.c.a.a.c.InitializeUserDetailsBeanManagerConfigurer$InitializeUserDetailsManagerConfigurer - Global AuthenticationManager configured with UserDetailsService bean with name inMemoryUserDetailsManager MDC:[traceId=, spanId=]
2025-01-10 13:44:45 [main] DEBUG o.s.s.web.DefaultSecurityFilterChain - Will secure any request with filters: DisableEncodeUrlFilter, WebAsyncManagerIntegrationFilter, SecurityContextHolderFilter, HeaderWriterFilter, LogoutFilter, RequestCacheAwareFilter, SecurityContextHolderAwareRequestFilter, AnonymousAuthenticationFilter, ExceptionTranslationFilter, AuthorizationFilter MDC:[traceId=, spanId=]
2025-01-10 13:44:50 [http-nio-8081-exec-3] DEBUG o.s.security.web.FilterChainProxy - Securing POST /auth/login MDC:[traceId=, spanId=]
2025-01-10 13:44:50 [http-nio-8081-exec-3] DEBUG o.s.security.web.FilterChainProxy - Secured POST /auth/login MDC:[traceId=, spanId=]
2025-01-10 13:44:55 [http-nio-8081-exec-3] DEBUG o.s.s.w.a.AnonymousAuthenticationFilter - Set SecurityContextHolder to anonymous SecurityContext MDC:[traceId=, spanId=]
2025-01-10 13:45:29 [http-nio-8081-exec-2] DEBUG o.s.security.web.FilterChainProxy - Securing GET /category/get-all?pageNo=0&pageSize=10 MDC:[traceId=, spanId=]
2025-01-10 13:45:29 [http-nio-8081-exec-2] DEBUG o.s.s.w.a.AnonymousAuthenticationFilter - Set SecurityContextHolder to anonymous SecurityContext MDC:[traceId=, spanId=]
2025-01-10 13:45:29 [http-nio-8081-exec-2] DEBUG o.s.s.w.s.HttpSessionRequestCache - Saved request http://localhost:8081/category/get-all?pageNo=0&pageSize=10&continue to session MDC:[traceId=, spanId=]
2025-01-10 13:45:29 [http-nio-8081-exec-2] DEBUG o.s.s.w.a.Http403ForbiddenEntryPoint - Pre-authenticated entry point called. Rejecting access MDC:[traceId=, spanId=]
2025-01-10 13:45:29 [http-nio-8081-exec-2] DEBUG o.s.security.web.FilterChainProxy - Securing GET /error?pageNo=0&pageSize=10 MDC:[traceId=, spanId=]
2025-01-10 13:45:29 [http-nio-8081-exec-2] DEBUG o.s.s.w.a.AnonymousAuthenticationFilter - Set SecurityContextHolder to anonymous SecurityContext MDC:[traceId=, spanId=]
2025-01-10 13:45:29 [http-nio-8081-exec-2] DEBUG o.s.s.w.s.HttpSessionRequestCache - Saved request http://localhost:8081/error?pageNo=0&pageSize=10&continue to session MDC:[traceId=, spanId=]
2025-01-10 13:45:29 [http-nio-8081-exec-2] DEBUG o.s.s.w.a.Http403ForbiddenEntryPoint - Pre-authenticated entry point called. Rejecting access MDC:[traceId=, spanId=]
2025-01-10 13:45:30 [http-nio-8081-exec-6] DEBUG o.s.security.web.FilterChainProxy - Securing GET /category/get-all?pageNo=0&pageSize=10 MDC:[traceId=, spanId=]
2025-01-10 13:45:30 [http-nio-8081-exec-6] DEBUG o.s.s.w.a.AnonymousAuthenticationFilter - Set SecurityContextHolder to anonymous SecurityContext MDC:[traceId=, spanId=]
2025-01-10 13:45:30 [http-nio-8081-exec-6] DEBUG o.s.s.w.s.HttpSessionRequestCache - Saved request http://localhost:8081/category/get-all?pageNo=0&pageSize=10&continue to session MDC:[traceId=, spanId=]
2025-01-10 13:45:30 [http-nio-8081-exec-6] DEBUG o.s.s.w.a.Http403ForbiddenEntryPoint - Pre-authenticated entry point called. Rejecting access MDC:[traceId=, spanId=]
2025-01-10 13:45:30 [http-nio-8081-exec-6] DEBUG o.s.security.web.FilterChainProxy - Securing GET /error?pageNo=0&pageSize=10 MDC:[traceId=, spanId=]
2025-01-10 13:45:30 [http-nio-8081-exec-6] DEBUG o.s.s.w.a.AnonymousAuthenticationFilter - Set SecurityContextHolder to anonymous SecurityContext MDC:[traceId=, spanId=]
2025-01-10 13:45:30 [http-nio-8081-exec-6] DEBUG o.s.s.w.s.HttpSessionRequestCache - Saved request http://localhost:8081/error?pageNo=0&pageSize=10&continue to session MDC:[traceId=, spanId=]
2025-01-10 13:45:30 [http-nio-8081-exec-6] DEBUG o.s.s.w.a.Http403ForbiddenEntryPoint - Pre-authenticated entry point called. Rejecting access MDC:[traceId=, spanId=]
2025-01-10 13:45:42 [http-nio-8081-exec-5] DEBUG o.s.security.web.FilterChainProxy - Securing GET /category/get-all?pageNo=0&pageSize=10 MDC:[traceId=, spanId=]
2025-01-10 13:45:42 [http-nio-8081-exec-5] DEBUG o.s.s.w.a.AnonymousAuthenticationFilter - Set SecurityContextHolder to anonymous SecurityContext MDC:[traceId=, spanId=]
2025-01-10 13:45:42 [http-nio-8081-exec-5] DEBUG o.s.s.w.s.HttpSessionRequestCache - Saved request http://localhost:8081/category/get-all?pageNo=0&pageSize=10&continue to session MDC:[traceId=, spanId=]
2025-01-10 13:45:42 [http-nio-8081-exec-5] DEBUG o.s.s.w.a.Http403ForbiddenEntryPoint - Pre-authenticated entry point called. Rejecting access MDC:[traceId=, spanId=]
2025-01-10 13:45:42 [http-nio-8081-exec-5] DEBUG o.s.security.web.FilterChainProxy - Securing GET /error?pageNo=0&pageSize=10 MDC:[traceId=, spanId=]
2025-01-10 13:45:42 [http-nio-8081-exec-5] DEBUG o.s.s.w.a.AnonymousAuthenticationFilter - Set SecurityContextHolder to anonymous SecurityContext MDC:[traceId=, spanId=]
2025-01-10 13:45:42 [http-nio-8081-exec-5] DEBUG o.s.s.w.s.HttpSessionRequestCache - Saved request http://localhost:8081/error?pageNo=0&pageSize=10&continue to session MDC:[traceId=, spanId=]
2025-01-10 13:45:42 [http-nio-8081-exec-5] DEBUG o.s.s.w.a.Http403ForbiddenEntryPoint - Pre-authenticated entry point called. Rejecting access MDC:[traceId=, spanId=]
2025-01-10 13:45:43 [http-nio-8081-exec-4] DEBUG o.s.security.web.FilterChainProxy - Securing GET /category/get-all?pageNo=0&pageSize=10 MDC:[traceId=, spanId=]
2025-01-10 13:45:43 [http-nio-8081-exec-4] DEBUG o.s.s.w.a.AnonymousAuthenticationFilter - Set SecurityContextHolder to anonymous SecurityContext MDC:[traceId=, spanId=]
2025-01-10 13:45:43 [http-nio-8081-exec-4] DEBUG o.s.s.w.s.HttpSessionRequestCache - Saved request http://localhost:8081/category/get-all?pageNo=0&pageSize=10&continue to session MDC:[traceId=, spanId=]
2025-01-10 13:45:43 [http-nio-8081-exec-4] DEBUG o.s.s.w.a.Http403ForbiddenEntryPoint - Pre-authenticated entry point called. Rejecting access MDC:[traceId=, spanId=]
2025-01-10 13:45:43 [http-nio-8081-exec-4] DEBUG o.s.security.web.FilterChainProxy - Securing GET /error?pageNo=0&pageSize=10 MDC:[traceId=, spanId=]
2025-01-10 13:45:43 [http-nio-8081-exec-4] DEBUG o.s.s.w.a.AnonymousAuthenticationFilter - Set SecurityContextHolder to anonymous SecurityContext MDC:[traceId=, spanId=]
2025-01-10 13:45:43 [http-nio-8081-exec-4] DEBUG o.s.s.w.s.HttpSessionRequestCache - Saved request http://localhost:8081/error?pageNo=0&pageSize=10&continue to session MDC:[traceId=, spanId=]
2025-01-10 13:45:43 [http-nio-8081-exec-4] DEBUG o.s.s.w.a.Http403ForbiddenEntryPoint - Pre-authenticated entry point called. Rejecting access MDC:[traceId=, spanId=]
2025-01-10 13:46:08 [http-nio-8081-exec-8] DEBUG o.s.security.web.FilterChainProxy - Securing GET /category/get-all?pageNo=0&pageSize=10 MDC:[traceId=, spanId=]
2025-01-10 13:46:08 [http-nio-8081-exec-8] DEBUG o.s.s.w.a.AnonymousAuthenticationFilter - Set SecurityContextHolder to anonymous SecurityContext MDC:[traceId=, spanId=]
2025-01-10 13:46:08 [http-nio-8081-exec-8] DEBUG o.s.s.w.s.HttpSessionRequestCache - Saved request http://localhost:8081/category/get-all?pageNo=0&pageSize=10&continue to session MDC:[traceId=, spanId=]
2025-01-10 13:46:08 [http-nio-8081-exec-8] DEBUG o.s.s.w.a.Http403ForbiddenEntryPoint - Pre-authenticated entry point called. Rejecting access MDC:[traceId=, spanId=]
2025-01-10 13:46:08 [http-nio-8081-exec-8] DEBUG o.s.security.web.FilterChainProxy - Securing GET /error?pageNo=0&pageSize=10 MDC:[traceId=, spanId=]
2025-01-10 13:46:08 [http-nio-8081-exec-8] DEBUG o.s.s.w.a.AnonymousAuthenticationFilter - Set SecurityContextHolder to anonymous SecurityContext MDC:[traceId=, spanId=]
2025-01-10 13:46:08 [http-nio-8081-exec-8] DEBUG o.s.s.w.s.HttpSessionRequestCache - Saved request http://localhost:8081/error?pageNo=0&pageSize=10&continue to session MDC:[traceId=, spanId=]
2025-01-10 13:46:08 [http-nio-8081-exec-8] DEBUG o.s.s.w.a.Http403ForbiddenEntryPoint - Pre-authenticated entry point called. Rejecting access MDC:[traceId=, spanId=]
2025-01-10 13:46:41 [main] INFO  o.s.s.c.a.a.c.InitializeUserDetailsBeanManagerConfigurer$InitializeUserDetailsManagerConfigurer - Global AuthenticationManager configured with UserDetailsService bean with name inMemoryUserDetailsManager MDC:[traceId=, spanId=]
2025-01-10 13:46:41 [main] DEBUG o.s.s.web.DefaultSecurityFilterChain - Will secure any request with filters: DisableEncodeUrlFilter, WebAsyncManagerIntegrationFilter, SecurityContextHolderFilter, HeaderWriterFilter, LogoutFilter, RequestCacheAwareFilter, SecurityContextHolderAwareRequestFilter, AnonymousAuthenticationFilter, ExceptionTranslationFilter, AuthorizationFilter MDC:[traceId=, spanId=]
2025-01-10 13:46:48 [http-nio-8081-exec-1] DEBUG o.s.security.web.FilterChainProxy - Securing GET /category/get-all?pageNo=0&pageSize=10 MDC:[traceId=, spanId=]
2025-01-10 13:46:48 [http-nio-8081-exec-1] DEBUG o.s.s.w.a.AnonymousAuthenticationFilter - Set SecurityContextHolder to anonymous SecurityContext MDC:[traceId=, spanId=]
2025-01-10 13:46:48 [http-nio-8081-exec-1] DEBUG o.s.s.w.s.HttpSessionRequestCache - Saved request http://localhost:8081/category/get-all?pageNo=0&pageSize=10&continue to session MDC:[traceId=, spanId=]
2025-01-10 13:46:48 [http-nio-8081-exec-1] DEBUG o.s.s.w.a.Http403ForbiddenEntryPoint - Pre-authenticated entry point called. Rejecting access MDC:[traceId=, spanId=]
2025-01-10 13:46:48 [http-nio-8081-exec-1] DEBUG o.s.security.web.FilterChainProxy - Securing GET /error?pageNo=0&pageSize=10 MDC:[traceId=, spanId=]
2025-01-10 13:46:48 [http-nio-8081-exec-1] DEBUG o.s.s.w.a.AnonymousAuthenticationFilter - Set SecurityContextHolder to anonymous SecurityContext MDC:[traceId=, spanId=]
2025-01-10 13:46:48 [http-nio-8081-exec-1] DEBUG o.s.s.w.s.HttpSessionRequestCache - Saved request http://localhost:8081/error?pageNo=0&pageSize=10&continue to session MDC:[traceId=, spanId=]
2025-01-10 13:46:48 [http-nio-8081-exec-1] DEBUG o.s.s.w.a.Http403ForbiddenEntryPoint - Pre-authenticated entry point called. Rejecting access MDC:[traceId=, spanId=]
2025-01-10 13:46:57 [http-nio-8081-exec-3] DEBUG o.s.security.web.FilterChainProxy - Securing POST /category/create MDC:[traceId=, spanId=]
2025-01-10 13:46:57 [http-nio-8081-exec-3] DEBUG o.s.s.w.a.AnonymousAuthenticationFilter - Set SecurityContextHolder to anonymous SecurityContext MDC:[traceId=, spanId=]
2025-01-10 13:46:57 [http-nio-8081-exec-3] DEBUG o.s.s.w.s.HttpSessionRequestCache - Saved request http://localhost:8081/category/create?continue to session MDC:[traceId=, spanId=]
2025-01-10 13:46:57 [http-nio-8081-exec-3] DEBUG o.s.s.w.a.Http403ForbiddenEntryPoint - Pre-authenticated entry point called. Rejecting access MDC:[traceId=, spanId=]
2025-01-10 13:46:57 [http-nio-8081-exec-3] DEBUG o.s.security.web.FilterChainProxy - Securing POST /error MDC:[traceId=, spanId=]
2025-01-10 13:46:57 [http-nio-8081-exec-3] DEBUG o.s.s.w.a.AnonymousAuthenticationFilter - Set SecurityContextHolder to anonymous SecurityContext MDC:[traceId=, spanId=]
2025-01-10 13:46:57 [http-nio-8081-exec-3] DEBUG o.s.s.w.s.HttpSessionRequestCache - Saved request http://localhost:8081/error?continue to session MDC:[traceId=, spanId=]
2025-01-10 13:46:57 [http-nio-8081-exec-3] DEBUG o.s.s.w.a.Http403ForbiddenEntryPoint - Pre-authenticated entry point called. Rejecting access MDC:[traceId=, spanId=]
2025-01-10 13:47:27 [http-nio-8081-exec-4] DEBUG o.s.security.web.FilterChainProxy - Securing POST /category/create MDC:[traceId=, spanId=]
2025-01-10 13:47:27 [http-nio-8081-exec-4] DEBUG o.s.s.w.a.AnonymousAuthenticationFilter - Set SecurityContextHolder to anonymous SecurityContext MDC:[traceId=, spanId=]
2025-01-10 13:47:27 [http-nio-8081-exec-4] DEBUG o.s.s.w.s.HttpSessionRequestCache - Saved request http://localhost:8081/category/create?continue to session MDC:[traceId=, spanId=]
2025-01-10 13:47:27 [http-nio-8081-exec-4] DEBUG o.s.s.w.a.Http403ForbiddenEntryPoint - Pre-authenticated entry point called. Rejecting access MDC:[traceId=, spanId=]
2025-01-10 13:47:27 [http-nio-8081-exec-4] DEBUG o.s.security.web.FilterChainProxy - Securing POST /error MDC:[traceId=, spanId=]
2025-01-10 13:47:27 [http-nio-8081-exec-4] DEBUG o.s.s.w.a.AnonymousAuthenticationFilter - Set SecurityContextHolder to anonymous SecurityContext MDC:[traceId=, spanId=]
2025-01-10 13:47:27 [http-nio-8081-exec-4] DEBUG o.s.s.w.s.HttpSessionRequestCache - Saved request http://localhost:8081/error?continue to session MDC:[traceId=, spanId=]
2025-01-10 13:47:27 [http-nio-8081-exec-4] DEBUG o.s.s.w.a.Http403ForbiddenEntryPoint - Pre-authenticated entry point called. Rejecting access MDC:[traceId=, spanId=]
2025-01-10 13:47:36 [http-nio-8081-exec-8] DEBUG o.s.security.web.FilterChainProxy - Securing POST /category/create MDC:[traceId=, spanId=]
2025-01-10 13:47:36 [http-nio-8081-exec-8] DEBUG o.s.s.w.a.AnonymousAuthenticationFilter - Set SecurityContextHolder to anonymous SecurityContext MDC:[traceId=, spanId=]
2025-01-10 13:47:36 [http-nio-8081-exec-8] DEBUG o.s.s.w.s.HttpSessionRequestCache - Saved request http://localhost:8081/category/create?continue to session MDC:[traceId=, spanId=]
2025-01-10 13:47:36 [http-nio-8081-exec-8] DEBUG o.s.s.w.a.Http403ForbiddenEntryPoint - Pre-authenticated entry point called. Rejecting access MDC:[traceId=, spanId=]
2025-01-10 13:47:36 [http-nio-8081-exec-8] DEBUG o.s.security.web.FilterChainProxy - Securing POST /error MDC:[traceId=, spanId=]
2025-01-10 13:47:36 [http-nio-8081-exec-8] DEBUG o.s.s.w.a.AnonymousAuthenticationFilter - Set SecurityContextHolder to anonymous SecurityContext MDC:[traceId=, spanId=]
2025-01-10 13:47:36 [http-nio-8081-exec-8] DEBUG o.s.s.w.s.HttpSessionRequestCache - Saved request http://localhost:8081/error?continue to session MDC:[traceId=, spanId=]
2025-01-10 13:47:36 [http-nio-8081-exec-8] DEBUG o.s.s.w.a.Http403ForbiddenEntryPoint - Pre-authenticated entry point called. Rejecting access MDC:[traceId=, spanId=]
2025-01-10 13:47:38 [http-nio-8081-exec-6] DEBUG o.s.security.web.FilterChainProxy - Securing POST /category/create MDC:[traceId=, spanId=]
2025-01-10 13:47:38 [http-nio-8081-exec-6] DEBUG o.s.s.w.a.AnonymousAuthenticationFilter - Set SecurityContextHolder to anonymous SecurityContext MDC:[traceId=, spanId=]
2025-01-10 13:47:38 [http-nio-8081-exec-6] DEBUG o.s.s.w.s.HttpSessionRequestCache - Saved request http://localhost:8081/category/create?continue to session MDC:[traceId=, spanId=]
2025-01-10 13:47:38 [http-nio-8081-exec-6] DEBUG o.s.s.w.a.Http403ForbiddenEntryPoint - Pre-authenticated entry point called. Rejecting access MDC:[traceId=, spanId=]
2025-01-10 13:47:38 [http-nio-8081-exec-6] DEBUG o.s.security.web.FilterChainProxy - Securing POST /error MDC:[traceId=, spanId=]
2025-01-10 13:47:38 [http-nio-8081-exec-6] DEBUG o.s.s.w.a.AnonymousAuthenticationFilter - Set SecurityContextHolder to anonymous SecurityContext MDC:[traceId=, spanId=]
2025-01-10 13:47:38 [http-nio-8081-exec-6] DEBUG o.s.s.w.s.HttpSessionRequestCache - Saved request http://localhost:8081/error?continue to session MDC:[traceId=, spanId=]
2025-01-10 13:47:38 [http-nio-8081-exec-6] DEBUG o.s.s.w.a.Http403ForbiddenEntryPoint - Pre-authenticated entry point called. Rejecting access MDC:[traceId=, spanId=]
2025-01-10 13:47:40 [http-nio-8081-exec-7] DEBUG o.s.security.web.FilterChainProxy - Securing POST /category/create MDC:[traceId=, spanId=]
2025-01-10 13:47:40 [http-nio-8081-exec-7] DEBUG o.s.s.w.a.AnonymousAuthenticationFilter - Set SecurityContextHolder to anonymous SecurityContext MDC:[traceId=, spanId=]
2025-01-10 13:47:40 [http-nio-8081-exec-7] DEBUG o.s.s.w.s.HttpSessionRequestCache - Saved request http://localhost:8081/category/create?continue to session MDC:[traceId=, spanId=]
2025-01-10 13:47:40 [http-nio-8081-exec-7] DEBUG o.s.s.w.a.Http403ForbiddenEntryPoint - Pre-authenticated entry point called. Rejecting access MDC:[traceId=, spanId=]
2025-01-10 13:47:40 [http-nio-8081-exec-7] DEBUG o.s.security.web.FilterChainProxy - Securing POST /error MDC:[traceId=, spanId=]
2025-01-10 13:47:40 [http-nio-8081-exec-7] DEBUG o.s.s.w.a.AnonymousAuthenticationFilter - Set SecurityContextHolder to anonymous SecurityContext MDC:[traceId=, spanId=]
2025-01-10 13:47:40 [http-nio-8081-exec-7] DEBUG o.s.s.w.s.HttpSessionRequestCache - Saved request http://localhost:8081/error?continue to session MDC:[traceId=, spanId=]
2025-01-10 13:47:40 [http-nio-8081-exec-7] DEBUG o.s.s.w.a.Http403ForbiddenEntryPoint - Pre-authenticated entry point called. Rejecting access MDC:[traceId=, spanId=]
2025-01-10 13:48:02 [http-nio-8081-exec-9] DEBUG o.s.security.web.FilterChainProxy - Securing POST /auth/login MDC:[traceId=, spanId=]
2025-01-10 13:48:02 [http-nio-8081-exec-9] DEBUG o.s.security.web.FilterChainProxy - Secured POST /auth/login MDC:[traceId=, spanId=]
2025-01-10 13:48:06 [http-nio-8081-exec-9] DEBUG o.s.s.w.a.AnonymousAuthenticationFilter - Set SecurityContextHolder to anonymous SecurityContext MDC:[traceId=, spanId=]
2025-01-10 13:48:20 [http-nio-8081-exec-10] DEBUG o.s.security.web.FilterChainProxy - Securing POST /category/create MDC:[traceId=, spanId=]
2025-01-10 13:48:20 [http-nio-8081-exec-10] DEBUG o.s.s.w.a.AnonymousAuthenticationFilter - Set SecurityContextHolder to anonymous SecurityContext MDC:[traceId=, spanId=]
2025-01-10 13:48:20 [http-nio-8081-exec-10] DEBUG o.s.s.w.s.HttpSessionRequestCache - Saved request http://localhost:8081/category/create?continue to session MDC:[traceId=, spanId=]
2025-01-10 13:48:20 [http-nio-8081-exec-10] DEBUG o.s.s.w.a.Http403ForbiddenEntryPoint - Pre-authenticated entry point called. Rejecting access MDC:[traceId=, spanId=]
2025-01-10 13:48:20 [http-nio-8081-exec-10] DEBUG o.s.security.web.FilterChainProxy - Securing POST /error MDC:[traceId=, spanId=]
2025-01-10 13:48:20 [http-nio-8081-exec-10] DEBUG o.s.s.w.a.AnonymousAuthenticationFilter - Set SecurityContextHolder to anonymous SecurityContext MDC:[traceId=, spanId=]
2025-01-10 13:48:20 [http-nio-8081-exec-10] DEBUG o.s.s.w.s.HttpSessionRequestCache - Saved request http://localhost:8081/error?continue to session MDC:[traceId=, spanId=]
2025-01-10 13:48:20 [http-nio-8081-exec-10] DEBUG o.s.s.w.a.Http403ForbiddenEntryPoint - Pre-authenticated entry point called. Rejecting access MDC:[traceId=, spanId=]
2025-01-10 13:49:12 [main] INFO  o.s.s.c.a.a.c.InitializeUserDetailsBeanManagerConfigurer$InitializeUserDetailsManagerConfigurer - Global AuthenticationManager configured with UserDetailsService bean with name inMemoryUserDetailsManager MDC:[traceId=, spanId=]
2025-01-10 13:49:12 [main] DEBUG o.s.s.web.DefaultSecurityFilterChain - Will secure any request with filters: DisableEncodeUrlFilter, WebAsyncManagerIntegrationFilter, SecurityContextHolderFilter, HeaderWriterFilter, LogoutFilter, RequestCacheAwareFilter, SecurityContextHolderAwareRequestFilter, AnonymousAuthenticationFilter, ExceptionTranslationFilter, AuthorizationFilter MDC:[traceId=, spanId=]
2025-01-10 13:49:17 [http-nio-8081-exec-2] DEBUG o.s.security.web.FilterChainProxy - Securing POST /category/create MDC:[traceId=, spanId=]
2025-01-10 13:49:17 [http-nio-8081-exec-2] DEBUG o.s.s.w.a.AnonymousAuthenticationFilter - Set SecurityContextHolder to anonymous SecurityContext MDC:[traceId=, spanId=]
2025-01-10 13:49:17 [http-nio-8081-exec-2] DEBUG o.s.s.w.s.HttpSessionRequestCache - Saved request http://localhost:8081/category/create?continue to session MDC:[traceId=, spanId=]
2025-01-10 13:49:17 [http-nio-8081-exec-2] DEBUG o.s.s.w.a.Http403ForbiddenEntryPoint - Pre-authenticated entry point called. Rejecting access MDC:[traceId=, spanId=]
2025-01-10 13:49:17 [http-nio-8081-exec-2] DEBUG o.s.security.web.FilterChainProxy - Securing POST /error MDC:[traceId=, spanId=]
2025-01-10 13:49:17 [http-nio-8081-exec-2] DEBUG o.s.s.w.a.AnonymousAuthenticationFilter - Set SecurityContextHolder to anonymous SecurityContext MDC:[traceId=, spanId=]
2025-01-10 13:49:17 [http-nio-8081-exec-2] DEBUG o.s.s.w.s.HttpSessionRequestCache - Saved request http://localhost:8081/error?continue to session MDC:[traceId=, spanId=]
2025-01-10 13:49:17 [http-nio-8081-exec-2] DEBUG o.s.s.w.a.Http403ForbiddenEntryPoint - Pre-authenticated entry point called. Rejecting access MDC:[traceId=, spanId=]
2025-01-10 13:49:18 [http-nio-8081-exec-3] DEBUG o.s.security.web.FilterChainProxy - Securing POST /category/create MDC:[traceId=, spanId=]
2025-01-10 13:49:18 [http-nio-8081-exec-3] DEBUG o.s.s.w.a.AnonymousAuthenticationFilter - Set SecurityContextHolder to anonymous SecurityContext MDC:[traceId=, spanId=]
2025-01-10 13:49:18 [http-nio-8081-exec-3] DEBUG o.s.s.w.s.HttpSessionRequestCache - Saved request http://localhost:8081/category/create?continue to session MDC:[traceId=, spanId=]
2025-01-10 13:49:18 [http-nio-8081-exec-3] DEBUG o.s.s.w.a.Http403ForbiddenEntryPoint - Pre-authenticated entry point called. Rejecting access MDC:[traceId=, spanId=]
2025-01-10 13:49:18 [http-nio-8081-exec-3] DEBUG o.s.security.web.FilterChainProxy - Securing POST /error MDC:[traceId=, spanId=]
2025-01-10 13:49:18 [http-nio-8081-exec-3] DEBUG o.s.s.w.a.AnonymousAuthenticationFilter - Set SecurityContextHolder to anonymous SecurityContext MDC:[traceId=, spanId=]
2025-01-10 13:49:18 [http-nio-8081-exec-3] DEBUG o.s.s.w.s.HttpSessionRequestCache - Saved request http://localhost:8081/error?continue to session MDC:[traceId=, spanId=]
2025-01-10 13:49:18 [http-nio-8081-exec-3] DEBUG o.s.s.w.a.Http403ForbiddenEntryPoint - Pre-authenticated entry point called. Rejecting access MDC:[traceId=, spanId=]
2025-01-10 13:49:19 [http-nio-8081-exec-5] DEBUG o.s.security.web.FilterChainProxy - Securing POST /category/create MDC:[traceId=, spanId=]
2025-01-10 13:49:19 [http-nio-8081-exec-5] DEBUG o.s.s.w.a.AnonymousAuthenticationFilter - Set SecurityContextHolder to anonymous SecurityContext MDC:[traceId=, spanId=]
2025-01-10 13:49:19 [http-nio-8081-exec-5] DEBUG o.s.s.w.s.HttpSessionRequestCache - Saved request http://localhost:8081/category/create?continue to session MDC:[traceId=, spanId=]
2025-01-10 13:49:19 [http-nio-8081-exec-5] DEBUG o.s.s.w.a.Http403ForbiddenEntryPoint - Pre-authenticated entry point called. Rejecting access MDC:[traceId=, spanId=]
2025-01-10 13:49:19 [http-nio-8081-exec-5] DEBUG o.s.security.web.FilterChainProxy - Securing POST /error MDC:[traceId=, spanId=]
2025-01-10 13:49:19 [http-nio-8081-exec-5] DEBUG o.s.s.w.a.AnonymousAuthenticationFilter - Set SecurityContextHolder to anonymous SecurityContext MDC:[traceId=, spanId=]
2025-01-10 13:49:19 [http-nio-8081-exec-5] DEBUG o.s.s.w.s.HttpSessionRequestCache - Saved request http://localhost:8081/error?continue to session MDC:[traceId=, spanId=]
2025-01-10 13:49:19 [http-nio-8081-exec-5] DEBUG o.s.s.w.a.Http403ForbiddenEntryPoint - Pre-authenticated entry point called. Rejecting access MDC:[traceId=, spanId=]
2025-01-10 13:49:20 [http-nio-8081-exec-4] DEBUG o.s.security.web.FilterChainProxy - Securing POST /category/create MDC:[traceId=, spanId=]
2025-01-10 13:49:20 [http-nio-8081-exec-4] DEBUG o.s.s.w.a.AnonymousAuthenticationFilter - Set SecurityContextHolder to anonymous SecurityContext MDC:[traceId=, spanId=]
2025-01-10 13:49:20 [http-nio-8081-exec-4] DEBUG o.s.s.w.s.HttpSessionRequestCache - Saved request http://localhost:8081/category/create?continue to session MDC:[traceId=, spanId=]
2025-01-10 13:49:20 [http-nio-8081-exec-4] DEBUG o.s.s.w.a.Http403ForbiddenEntryPoint - Pre-authenticated entry point called. Rejecting access MDC:[traceId=, spanId=]
2025-01-10 13:49:20 [http-nio-8081-exec-4] DEBUG o.s.security.web.FilterChainProxy - Securing POST /error MDC:[traceId=, spanId=]
2025-01-10 13:49:20 [http-nio-8081-exec-4] DEBUG o.s.s.w.a.AnonymousAuthenticationFilter - Set SecurityContextHolder to anonymous SecurityContext MDC:[traceId=, spanId=]
2025-01-10 13:49:20 [http-nio-8081-exec-4] DEBUG o.s.s.w.s.HttpSessionRequestCache - Saved request http://localhost:8081/error?continue to session MDC:[traceId=, spanId=]
2025-01-10 13:49:20 [http-nio-8081-exec-4] DEBUG o.s.s.w.a.Http403ForbiddenEntryPoint - Pre-authenticated entry point called. Rejecting access MDC:[traceId=, spanId=]
2025-01-10 13:49:21 [http-nio-8081-exec-6] DEBUG o.s.security.web.FilterChainProxy - Securing POST /category/create MDC:[traceId=, spanId=]
2025-01-10 13:49:21 [http-nio-8081-exec-6] DEBUG o.s.s.w.a.AnonymousAuthenticationFilter - Set SecurityContextHolder to anonymous SecurityContext MDC:[traceId=, spanId=]
2025-01-10 13:49:21 [http-nio-8081-exec-6] DEBUG o.s.s.w.s.HttpSessionRequestCache - Saved request http://localhost:8081/category/create?continue to session MDC:[traceId=, spanId=]
2025-01-10 13:49:21 [http-nio-8081-exec-6] DEBUG o.s.s.w.a.Http403ForbiddenEntryPoint - Pre-authenticated entry point called. Rejecting access MDC:[traceId=, spanId=]
2025-01-10 13:49:21 [http-nio-8081-exec-6] DEBUG o.s.security.web.FilterChainProxy - Securing POST /error MDC:[traceId=, spanId=]
2025-01-10 13:49:21 [http-nio-8081-exec-6] DEBUG o.s.s.w.a.AnonymousAuthenticationFilter - Set SecurityContextHolder to anonymous SecurityContext MDC:[traceId=, spanId=]
2025-01-10 13:49:21 [http-nio-8081-exec-6] DEBUG o.s.s.w.s.HttpSessionRequestCache - Saved request http://localhost:8081/error?continue to session MDC:[traceId=, spanId=]
2025-01-10 13:49:21 [http-nio-8081-exec-6] DEBUG o.s.s.w.a.Http403ForbiddenEntryPoint - Pre-authenticated entry point called. Rejecting access MDC:[traceId=, spanId=]
2025-01-10 13:50:50 [main] INFO  o.s.s.c.a.a.c.InitializeUserDetailsBeanManagerConfigurer$InitializeUserDetailsManagerConfigurer - Global AuthenticationManager configured with UserDetailsService bean with name inMemoryUserDetailsManager MDC:[traceId=, spanId=]
2025-01-10 13:50:50 [main] DEBUG o.s.s.web.DefaultSecurityFilterChain - Will secure any request with filters: DisableEncodeUrlFilter, WebAsyncManagerIntegrationFilter, SecurityContextHolderFilter, HeaderWriterFilter, LogoutFilter, RequestCacheAwareFilter, SecurityContextHolderAwareRequestFilter, AnonymousAuthenticationFilter, ExceptionTranslationFilter, AuthorizationFilter MDC:[traceId=, spanId=]
2025-01-10 13:50:58 [http-nio-8081-exec-2] DEBUG o.s.security.web.FilterChainProxy - Securing POST /category/create MDC:[traceId=, spanId=]
2025-01-10 13:50:58 [http-nio-8081-exec-2] DEBUG o.s.security.web.FilterChainProxy - Secured POST /category/create MDC:[traceId=, spanId=]
2025-01-10 13:54:16 [http-nio-8081-exec-5] DEBUG o.s.security.web.FilterChainProxy - Securing POST /category/create MDC:[traceId=, spanId=]
2025-01-10 13:54:16 [http-nio-8081-exec-5] DEBUG o.s.security.web.FilterChainProxy - Secured POST /category/create MDC:[traceId=, spanId=]
2025-01-10 13:56:55 [main] INFO  o.s.s.c.a.a.c.InitializeUserDetailsBeanManagerConfigurer$InitializeUserDetailsManagerConfigurer - Global AuthenticationManager configured with UserDetailsService bean with name inMemoryUserDetailsManager MDC:[traceId=, spanId=]
2025-01-10 13:56:55 [main] DEBUG o.s.s.web.DefaultSecurityFilterChain - Will secure any request with filters: DisableEncodeUrlFilter, WebAsyncManagerIntegrationFilter, SecurityContextHolderFilter, HeaderWriterFilter, LogoutFilter, RequestCacheAwareFilter, SecurityContextHolderAwareRequestFilter, AnonymousAuthenticationFilter, ExceptionTranslationFilter, AuthorizationFilter MDC:[traceId=, spanId=]
2025-01-10 13:56:59 [http-nio-8081-exec-2] DEBUG o.s.security.web.FilterChainProxy - Securing POST /category/create MDC:[traceId=, spanId=]
2025-01-10 13:56:59 [http-nio-8081-exec-2] DEBUG o.s.security.web.FilterChainProxy - Secured POST /category/create MDC:[traceId=, spanId=]
2025-01-10 13:57:32 [http-nio-8081-exec-3] DEBUG o.s.security.web.FilterChainProxy - Securing POST /category/create MDC:[traceId=, spanId=]
2025-01-10 13:57:32 [http-nio-8081-exec-3] DEBUG o.s.security.web.FilterChainProxy - Secured POST /category/create MDC:[traceId=, spanId=]
2025-01-10 13:58:07 [http-nio-8081-exec-4] DEBUG o.s.security.web.FilterChainProxy - Securing POST /category/create MDC:[traceId=, spanId=]
2025-01-10 13:58:07 [http-nio-8081-exec-4] DEBUG o.s.security.web.FilterChainProxy - Secured POST /category/create MDC:[traceId=, spanId=]
2025-01-10 13:58:35 [http-nio-8081-exec-5] DEBUG o.s.security.web.FilterChainProxy - Securing POST /category/create MDC:[traceId=, spanId=]
2025-01-10 13:58:35 [http-nio-8081-exec-5] DEBUG o.s.security.web.FilterChainProxy - Secured POST /category/create MDC:[traceId=, spanId=]
2025-01-10 13:58:51 [http-nio-8081-exec-9] DEBUG o.s.security.web.FilterChainProxy - Securing POST /category/create MDC:[traceId=, spanId=]
2025-01-10 13:58:51 [http-nio-8081-exec-9] DEBUG o.s.security.web.FilterChainProxy - Secured POST /category/create MDC:[traceId=, spanId=]
2025-01-10 13:59:14 [main] INFO  o.s.s.c.a.a.c.InitializeUserDetailsBeanManagerConfigurer$InitializeUserDetailsManagerConfigurer - Global AuthenticationManager configured with UserDetailsService bean with name inMemoryUserDetailsManager MDC:[traceId=, spanId=]
2025-01-10 13:59:15 [main] DEBUG o.s.s.web.DefaultSecurityFilterChain - Will secure any request with filters: DisableEncodeUrlFilter, WebAsyncManagerIntegrationFilter, SecurityContextHolderFilter, HeaderWriterFilter, LogoutFilter, RequestCacheAwareFilter, SecurityContextHolderAwareRequestFilter, AnonymousAuthenticationFilter, ExceptionTranslationFilter, AuthorizationFilter MDC:[traceId=, spanId=]
2025-01-10 14:00:44 [main] INFO  o.s.s.c.a.a.c.InitializeUserDetailsBeanManagerConfigurer$InitializeUserDetailsManagerConfigurer - Global AuthenticationManager configured with UserDetailsService bean with name inMemoryUserDetailsManager MDC:[traceId=, spanId=]
2025-01-10 14:00:45 [main] DEBUG o.s.s.web.DefaultSecurityFilterChain - Will secure any request with filters: DisableEncodeUrlFilter, WebAsyncManagerIntegrationFilter, SecurityContextHolderFilter, HeaderWriterFilter, LogoutFilter, RequestCacheAwareFilter, SecurityContextHolderAwareRequestFilter, AnonymousAuthenticationFilter, ExceptionTranslationFilter, AuthorizationFilter MDC:[traceId=, spanId=]
2025-01-10 14:00:53 [http-nio-8081-exec-4] DEBUG o.s.security.web.FilterChainProxy - Securing POST /category/create MDC:[traceId=, spanId=]
2025-01-10 14:00:53 [http-nio-8081-exec-4] DEBUG o.s.s.w.a.AnonymousAuthenticationFilter - Set SecurityContextHolder to anonymous SecurityContext MDC:[traceId=, spanId=]
2025-01-10 14:00:53 [http-nio-8081-exec-4] DEBUG o.s.s.w.s.HttpSessionRequestCache - Saved request http://localhost:8081/category/create?continue to session MDC:[traceId=, spanId=]
2025-01-10 14:00:53 [http-nio-8081-exec-4] DEBUG o.s.s.w.a.Http403ForbiddenEntryPoint - Pre-authenticated entry point called. Rejecting access MDC:[traceId=, spanId=]
2025-01-10 14:00:53 [http-nio-8081-exec-4] DEBUG o.s.security.web.FilterChainProxy - Securing POST /error MDC:[traceId=, spanId=]
2025-01-10 14:00:53 [http-nio-8081-exec-4] DEBUG o.s.s.w.a.AnonymousAuthenticationFilter - Set SecurityContextHolder to anonymous SecurityContext MDC:[traceId=, spanId=]
2025-01-10 14:00:53 [http-nio-8081-exec-4] DEBUG o.s.s.w.s.HttpSessionRequestCache - Saved request http://localhost:8081/error?continue to session MDC:[traceId=, spanId=]
2025-01-10 14:00:53 [http-nio-8081-exec-4] DEBUG o.s.s.w.a.Http403ForbiddenEntryPoint - Pre-authenticated entry point called. Rejecting access MDC:[traceId=, spanId=]
2025-01-10 14:00:55 [http-nio-8081-exec-3] DEBUG o.s.security.web.FilterChainProxy - Securing POST /category/create MDC:[traceId=, spanId=]
2025-01-10 14:00:55 [http-nio-8081-exec-3] DEBUG o.s.s.w.a.AnonymousAuthenticationFilter - Set SecurityContextHolder to anonymous SecurityContext MDC:[traceId=, spanId=]
2025-01-10 14:00:55 [http-nio-8081-exec-3] DEBUG o.s.s.w.s.HttpSessionRequestCache - Saved request http://localhost:8081/category/create?continue to session MDC:[traceId=, spanId=]
2025-01-10 14:00:55 [http-nio-8081-exec-3] DEBUG o.s.s.w.a.Http403ForbiddenEntryPoint - Pre-authenticated entry point called. Rejecting access MDC:[traceId=, spanId=]
2025-01-10 14:00:55 [http-nio-8081-exec-3] DEBUG o.s.security.web.FilterChainProxy - Securing POST /error MDC:[traceId=, spanId=]
2025-01-10 14:00:55 [http-nio-8081-exec-3] DEBUG o.s.s.w.a.AnonymousAuthenticationFilter - Set SecurityContextHolder to anonymous SecurityContext MDC:[traceId=, spanId=]
2025-01-10 14:00:55 [http-nio-8081-exec-3] DEBUG o.s.s.w.s.HttpSessionRequestCache - Saved request http://localhost:8081/error?continue to session MDC:[traceId=, spanId=]
2025-01-10 14:00:55 [http-nio-8081-exec-3] DEBUG o.s.s.w.a.Http403ForbiddenEntryPoint - Pre-authenticated entry point called. Rejecting access MDC:[traceId=, spanId=]
2025-01-10 14:01:14 [http-nio-8081-exec-2] DEBUG o.s.security.web.FilterChainProxy - Securing GET /swagger-ui/index.html MDC:[traceId=, spanId=]
2025-01-10 14:01:14 [http-nio-8081-exec-2] DEBUG o.s.security.web.FilterChainProxy - Secured GET /swagger-ui/index.html MDC:[traceId=, spanId=]
2025-01-10 14:01:14 [http-nio-8081-exec-2] DEBUG o.s.s.w.a.AnonymousAuthenticationFilter - Set SecurityContextHolder to anonymous SecurityContext MDC:[traceId=, spanId=]
2025-01-10 14:01:14 [http-nio-8081-exec-5] DEBUG o.s.security.web.FilterChainProxy - Securing GET /swagger-ui/swagger-initializer.js MDC:[traceId=, spanId=]
2025-01-10 14:01:14 [http-nio-8081-exec-5] DEBUG o.s.security.web.FilterChainProxy - Secured GET /swagger-ui/swagger-initializer.js MDC:[traceId=, spanId=]
2025-01-10 14:01:14 [http-nio-8081-exec-5] DEBUG o.s.s.w.a.AnonymousAuthenticationFilter - Set SecurityContextHolder to anonymous SecurityContext MDC:[traceId=, spanId=]
2025-01-10 14:01:14 [http-nio-8081-exec-6] DEBUG o.s.security.web.FilterChainProxy - Securing GET /v3/api-docs/swagger-config MDC:[traceId=, spanId=]
2025-01-10 14:01:14 [http-nio-8081-exec-6] DEBUG o.s.security.web.FilterChainProxy - Secured GET /v3/api-docs/swagger-config MDC:[traceId=, spanId=]
2025-01-10 14:01:14 [http-nio-8081-exec-6] DEBUG o.s.s.w.a.AnonymousAuthenticationFilter - Set SecurityContextHolder to anonymous SecurityContext MDC:[traceId=, spanId=]
2025-01-10 14:01:14 [http-nio-8081-exec-7] DEBUG o.s.security.web.FilterChainProxy - Securing GET /v3/api-docs MDC:[traceId=, spanId=]
2025-01-10 14:01:14 [http-nio-8081-exec-7] DEBUG o.s.security.web.FilterChainProxy - Secured GET /v3/api-docs MDC:[traceId=, spanId=]
2025-01-10 14:01:14 [http-nio-8081-exec-7] DEBUG o.s.s.w.a.AnonymousAuthenticationFilter - Set SecurityContextHolder to anonymous SecurityContext MDC:[traceId=, spanId=]
2025-01-10 14:01:28 [http-nio-8081-exec-8] DEBUG o.s.security.web.FilterChainProxy - Securing GET /category/get-all?pageNo=0&pageSize=12 MDC:[traceId=, spanId=]
2025-01-10 14:01:28 [http-nio-8081-exec-8] DEBUG o.s.s.w.a.AnonymousAuthenticationFilter - Set SecurityContextHolder to anonymous SecurityContext MDC:[traceId=, spanId=]
2025-01-10 14:01:28 [http-nio-8081-exec-8] DEBUG o.s.s.w.s.HttpSessionRequestCache - Saved request http://localhost:8081/category/get-all?pageNo=0&pageSize=12&continue to session MDC:[traceId=, spanId=]
2025-01-10 14:01:28 [http-nio-8081-exec-8] DEBUG o.s.s.w.a.Http403ForbiddenEntryPoint - Pre-authenticated entry point called. Rejecting access MDC:[traceId=, spanId=]
2025-01-10 14:01:28 [http-nio-8081-exec-8] DEBUG o.s.security.web.FilterChainProxy - Securing GET /error?pageNo=0&pageSize=12 MDC:[traceId=, spanId=]
2025-01-10 14:01:28 [http-nio-8081-exec-8] DEBUG o.s.s.w.a.AnonymousAuthenticationFilter - Set SecurityContextHolder to anonymous SecurityContext MDC:[traceId=, spanId=]
2025-01-10 14:01:28 [http-nio-8081-exec-8] DEBUG o.s.s.w.s.HttpSessionRequestCache - Saved request http://localhost:8081/error?pageNo=0&pageSize=12&continue to session MDC:[traceId=, spanId=]
2025-01-10 14:01:28 [http-nio-8081-exec-8] DEBUG o.s.s.w.a.Http403ForbiddenEntryPoint - Pre-authenticated entry point called. Rejecting access MDC:[traceId=, spanId=]
2025-01-10 14:01:30 [http-nio-8081-exec-9] DEBUG o.s.security.web.FilterChainProxy - Securing GET /category/get-all?pageNo=0&pageSize=12 MDC:[traceId=, spanId=]
2025-01-10 14:01:30 [http-nio-8081-exec-9] DEBUG o.s.s.w.a.AnonymousAuthenticationFilter - Set SecurityContextHolder to anonymous SecurityContext MDC:[traceId=, spanId=]
2025-01-10 14:01:30 [http-nio-8081-exec-9] DEBUG o.s.s.w.s.HttpSessionRequestCache - Saved request http://localhost:8081/category/get-all?pageNo=0&pageSize=12&continue to session MDC:[traceId=, spanId=]
2025-01-10 14:01:30 [http-nio-8081-exec-9] DEBUG o.s.s.w.a.Http403ForbiddenEntryPoint - Pre-authenticated entry point called. Rejecting access MDC:[traceId=, spanId=]
2025-01-10 14:01:30 [http-nio-8081-exec-9] DEBUG o.s.security.web.FilterChainProxy - Securing GET /error?pageNo=0&pageSize=12 MDC:[traceId=, spanId=]
2025-01-10 14:01:30 [http-nio-8081-exec-9] DEBUG o.s.s.w.a.AnonymousAuthenticationFilter - Set SecurityContextHolder to anonymous SecurityContext MDC:[traceId=, spanId=]
2025-01-10 14:01:30 [http-nio-8081-exec-9] DEBUG o.s.s.w.s.HttpSessionRequestCache - Saved request http://localhost:8081/error?pageNo=0&pageSize=12&continue to session MDC:[traceId=, spanId=]
2025-01-10 14:01:30 [http-nio-8081-exec-9] DEBUG o.s.s.w.a.Http403ForbiddenEntryPoint - Pre-authenticated entry point called. Rejecting access MDC:[traceId=, spanId=]
2025-01-10 14:01:52 [http-nio-8081-exec-10] DEBUG o.s.security.web.FilterChainProxy - Securing GET /category/get-all?pageNo=0&pageSize=12 MDC:[traceId=, spanId=]
2025-01-10 14:01:52 [http-nio-8081-exec-10] DEBUG o.s.s.w.a.AnonymousAuthenticationFilter - Set SecurityContextHolder to anonymous SecurityContext MDC:[traceId=, spanId=]
2025-01-10 14:01:52 [http-nio-8081-exec-10] DEBUG o.s.s.w.s.HttpSessionRequestCache - Saved request http://localhost:8081/category/get-all?pageNo=0&pageSize=12&continue to session MDC:[traceId=, spanId=]
2025-01-10 14:01:52 [http-nio-8081-exec-10] DEBUG o.s.s.w.a.Http403ForbiddenEntryPoint - Pre-authenticated entry point called. Rejecting access MDC:[traceId=, spanId=]
2025-01-10 14:01:53 [http-nio-8081-exec-10] DEBUG o.s.security.web.FilterChainProxy - Securing GET /error?pageNo=0&pageSize=12 MDC:[traceId=, spanId=]
2025-01-10 14:01:53 [http-nio-8081-exec-10] DEBUG o.s.s.w.a.AnonymousAuthenticationFilter - Set SecurityContextHolder to anonymous SecurityContext MDC:[traceId=, spanId=]
2025-01-10 14:01:53 [http-nio-8081-exec-10] DEBUG o.s.s.w.s.HttpSessionRequestCache - Saved request http://localhost:8081/error?pageNo=0&pageSize=12&continue to session MDC:[traceId=, spanId=]
2025-01-10 14:01:53 [http-nio-8081-exec-10] DEBUG o.s.s.w.a.Http403ForbiddenEntryPoint - Pre-authenticated entry point called. Rejecting access MDC:[traceId=, spanId=]
2025-01-10 14:06:48 [main] INFO  o.s.s.c.a.a.c.InitializeUserDetailsBeanManagerConfigurer$InitializeUserDetailsManagerConfigurer - Global AuthenticationManager configured with UserDetailsService bean with name inMemoryUserDetailsManager MDC:[traceId=, spanId=]
2025-01-10 14:06:49 [main] DEBUG o.s.s.web.DefaultSecurityFilterChain - Will secure any request with filters: DisableEncodeUrlFilter, WebAsyncManagerIntegrationFilter, SecurityContextHolderFilter, HeaderWriterFilter, LogoutFilter, JwtFilterConfig$$SpringCGLIB$$0, RequestCacheAwareFilter, SecurityContextHolderAwareRequestFilter, AnonymousAuthenticationFilter, ExceptionTranslationFilter, AuthorizationFilter MDC:[traceId=, spanId=]
2025-01-10 14:07:06 [http-nio-8081-exec-2] DEBUG o.s.security.web.FilterChainProxy - Securing POST /auth/login MDC:[traceId=, spanId=]
2025-01-10 14:07:06 [http-nio-8081-exec-2] DEBUG o.s.security.web.FilterChainProxy - Secured POST /auth/login MDC:[traceId=, spanId=]
2025-01-10 14:07:06 [http-nio-8081-exec-2] DEBUG o.s.s.w.a.AnonymousAuthenticationFilter - Set SecurityContextHolder to anonymous SecurityContext MDC:[traceId=, spanId=]
2025-01-10 14:07:19 [http-nio-8081-exec-5] DEBUG o.s.security.web.FilterChainProxy - Securing POST /category/create MDC:[traceId=, spanId=]
2025-01-10 14:07:19 [http-nio-8081-exec-5] DEBUG o.s.s.w.a.AccessDeniedHandlerImpl - Responding with 403 status code MDC:[traceId=, spanId=]
2025-01-10 14:07:19 [http-nio-8081-exec-5] DEBUG o.s.security.web.FilterChainProxy - Securing POST /error MDC:[traceId=, spanId=]
2025-01-10 14:07:19 [http-nio-8081-exec-5] DEBUG o.s.s.w.a.AnonymousAuthenticationFilter - Set SecurityContextHolder to anonymous SecurityContext MDC:[traceId=, spanId=]
2025-01-10 14:07:19 [http-nio-8081-exec-5] DEBUG o.s.s.w.s.HttpSessionRequestCache - Saved request http://localhost:8081/error?continue to session MDC:[traceId=, spanId=]
2025-01-10 14:07:19 [http-nio-8081-exec-5] DEBUG o.s.s.w.a.Http403ForbiddenEntryPoint - Pre-authenticated entry point called. Rejecting access MDC:[traceId=, spanId=]
2025-01-10 14:07:22 [http-nio-8081-exec-4] DEBUG o.s.security.web.FilterChainProxy - Securing POST /category/create MDC:[traceId=, spanId=]
2025-01-10 14:07:22 [http-nio-8081-exec-4] DEBUG o.s.s.w.a.AccessDeniedHandlerImpl - Responding with 403 status code MDC:[traceId=, spanId=]
2025-01-10 14:07:22 [http-nio-8081-exec-4] DEBUG o.s.security.web.FilterChainProxy - Securing POST /error MDC:[traceId=, spanId=]
2025-01-10 14:07:22 [http-nio-8081-exec-4] DEBUG o.s.s.w.a.AnonymousAuthenticationFilter - Set SecurityContextHolder to anonymous SecurityContext MDC:[traceId=, spanId=]
2025-01-10 14:07:22 [http-nio-8081-exec-4] DEBUG o.s.s.w.s.HttpSessionRequestCache - Saved request http://localhost:8081/error?continue to session MDC:[traceId=, spanId=]
2025-01-10 14:07:22 [http-nio-8081-exec-4] DEBUG o.s.s.w.a.Http403ForbiddenEntryPoint - Pre-authenticated entry point called. Rejecting access MDC:[traceId=, spanId=]
2025-01-10 14:07:23 [http-nio-8081-exec-3] DEBUG o.s.security.web.FilterChainProxy - Securing POST /category/create MDC:[traceId=, spanId=]
2025-01-10 14:07:23 [http-nio-8081-exec-3] DEBUG o.s.s.w.a.AccessDeniedHandlerImpl - Responding with 403 status code MDC:[traceId=, spanId=]
2025-01-10 14:07:23 [http-nio-8081-exec-3] DEBUG o.s.security.web.FilterChainProxy - Securing POST /error MDC:[traceId=, spanId=]
2025-01-10 14:07:23 [http-nio-8081-exec-3] DEBUG o.s.s.w.a.AnonymousAuthenticationFilter - Set SecurityContextHolder to anonymous SecurityContext MDC:[traceId=, spanId=]
2025-01-10 14:07:23 [http-nio-8081-exec-3] DEBUG o.s.s.w.s.HttpSessionRequestCache - Saved request http://localhost:8081/error?continue to session MDC:[traceId=, spanId=]
2025-01-10 14:07:23 [http-nio-8081-exec-3] DEBUG o.s.s.w.a.Http403ForbiddenEntryPoint - Pre-authenticated entry point called. Rejecting access MDC:[traceId=, spanId=]
2025-01-10 14:07:42 [main] INFO  o.s.s.c.a.a.c.InitializeUserDetailsBeanManagerConfigurer$InitializeUserDetailsManagerConfigurer - Global AuthenticationManager configured with UserDetailsService bean with name inMemoryUserDetailsManager MDC:[traceId=, spanId=]
2025-01-10 14:07:42 [main] DEBUG o.s.s.web.DefaultSecurityFilterChain - Will secure any request with filters: DisableEncodeUrlFilter, WebAsyncManagerIntegrationFilter, SecurityContextHolderFilter, HeaderWriterFilter, LogoutFilter, JwtFilterConfig$$SpringCGLIB$$0, RequestCacheAwareFilter, SecurityContextHolderAwareRequestFilter, AnonymousAuthenticationFilter, ExceptionTranslationFilter, AuthorizationFilter MDC:[traceId=, spanId=]
2025-01-10 14:07:56 [http-nio-8081-exec-1] DEBUG o.s.security.web.FilterChainProxy - Securing POST /category/create MDC:[traceId=, spanId=]
2025-01-10 14:08:59 [http-nio-8081-exec-1] DEBUG o.s.s.w.a.AccessDeniedHandlerImpl - Responding with 403 status code MDC:[traceId=, spanId=]
2025-01-10 14:08:59 [http-nio-8081-exec-1] DEBUG o.s.security.web.FilterChainProxy - Securing POST /error MDC:[traceId=, spanId=]
2025-01-10 14:08:59 [http-nio-8081-exec-1] DEBUG o.s.s.w.a.AnonymousAuthenticationFilter - Set SecurityContextHolder to anonymous SecurityContext MDC:[traceId=, spanId=]
2025-01-10 14:08:59 [http-nio-8081-exec-1] DEBUG o.s.s.w.s.HttpSessionRequestCache - Saved request http://localhost:8081/error?continue to session MDC:[traceId=, spanId=]
2025-01-10 14:08:59 [http-nio-8081-exec-1] DEBUG o.s.s.w.a.Http403ForbiddenEntryPoint - Pre-authenticated entry point called. Rejecting access MDC:[traceId=, spanId=]
2025-01-10 14:10:29 [main] INFO  o.s.s.c.a.a.c.InitializeUserDetailsBeanManagerConfigurer$InitializeUserDetailsManagerConfigurer - Global AuthenticationManager configured with UserDetailsService bean with name inMemoryUserDetailsManager MDC:[traceId=, spanId=]
2025-01-10 14:10:29 [main] DEBUG o.s.s.web.DefaultSecurityFilterChain - Will secure any request with filters: DisableEncodeUrlFilter, WebAsyncManagerIntegrationFilter, SecurityContextHolderFilter, HeaderWriterFilter, LogoutFilter, JwtFilterConfig$$SpringCGLIB$$0, RequestCacheAwareFilter, SecurityContextHolderAwareRequestFilter, AnonymousAuthenticationFilter, ExceptionTranslationFilter, AuthorizationFilter MDC:[traceId=, spanId=]
2025-01-10 14:10:47 [http-nio-8081-exec-2] DEBUG o.s.security.web.FilterChainProxy - Securing POST /category/create MDC:[traceId=, spanId=]
2025-01-10 14:10:49 [http-nio-8081-exec-2] DEBUG o.s.security.web.FilterChainProxy - Secured POST /category/create MDC:[traceId=, spanId=]
2025-01-10 14:11:22 [http-nio-8081-exec-3] DEBUG o.s.security.web.FilterChainProxy - Securing GET /category/get-all?pageNo=0&pageSize=12 MDC:[traceId=, spanId=]
2025-01-10 14:11:25 [http-nio-8081-exec-3] DEBUG o.s.security.web.FilterChainProxy - Secured GET /category/get-all?pageNo=0&pageSize=12 MDC:[traceId=, spanId=]
2025-01-10 14:25:26 [main] INFO  o.s.s.c.a.a.c.InitializeUserDetailsBeanManagerConfigurer$InitializeUserDetailsManagerConfigurer - Global AuthenticationManager configured with UserDetailsService bean with name inMemoryUserDetailsManager MDC:[traceId=, spanId=]
2025-01-10 14:25:27 [main] DEBUG o.s.s.web.DefaultSecurityFilterChain - Will secure any request with filters: DisableEncodeUrlFilter, WebAsyncManagerIntegrationFilter, SecurityContextHolderFilter, HeaderWriterFilter, LogoutFilter, JwtFilterConfig$$SpringCGLIB$$0, RequestCacheAwareFilter, SecurityContextHolderAwareRequestFilter, AnonymousAuthenticationFilter, ExceptionTranslationFilter, AuthorizationFilter MDC:[traceId=, spanId=]
2025-01-10 14:25:35 [http-nio-8081-exec-1] DEBUG o.s.security.web.FilterChainProxy - Securing GET /category/get-all?pageNo=0&pageSize=12 MDC:[traceId=, spanId=]
2025-01-10 14:25:35 [http-nio-8081-exec-1] DEBUG o.s.security.web.FilterChainProxy - Secured GET /category/get-all?pageNo=0&pageSize=12 MDC:[traceId=, spanId=]
2025-01-10 14:25:37 [http-nio-8081-exec-2] DEBUG o.s.security.web.FilterChainProxy - Securing GET /category/get-all?pageNo=0&pageSize=12 MDC:[traceId=, spanId=]
2025-01-10 14:25:37 [http-nio-8081-exec-2] DEBUG o.s.security.web.FilterChainProxy - Secured GET /category/get-all?pageNo=0&pageSize=12 MDC:[traceId=, spanId=]
2025-01-10 14:25:54 [http-nio-8081-exec-3] DEBUG o.s.security.web.FilterChainProxy - Securing GET /swagger-ui/index.html MDC:[traceId=, spanId=]
2025-01-10 14:25:54 [http-nio-8081-exec-3] DEBUG o.s.security.web.FilterChainProxy - Secured GET /swagger-ui/index.html MDC:[traceId=, spanId=]
2025-01-10 14:25:54 [http-nio-8081-exec-3] DEBUG o.s.s.w.a.AnonymousAuthenticationFilter - Set SecurityContextHolder to anonymous SecurityContext MDC:[traceId=, spanId=]
2025-01-10 14:25:54 [http-nio-8081-exec-4] DEBUG o.s.security.web.FilterChainProxy - Securing GET /swagger-ui/swagger-initializer.js MDC:[traceId=, spanId=]
2025-01-10 14:25:54 [http-nio-8081-exec-4] DEBUG o.s.security.web.FilterChainProxy - Secured GET /swagger-ui/swagger-initializer.js MDC:[traceId=, spanId=]
2025-01-10 14:25:54 [http-nio-8081-exec-4] DEBUG o.s.s.w.a.AnonymousAuthenticationFilter - Set SecurityContextHolder to anonymous SecurityContext MDC:[traceId=, spanId=]
2025-01-10 14:25:54 [http-nio-8081-exec-5] DEBUG o.s.security.web.FilterChainProxy - Securing GET /v3/api-docs/swagger-config MDC:[traceId=, spanId=]
2025-01-10 14:25:54 [http-nio-8081-exec-5] DEBUG o.s.security.web.FilterChainProxy - Secured GET /v3/api-docs/swagger-config MDC:[traceId=, spanId=]
2025-01-10 14:25:54 [http-nio-8081-exec-5] DEBUG o.s.s.w.a.AnonymousAuthenticationFilter - Set SecurityContextHolder to anonymous SecurityContext MDC:[traceId=, spanId=]
2025-01-10 14:25:54 [http-nio-8081-exec-6] DEBUG o.s.security.web.FilterChainProxy - Securing GET /v3/api-docs MDC:[traceId=, spanId=]
2025-01-10 14:25:54 [http-nio-8081-exec-6] DEBUG o.s.security.web.FilterChainProxy - Secured GET /v3/api-docs MDC:[traceId=, spanId=]
2025-01-10 14:25:55 [http-nio-8081-exec-6] DEBUG o.s.s.w.a.AnonymousAuthenticationFilter - Set SecurityContextHolder to anonymous SecurityContext MDC:[traceId=, spanId=]
2025-01-10 14:26:16 [http-nio-8081-exec-7] DEBUG o.s.security.web.FilterChainProxy - Securing GET /category/get-all?pageNo=0&pageSize=12 MDC:[traceId=, spanId=]
2025-01-10 14:26:16 [http-nio-8081-exec-7] DEBUG o.s.security.web.FilterChainProxy - Secured GET /category/get-all?pageNo=0&pageSize=12 MDC:[traceId=, spanId=]
2025-01-10 14:26:18 [http-nio-8081-exec-8] DEBUG o.s.security.web.FilterChainProxy - Securing GET /category/get-all?pageNo=0&pageSize=12 MDC:[traceId=, spanId=]
2025-01-10 14:26:18 [http-nio-8081-exec-8] DEBUG o.s.security.web.FilterChainProxy - Secured GET /category/get-all?pageNo=0&pageSize=12 MDC:[traceId=, spanId=]
2025-01-10 14:27:00 [http-nio-8081-exec-9] DEBUG o.s.security.web.FilterChainProxy - Securing PUT /category/update/ec92d765-d467-4402-848f-668cfd97a868 MDC:[traceId=, spanId=]
2025-01-10 14:27:00 [http-nio-8081-exec-9] DEBUG o.s.security.web.FilterChainProxy - Secured PUT /category/update/ec92d765-d467-4402-848f-668cfd97a868 MDC:[traceId=, spanId=]
2025-01-10 14:27:16 [http-nio-8081-exec-1] DEBUG o.s.security.web.FilterChainProxy - Securing GET /category/ec92d765-d467-4402-848f-668cfd97a868 MDC:[traceId=, spanId=]
2025-01-10 14:27:16 [http-nio-8081-exec-1] DEBUG o.s.security.web.FilterChainProxy - Secured GET /category/ec92d765-d467-4402-848f-668cfd97a868 MDC:[traceId=, spanId=]
2025-01-10 14:40:09 [main] INFO  o.s.s.c.a.a.c.InitializeUserDetailsBeanManagerConfigurer$InitializeUserDetailsManagerConfigurer - Global AuthenticationManager configured with UserDetailsService bean with name inMemoryUserDetailsManager MDC:[traceId=, spanId=]
2025-01-10 14:40:09 [main] DEBUG o.s.s.web.DefaultSecurityFilterChain - Will secure any request with filters: DisableEncodeUrlFilter, WebAsyncManagerIntegrationFilter, SecurityContextHolderFilter, HeaderWriterFilter, LogoutFilter, JwtFilterConfig$$SpringCGLIB$$0, RequestCacheAwareFilter, SecurityContextHolderAwareRequestFilter, AnonymousAuthenticationFilter, ExceptionTranslationFilter, AuthorizationFilter MDC:[traceId=, spanId=]
2025-01-10 14:41:04 [main] INFO  o.s.s.c.a.a.c.InitializeUserDetailsBeanManagerConfigurer$InitializeUserDetailsManagerConfigurer - Global AuthenticationManager configured with UserDetailsService bean with name inMemoryUserDetailsManager MDC:[traceId=, spanId=]
2025-01-10 14:41:05 [main] DEBUG o.s.s.web.DefaultSecurityFilterChain - Will secure any request with filters: DisableEncodeUrlFilter, WebAsyncManagerIntegrationFilter, SecurityContextHolderFilter, HeaderWriterFilter, LogoutFilter, JwtFilterConfig$$SpringCGLIB$$0, RequestCacheAwareFilter, SecurityContextHolderAwareRequestFilter, AnonymousAuthenticationFilter, ExceptionTranslationFilter, AuthorizationFilter MDC:[traceId=, spanId=]
2025-01-10 14:41:51 [http-nio-8081-exec-1] DEBUG o.s.security.web.FilterChainProxy - Securing POST /auth/register MDC:[traceId=, spanId=]
2025-01-10 14:42:20 [http-nio-8081-exec-3] DEBUG o.s.security.web.FilterChainProxy - Securing POST /auth/register MDC:[traceId=, spanId=]
2025-01-10 14:42:20 [http-nio-8081-exec-3] DEBUG o.s.security.web.FilterChainProxy - Secured POST /auth/register MDC:[traceId=, spanId=]
2025-01-10 14:42:21 [http-nio-8081-exec-3] DEBUG o.s.s.w.a.AnonymousAuthenticationFilter - Set SecurityContextHolder to anonymous SecurityContext MDC:[traceId=, spanId=]
2025-01-10 14:42:40 [http-nio-8081-exec-2] DEBUG o.s.security.web.FilterChainProxy - Securing POST /auth/login MDC:[traceId=, spanId=]
2025-01-10 14:42:40 [http-nio-8081-exec-2] DEBUG o.s.security.web.FilterChainProxy - Secured POST /auth/login MDC:[traceId=, spanId=]
2025-01-10 14:42:40 [http-nio-8081-exec-2] DEBUG o.s.s.w.a.AnonymousAuthenticationFilter - Set SecurityContextHolder to anonymous SecurityContext MDC:[traceId=, spanId=]
2025-01-10 14:43:28 [http-nio-8081-exec-4] DEBUG o.s.security.web.FilterChainProxy - Securing GET /category/get-all?pageNo=0&pageSize=12 MDC:[traceId=, spanId=]
2025-01-10 14:43:28 [http-nio-8081-exec-4] DEBUG o.s.security.web.FilterChainProxy - Secured GET /category/get-all?pageNo=0&pageSize=12 MDC:[traceId=, spanId=]
2025-01-10 14:43:40 [http-nio-8081-exec-5] DEBUG o.s.security.web.FilterChainProxy - Securing POST /category/create MDC:[traceId=, spanId=]
2025-01-10 14:43:50 [http-nio-8081-exec-8] DEBUG o.s.security.web.FilterChainProxy - Securing POST /category/create MDC:[traceId=, spanId=]
2025-01-10 14:43:50 [http-nio-8081-exec-8] DEBUG o.s.security.web.FilterChainProxy - Secured POST /category/create MDC:[traceId=, spanId=]
2025-01-10 14:45:23 [http-nio-8081-exec-3] DEBUG o.s.security.web.FilterChainProxy - Securing POST /category/create MDC:[traceId=, spanId=]
2025-01-10 14:45:23 [http-nio-8081-exec-3] DEBUG o.s.security.web.FilterChainProxy - Secured POST /category/create MDC:[traceId=, spanId=]
2025-01-10 14:45:39 [http-nio-8081-exec-2] DEBUG o.s.security.web.FilterChainProxy - Securing POST /category/create MDC:[traceId=, spanId=]
2025-01-10 14:45:39 [http-nio-8081-exec-2] DEBUG o.s.security.web.FilterChainProxy - Secured POST /category/create MDC:[traceId=, spanId=]
2025-01-10 14:45:57 [http-nio-8081-exec-4] DEBUG o.s.security.web.FilterChainProxy - Securing POST /category/create MDC:[traceId=, spanId=]
2025-01-10 14:45:57 [http-nio-8081-exec-4] DEBUG o.s.security.web.FilterChainProxy - Secured POST /category/create MDC:[traceId=, spanId=]
2025-01-10 14:46:23 [http-nio-8081-exec-6] DEBUG o.s.security.web.FilterChainProxy - Securing GET /category/get-all?pageNo=0&pageSize=12 MDC:[traceId=, spanId=]
2025-01-10 14:46:23 [http-nio-8081-exec-6] DEBUG o.s.security.web.FilterChainProxy - Secured GET /category/get-all?pageNo=0&pageSize=12 MDC:[traceId=, spanId=]
2025-01-10 14:46:35 [http-nio-8081-exec-9] DEBUG o.s.security.web.FilterChainProxy - Securing GET /category/get-all?pageNo=0&pageSize=3 MDC:[traceId=, spanId=]
2025-01-10 14:46:35 [http-nio-8081-exec-9] DEBUG o.s.security.web.FilterChainProxy - Secured GET /category/get-all?pageNo=0&pageSize=3 MDC:[traceId=, spanId=]
2025-01-10 15:07:32 [main] INFO  o.s.s.c.a.a.c.InitializeUserDetailsBeanManagerConfigurer$InitializeUserDetailsManagerConfigurer - Global AuthenticationManager configured with UserDetailsService bean with name inMemoryUserDetailsManager MDC:[traceId=, spanId=]
2025-01-10 15:07:32 [main] DEBUG o.s.s.web.DefaultSecurityFilterChain - Will secure any request with filters: DisableEncodeUrlFilter, WebAsyncManagerIntegrationFilter, SecurityContextHolderFilter, HeaderWriterFilter, LogoutFilter, JwtFilterConfig$$SpringCGLIB$$0, RequestCacheAwareFilter, SecurityContextHolderAwareRequestFilter, AnonymousAuthenticationFilter, ExceptionTranslationFilter, AuthorizationFilter MDC:[traceId=, spanId=]
2025-01-10 15:07:43 [http-nio-8081-exec-1] DEBUG o.s.security.web.FilterChainProxy - Securing POST /auth/login MDC:[traceId=, spanId=]
2025-01-10 15:07:43 [http-nio-8081-exec-1] DEBUG o.s.security.web.FilterChainProxy - Secured POST /auth/login MDC:[traceId=, spanId=]
2025-01-10 15:07:43 [http-nio-8081-exec-1] DEBUG o.s.s.w.a.AnonymousAuthenticationFilter - Set SecurityContextHolder to anonymous SecurityContext MDC:[traceId=, spanId=]
2025-01-10 15:09:21 [main] INFO  o.s.s.c.a.a.c.InitializeUserDetailsBeanManagerConfigurer$InitializeUserDetailsManagerConfigurer - Global AuthenticationManager configured with UserDetailsService bean with name inMemoryUserDetailsManager MDC:[traceId=, spanId=]
2025-01-10 15:09:22 [main] DEBUG o.s.s.web.DefaultSecurityFilterChain - Will secure any request with filters: DisableEncodeUrlFilter, WebAsyncManagerIntegrationFilter, SecurityContextHolderFilter, HeaderWriterFilter, LogoutFilter, JwtFilterConfig$$SpringCGLIB$$0, RequestCacheAwareFilter, SecurityContextHolderAwareRequestFilter, AnonymousAuthenticationFilter, ExceptionTranslationFilter, AuthorizationFilter MDC:[traceId=, spanId=]
2025-01-10 15:09:26 [http-nio-8081-exec-1] DEBUG o.s.security.web.FilterChainProxy - Securing POST /auth/login MDC:[traceId=, spanId=]
2025-01-10 15:09:26 [http-nio-8081-exec-1] DEBUG o.s.security.web.FilterChainProxy - Secured POST /auth/login MDC:[traceId=, spanId=]
2025-01-10 15:09:26 [http-nio-8081-exec-1] DEBUG o.s.s.w.a.AnonymousAuthenticationFilter - Set SecurityContextHolder to anonymous SecurityContext MDC:[traceId=, spanId=]
2025-01-10 15:09:50 [main] INFO  o.s.s.c.a.a.c.InitializeUserDetailsBeanManagerConfigurer$InitializeUserDetailsManagerConfigurer - Global AuthenticationManager configured with UserDetailsService bean with name inMemoryUserDetailsManager MDC:[traceId=, spanId=]
2025-01-10 15:09:50 [main] DEBUG o.s.s.web.DefaultSecurityFilterChain - Will secure any request with filters: DisableEncodeUrlFilter, WebAsyncManagerIntegrationFilter, SecurityContextHolderFilter, HeaderWriterFilter, LogoutFilter, JwtFilterConfig$$SpringCGLIB$$0, RequestCacheAwareFilter, SecurityContextHolderAwareRequestFilter, AnonymousAuthenticationFilter, ExceptionTranslationFilter, AuthorizationFilter MDC:[traceId=, spanId=]
2025-01-10 15:09:57 [http-nio-8081-exec-1] DEBUG o.s.security.web.FilterChainProxy - Securing POST /auth/login MDC:[traceId=, spanId=]
2025-01-10 15:09:57 [http-nio-8081-exec-1] DEBUG o.s.security.web.FilterChainProxy - Secured POST /auth/login MDC:[traceId=, spanId=]
2025-01-10 15:10:10 [http-nio-8081-exec-1] DEBUG o.s.s.w.a.AnonymousAuthenticationFilter - Set SecurityContextHolder to anonymous SecurityContext MDC:[traceId=, spanId=]
2025-01-10 15:14:14 [main] INFO  o.s.s.c.a.a.c.InitializeUserDetailsBeanManagerConfigurer$InitializeUserDetailsManagerConfigurer - Global AuthenticationManager configured with UserDetailsService bean with name inMemoryUserDetailsManager MDC:[traceId=, spanId=]
2025-01-10 15:14:15 [main] DEBUG o.s.s.web.DefaultSecurityFilterChain - Will secure any request with filters: DisableEncodeUrlFilter, WebAsyncManagerIntegrationFilter, SecurityContextHolderFilter, HeaderWriterFilter, LogoutFilter, JwtFilterConfig$$SpringCGLIB$$0, RequestCacheAwareFilter, SecurityContextHolderAwareRequestFilter, AnonymousAuthenticationFilter, ExceptionTranslationFilter, AuthorizationFilter MDC:[traceId=, spanId=]
2025-01-10 15:14:25 [http-nio-8081-exec-2] DEBUG o.s.security.web.FilterChainProxy - Securing POST /auth/login MDC:[traceId=, spanId=]
2025-01-10 15:14:25 [http-nio-8081-exec-2] DEBUG o.s.security.web.FilterChainProxy - Secured POST /auth/login MDC:[traceId=, spanId=]
2025-01-10 15:14:26 [http-nio-8081-exec-2] DEBUG o.s.s.w.a.AnonymousAuthenticationFilter - Set SecurityContextHolder to anonymous SecurityContext MDC:[traceId=, spanId=]
2025-01-10 15:14:57 [main] INFO  o.s.s.c.a.a.c.InitializeUserDetailsBeanManagerConfigurer$InitializeUserDetailsManagerConfigurer - Global AuthenticationManager configured with UserDetailsService bean with name inMemoryUserDetailsManager MDC:[traceId=, spanId=]
2025-01-10 15:14:57 [main] DEBUG o.s.s.web.DefaultSecurityFilterChain - Will secure any request with filters: DisableEncodeUrlFilter, WebAsyncManagerIntegrationFilter, SecurityContextHolderFilter, HeaderWriterFilter, LogoutFilter, JwtFilterConfig$$SpringCGLIB$$0, RequestCacheAwareFilter, SecurityContextHolderAwareRequestFilter, AnonymousAuthenticationFilter, ExceptionTranslationFilter, AuthorizationFilter MDC:[traceId=, spanId=]
2025-01-10 15:15:02 [http-nio-8081-exec-2] DEBUG o.s.security.web.FilterChainProxy - Securing POST /auth/login MDC:[traceId=, spanId=]
2025-01-10 15:15:02 [http-nio-8081-exec-2] DEBUG o.s.security.web.FilterChainProxy - Secured POST /auth/login MDC:[traceId=, spanId=]
2025-01-10 15:15:03 [http-nio-8081-exec-2] DEBUG o.s.s.w.a.AnonymousAuthenticationFilter - Set SecurityContextHolder to anonymous SecurityContext MDC:[traceId=, spanId=]
2025-01-10 15:15:33 [main] INFO  o.s.s.c.a.a.c.InitializeUserDetailsBeanManagerConfigurer$InitializeUserDetailsManagerConfigurer - Global AuthenticationManager configured with UserDetailsService bean with name inMemoryUserDetailsManager MDC:[traceId=, spanId=]
2025-01-10 15:15:33 [main] DEBUG o.s.s.web.DefaultSecurityFilterChain - Will secure any request with filters: DisableEncodeUrlFilter, WebAsyncManagerIntegrationFilter, SecurityContextHolderFilter, HeaderWriterFilter, LogoutFilter, JwtFilterConfig$$SpringCGLIB$$0, RequestCacheAwareFilter, SecurityContextHolderAwareRequestFilter, AnonymousAuthenticationFilter, ExceptionTranslationFilter, AuthorizationFilter MDC:[traceId=, spanId=]
2025-01-10 15:15:37 [http-nio-8081-exec-1] DEBUG o.s.security.web.FilterChainProxy - Securing POST /auth/login MDC:[traceId=, spanId=]
2025-01-10 15:15:37 [http-nio-8081-exec-1] DEBUG o.s.security.web.FilterChainProxy - Secured POST /auth/login MDC:[traceId=, spanId=]
2025-01-10 15:15:41 [http-nio-8081-exec-1] DEBUG o.s.s.w.a.AnonymousAuthenticationFilter - Set SecurityContextHolder to anonymous SecurityContext MDC:[traceId=, spanId=]
2025-01-10 15:15:54 [http-nio-8081-exec-3] DEBUG o.s.security.web.FilterChainProxy - Securing POST /auth/login MDC:[traceId=, spanId=]
2025-01-10 15:15:54 [http-nio-8081-exec-3] DEBUG o.s.security.web.FilterChainProxy - Secured POST /auth/login MDC:[traceId=, spanId=]
2025-01-10 15:16:13 [http-nio-8081-exec-3] DEBUG o.s.s.w.a.AnonymousAuthenticationFilter - Set SecurityContextHolder to anonymous SecurityContext MDC:[traceId=, spanId=]
2025-01-10 15:16:15 [http-nio-8081-exec-5] DEBUG o.s.security.web.FilterChainProxy - Securing POST /auth/login MDC:[traceId=, spanId=]
2025-01-10 15:16:15 [http-nio-8081-exec-5] DEBUG o.s.security.web.FilterChainProxy - Secured POST /auth/login MDC:[traceId=, spanId=]
2025-01-10 15:16:34 [http-nio-8081-exec-5] DEBUG o.s.s.w.a.AnonymousAuthenticationFilter - Set SecurityContextHolder to anonymous SecurityContext MDC:[traceId=, spanId=]
2025-01-10 15:16:57 [http-nio-8081-exec-6] DEBUG o.s.security.web.FilterChainProxy - Securing POST /auth/login MDC:[traceId=, spanId=]
2025-01-10 15:16:57 [http-nio-8081-exec-6] DEBUG o.s.security.web.FilterChainProxy - Secured POST /auth/login MDC:[traceId=, spanId=]
2025-01-10 15:17:00 [http-nio-8081-exec-6] DEBUG o.s.s.w.a.AnonymousAuthenticationFilter - Set SecurityContextHolder to anonymous SecurityContext MDC:[traceId=, spanId=]
2025-01-10 15:27:02 [main] INFO  o.s.s.c.a.a.c.InitializeUserDetailsBeanManagerConfigurer$InitializeUserDetailsManagerConfigurer - Global AuthenticationManager configured with UserDetailsService bean with name inMemoryUserDetailsManager MDC:[traceId=, spanId=]
2025-01-10 15:27:03 [main] DEBUG o.s.s.web.DefaultSecurityFilterChain - Will secure any request with filters: DisableEncodeUrlFilter, WebAsyncManagerIntegrationFilter, SecurityContextHolderFilter, HeaderWriterFilter, LogoutFilter, JwtFilterConfig$$SpringCGLIB$$0, RequestCacheAwareFilter, SecurityContextHolderAwareRequestFilter, AnonymousAuthenticationFilter, ExceptionTranslationFilter, AuthorizationFilter MDC:[traceId=, spanId=]
2025-01-10 15:27:09 [http-nio-8081-exec-1] DEBUG o.s.security.web.FilterChainProxy - Securing POST /auth/login MDC:[traceId=, spanId=]
2025-01-10 15:27:09 [http-nio-8081-exec-1] DEBUG o.s.security.web.FilterChainProxy - Secured POST /auth/login MDC:[traceId=, spanId=]
2025-01-10 15:27:18 [http-nio-8081-exec-1] DEBUG o.s.s.w.a.AnonymousAuthenticationFilter - Set SecurityContextHolder to anonymous SecurityContext MDC:[traceId=, spanId=]
2025-01-10 15:28:00 [main] INFO  o.s.s.c.a.a.c.InitializeUserDetailsBeanManagerConfigurer$InitializeUserDetailsManagerConfigurer - Global AuthenticationManager configured with UserDetailsService bean with name inMemoryUserDetailsManager MDC:[traceId=, spanId=]
2025-01-10 15:28:01 [main] DEBUG o.s.s.web.DefaultSecurityFilterChain - Will secure any request with filters: DisableEncodeUrlFilter, WebAsyncManagerIntegrationFilter, SecurityContextHolderFilter, HeaderWriterFilter, LogoutFilter, JwtFilterConfig$$SpringCGLIB$$0, RequestCacheAwareFilter, SecurityContextHolderAwareRequestFilter, AnonymousAuthenticationFilter, ExceptionTranslationFilter, AuthorizationFilter MDC:[traceId=, spanId=]
2025-01-10 15:28:02 [main] INFO  o.s.s.c.a.a.c.InitializeUserDetailsBeanManagerConfigurer$InitializeUserDetailsManagerConfigurer - Global AuthenticationManager configured with UserDetailsService bean with name inMemoryUserDetailsManager MDC:[traceId=, spanId=]
2025-01-10 15:28:03 [main] DEBUG o.s.s.web.DefaultSecurityFilterChain - Will secure any request with filters: DisableEncodeUrlFilter, WebAsyncManagerIntegrationFilter, SecurityContextHolderFilter, HeaderWriterFilter, LogoutFilter, JwtFilterConfig$$SpringCGLIB$$0, RequestCacheAwareFilter, SecurityContextHolderAwareRequestFilter, AnonymousAuthenticationFilter, ExceptionTranslationFilter, AuthorizationFilter MDC:[traceId=, spanId=]
2025-01-10 15:28:23 [main] INFO  o.s.s.c.a.a.c.InitializeUserDetailsBeanManagerConfigurer$InitializeUserDetailsManagerConfigurer - Global AuthenticationManager configured with UserDetailsService bean with name inMemoryUserDetailsManager MDC:[traceId=, spanId=]
2025-01-10 15:28:24 [main] DEBUG o.s.s.web.DefaultSecurityFilterChain - Will secure any request with filters: DisableEncodeUrlFilter, WebAsyncManagerIntegrationFilter, SecurityContextHolderFilter, HeaderWriterFilter, LogoutFilter, JwtFilterConfig$$SpringCGLIB$$0, RequestCacheAwareFilter, SecurityContextHolderAwareRequestFilter, AnonymousAuthenticationFilter, ExceptionTranslationFilter, AuthorizationFilter MDC:[traceId=, spanId=]
2025-01-10 15:28:28 [http-nio-8081-exec-2] DEBUG o.s.security.web.FilterChainProxy - Securing POST /auth/login MDC:[traceId=, spanId=]
2025-01-10 15:28:28 [http-nio-8081-exec-2] DEBUG o.s.security.web.FilterChainProxy - Secured POST /auth/login MDC:[traceId=, spanId=]
2025-01-10 15:28:43 [http-nio-8081-exec-2] DEBUG o.s.s.w.a.AnonymousAuthenticationFilter - Set SecurityContextHolder to anonymous SecurityContext MDC:[traceId=, spanId=]
2025-01-10 15:30:46 [main] INFO  o.s.s.c.a.a.c.InitializeUserDetailsBeanManagerConfigurer$InitializeUserDetailsManagerConfigurer - Global AuthenticationManager configured with UserDetailsService bean with name inMemoryUserDetailsManager MDC:[traceId=, spanId=]
2025-01-10 15:30:46 [main] DEBUG o.s.s.web.DefaultSecurityFilterChain - Will secure any request with filters: DisableEncodeUrlFilter, WebAsyncManagerIntegrationFilter, SecurityContextHolderFilter, HeaderWriterFilter, LogoutFilter, JwtFilterConfig$$SpringCGLIB$$0, RequestCacheAwareFilter, SecurityContextHolderAwareRequestFilter, AnonymousAuthenticationFilter, ExceptionTranslationFilter, AuthorizationFilter MDC:[traceId=, spanId=]
2025-01-10 15:31:00 [http-nio-8081-exec-1] DEBUG o.s.security.web.FilterChainProxy - Securing POST /auth/login MDC:[traceId=, spanId=]
2025-01-10 15:31:00 [http-nio-8081-exec-1] DEBUG o.s.security.web.FilterChainProxy - Secured POST /auth/login MDC:[traceId=, spanId=]
2025-01-10 15:31:03 [http-nio-8081-exec-1] DEBUG o.s.s.w.a.AnonymousAuthenticationFilter - Set SecurityContextHolder to anonymous SecurityContext MDC:[traceId=, spanId=]
2025-01-10 15:31:56 [main] INFO  o.s.s.c.a.a.c.InitializeUserDetailsBeanManagerConfigurer$InitializeUserDetailsManagerConfigurer - Global AuthenticationManager configured with UserDetailsService bean with name inMemoryUserDetailsManager MDC:[traceId=, spanId=]
2025-01-10 15:31:56 [main] DEBUG o.s.s.web.DefaultSecurityFilterChain - Will secure any request with filters: DisableEncodeUrlFilter, WebAsyncManagerIntegrationFilter, SecurityContextHolderFilter, HeaderWriterFilter, LogoutFilter, JwtFilterConfig$$SpringCGLIB$$0, RequestCacheAwareFilter, SecurityContextHolderAwareRequestFilter, AnonymousAuthenticationFilter, ExceptionTranslationFilter, AuthorizationFilter MDC:[traceId=, spanId=]
2025-01-10 15:32:00 [http-nio-8081-exec-2] DEBUG o.s.security.web.FilterChainProxy - Securing POST /auth/login MDC:[traceId=, spanId=]
2025-01-10 15:32:00 [http-nio-8081-exec-2] DEBUG o.s.security.web.FilterChainProxy - Secured POST /auth/login MDC:[traceId=, spanId=]
2025-01-10 15:32:04 [http-nio-8081-exec-2] DEBUG o.s.s.w.a.AnonymousAuthenticationFilter - Set SecurityContextHolder to anonymous SecurityContext MDC:[traceId=, spanId=]
2025-01-10 15:33:54 [main] INFO  o.s.s.c.a.a.c.InitializeUserDetailsBeanManagerConfigurer$InitializeUserDetailsManagerConfigurer - Global AuthenticationManager configured with UserDetailsService bean with name inMemoryUserDetailsManager MDC:[traceId=, spanId=]
2025-01-10 15:33:54 [main] DEBUG o.s.s.web.DefaultSecurityFilterChain - Will secure any request with filters: DisableEncodeUrlFilter, WebAsyncManagerIntegrationFilter, SecurityContextHolderFilter, HeaderWriterFilter, LogoutFilter, JwtFilterConfig$$SpringCGLIB$$0, RequestCacheAwareFilter, SecurityContextHolderAwareRequestFilter, AnonymousAuthenticationFilter, ExceptionTranslationFilter, AuthorizationFilter MDC:[traceId=, spanId=]
2025-01-10 15:34:06 [http-nio-8081-exec-1] DEBUG o.s.security.web.FilterChainProxy - Securing POST /auth/login MDC:[traceId=, spanId=]
2025-01-10 15:34:06 [http-nio-8081-exec-1] DEBUG o.s.security.web.FilterChainProxy - Secured POST /auth/login MDC:[traceId=, spanId=]
2025-01-10 15:34:11 [http-nio-8081-exec-1] DEBUG o.s.s.w.a.AnonymousAuthenticationFilter - Set SecurityContextHolder to anonymous SecurityContext MDC:[traceId=, spanId=]
2025-01-10 15:35:14 [http-nio-8081-exec-6] DEBUG o.s.security.web.FilterChainProxy - Securing GET /swagger-ui/index.html MDC:[traceId=, spanId=]
2025-01-10 15:35:14 [http-nio-8081-exec-6] DEBUG o.s.security.web.FilterChainProxy - Secured GET /swagger-ui/index.html MDC:[traceId=, spanId=]
2025-01-10 15:35:14 [http-nio-8081-exec-6] DEBUG o.s.s.w.a.AnonymousAuthenticationFilter - Set SecurityContextHolder to anonymous SecurityContext MDC:[traceId=, spanId=]
2025-01-10 15:35:14 [http-nio-8081-exec-9] DEBUG o.s.security.web.FilterChainProxy - Securing GET /swagger-ui/swagger-initializer.js MDC:[traceId=, spanId=]
2025-01-10 15:35:14 [http-nio-8081-exec-9] DEBUG o.s.security.web.FilterChainProxy - Secured GET /swagger-ui/swagger-initializer.js MDC:[traceId=, spanId=]
2025-01-10 15:35:14 [http-nio-8081-exec-9] DEBUG o.s.s.w.a.AnonymousAuthenticationFilter - Set SecurityContextHolder to anonymous SecurityContext MDC:[traceId=, spanId=]
2025-01-10 15:35:14 [http-nio-8081-exec-10] DEBUG o.s.security.web.FilterChainProxy - Securing GET /v3/api-docs/swagger-config MDC:[traceId=, spanId=]
2025-01-10 15:35:14 [http-nio-8081-exec-10] DEBUG o.s.security.web.FilterChainProxy - Secured GET /v3/api-docs/swagger-config MDC:[traceId=, spanId=]
2025-01-10 15:35:14 [http-nio-8081-exec-10] DEBUG o.s.s.w.a.AnonymousAuthenticationFilter - Set SecurityContextHolder to anonymous SecurityContext MDC:[traceId=, spanId=]
2025-01-10 15:35:14 [http-nio-8081-exec-4] DEBUG o.s.security.web.FilterChainProxy - Securing GET /v3/api-docs MDC:[traceId=, spanId=]
2025-01-10 15:35:14 [http-nio-8081-exec-4] DEBUG o.s.security.web.FilterChainProxy - Secured GET /v3/api-docs MDC:[traceId=, spanId=]
2025-01-10 15:35:15 [http-nio-8081-exec-4] DEBUG o.s.s.w.a.AnonymousAuthenticationFilter - Set SecurityContextHolder to anonymous SecurityContext MDC:[traceId=, spanId=]
2025-01-10 15:35:54 [http-nio-8081-exec-8] DEBUG o.s.security.web.FilterChainProxy - Securing POST /auth/register MDC:[traceId=, spanId=]
2025-01-10 15:35:54 [http-nio-8081-exec-8] DEBUG o.s.security.web.FilterChainProxy - Secured POST /auth/register MDC:[traceId=, spanId=]
2025-01-10 15:35:54 [http-nio-8081-exec-8] DEBUG o.s.s.w.a.AnonymousAuthenticationFilter - Set SecurityContextHolder to anonymous SecurityContext MDC:[traceId=, spanId=]
2025-01-10 15:36:09 [http-nio-8081-exec-2] DEBUG o.s.security.web.FilterChainProxy - Securing POST /auth/register MDC:[traceId=, spanId=]
2025-01-10 15:36:09 [http-nio-8081-exec-2] DEBUG o.s.security.web.FilterChainProxy - Secured POST /auth/register MDC:[traceId=, spanId=]
2025-01-10 15:36:09 [http-nio-8081-exec-2] DEBUG o.s.s.w.a.AnonymousAuthenticationFilter - Set SecurityContextHolder to anonymous SecurityContext MDC:[traceId=, spanId=]
2025-01-10 15:40:00 [main] INFO  o.s.s.c.a.a.c.InitializeUserDetailsBeanManagerConfigurer$InitializeUserDetailsManagerConfigurer - Global AuthenticationManager configured with UserDetailsService bean with name inMemoryUserDetailsManager MDC:[traceId=, spanId=]
2025-01-10 15:40:00 [main] DEBUG o.s.s.web.DefaultSecurityFilterChain - Will secure any request with filters: DisableEncodeUrlFilter, WebAsyncManagerIntegrationFilter, SecurityContextHolderFilter, HeaderWriterFilter, LogoutFilter, JwtFilterConfig$$SpringCGLIB$$0, RequestCacheAwareFilter, SecurityContextHolderAwareRequestFilter, AnonymousAuthenticationFilter, ExceptionTranslationFilter, AuthorizationFilter MDC:[traceId=, spanId=]
2025-01-10 15:40:16 [http-nio-8081-exec-5] DEBUG o.s.security.web.FilterChainProxy - Securing POST /category/create MDC:[traceId=, spanId=]
2025-01-10 15:40:21 [http-nio-8081-exec-3] DEBUG o.s.security.web.FilterChainProxy - Securing POST /auth/login MDC:[traceId=, spanId=]
2025-01-10 15:40:21 [http-nio-8081-exec-3] DEBUG o.s.security.web.FilterChainProxy - Secured POST /auth/login MDC:[traceId=, spanId=]
2025-01-10 15:40:21 [http-nio-8081-exec-3] DEBUG o.s.s.w.a.AnonymousAuthenticationFilter - Set SecurityContextHolder to anonymous SecurityContext MDC:[traceId=, spanId=]
2025-01-10 15:40:33 [http-nio-8081-exec-8] DEBUG o.s.security.web.FilterChainProxy - Securing POST /category/create MDC:[traceId=, spanId=]
2025-01-10 15:40:33 [http-nio-8081-exec-8] DEBUG o.s.security.web.FilterChainProxy - Secured POST /category/create MDC:[traceId=, spanId=]
2025-01-10 15:42:17 [http-nio-8081-exec-7] DEBUG o.s.security.web.FilterChainProxy - Securing POST /category/create MDC:[traceId=, spanId=]
2025-01-10 15:42:17 [http-nio-8081-exec-7] DEBUG o.s.security.web.FilterChainProxy - Secured POST /category/create MDC:[traceId=, spanId=]
2025-01-10 15:42:26 [http-nio-8081-exec-4] DEBUG o.s.security.web.FilterChainProxy - Securing POST /category/create MDC:[traceId=, spanId=]
2025-01-10 15:42:26 [http-nio-8081-exec-4] DEBUG o.s.security.web.FilterChainProxy - Secured POST /category/create MDC:[traceId=, spanId=]
2025-01-10 15:44:40 [http-nio-8081-exec-1] DEBUG o.s.security.web.FilterChainProxy - Securing POST /category/create MDC:[traceId=, spanId=]
2025-01-10 15:44:40 [http-nio-8081-exec-1] DEBUG o.s.security.web.FilterChainProxy - Secured POST /category/create MDC:[traceId=, spanId=]
2025-01-10 15:45:00 [http-nio-8081-exec-5] DEBUG o.s.security.web.FilterChainProxy - Securing DELETE /category/delete/c5a297c4-0008-4b8e-b7a6-35a178688b48 MDC:[traceId=, spanId=]
2025-01-10 15:45:00 [http-nio-8081-exec-5] DEBUG o.s.s.w.a.AnonymousAuthenticationFilter - Set SecurityContextHolder to anonymous SecurityContext MDC:[traceId=, spanId=]
2025-01-10 15:45:00 [http-nio-8081-exec-5] DEBUG o.s.s.w.s.HttpSessionRequestCache - Saved request http://localhost:8081/category/delete/c5a297c4-0008-4b8e-b7a6-35a178688b48?continue to session MDC:[traceId=, spanId=]
2025-01-10 15:45:00 [http-nio-8081-exec-5] DEBUG o.s.s.w.a.Http403ForbiddenEntryPoint - Pre-authenticated entry point called. Rejecting access MDC:[traceId=, spanId=]
2025-01-10 15:45:00 [http-nio-8081-exec-5] DEBUG o.s.security.web.FilterChainProxy - Securing DELETE /error MDC:[traceId=, spanId=]
2025-01-10 15:45:00 [http-nio-8081-exec-5] DEBUG o.s.s.w.a.AnonymousAuthenticationFilter - Set SecurityContextHolder to anonymous SecurityContext MDC:[traceId=, spanId=]
2025-01-10 15:45:00 [http-nio-8081-exec-5] DEBUG o.s.s.w.s.HttpSessionRequestCache - Saved request http://localhost:8081/error?continue to session MDC:[traceId=, spanId=]
2025-01-10 15:45:00 [http-nio-8081-exec-5] DEBUG o.s.s.w.a.Http403ForbiddenEntryPoint - Pre-authenticated entry point called. Rejecting access MDC:[traceId=, spanId=]
2025-01-10 15:45:04 [http-nio-8081-exec-3] DEBUG o.s.security.web.FilterChainProxy - Securing DELETE /category/delete/c5a297c4-0008-4b8e-b7a6-35a178688b48 MDC:[traceId=, spanId=]
2025-01-10 15:45:04 [http-nio-8081-exec-3] DEBUG o.s.s.w.a.AnonymousAuthenticationFilter - Set SecurityContextHolder to anonymous SecurityContext MDC:[traceId=, spanId=]
2025-01-10 15:45:04 [http-nio-8081-exec-3] DEBUG o.s.s.w.s.HttpSessionRequestCache - Saved request http://localhost:8081/category/delete/c5a297c4-0008-4b8e-b7a6-35a178688b48?continue to session MDC:[traceId=, spanId=]
2025-01-10 15:45:04 [http-nio-8081-exec-3] DEBUG o.s.s.w.a.Http403ForbiddenEntryPoint - Pre-authenticated entry point called. Rejecting access MDC:[traceId=, spanId=]
2025-01-10 15:45:04 [http-nio-8081-exec-3] DEBUG o.s.security.web.FilterChainProxy - Securing DELETE /error MDC:[traceId=, spanId=]
2025-01-10 15:45:04 [http-nio-8081-exec-3] DEBUG o.s.s.w.a.AnonymousAuthenticationFilter - Set SecurityContextHolder to anonymous SecurityContext MDC:[traceId=, spanId=]
2025-01-10 15:45:04 [http-nio-8081-exec-3] DEBUG o.s.s.w.s.HttpSessionRequestCache - Saved request http://localhost:8081/error?continue to session MDC:[traceId=, spanId=]
2025-01-10 15:45:04 [http-nio-8081-exec-3] DEBUG o.s.s.w.a.Http403ForbiddenEntryPoint - Pre-authenticated entry point called. Rejecting access MDC:[traceId=, spanId=]
2025-01-10 15:45:22 [http-nio-8081-exec-8] DEBUG o.s.security.web.FilterChainProxy - Securing DELETE /category/delete/c5a297c4-0008-4b8e-b7a6-35a178688b48 MDC:[traceId=, spanId=]
2025-01-10 15:45:22 [http-nio-8081-exec-8] DEBUG o.s.security.web.FilterChainProxy - Secured DELETE /category/delete/c5a297c4-0008-4b8e-b7a6-35a178688b48 MDC:[traceId=, spanId=]
2025-01-10 15:45:38 [http-nio-8081-exec-2] DEBUG o.s.security.web.FilterChainProxy - Securing GET /category/c5a297c4-0008-4b8e-b7a6-35a178688b48 MDC:[traceId=, spanId=]
2025-01-10 15:45:38 [http-nio-8081-exec-2] DEBUG o.s.security.web.FilterChainProxy - Secured GET /category/c5a297c4-0008-4b8e-b7a6-35a178688b48 MDC:[traceId=, spanId=]
2025-01-10 15:56:31 [http-nio-8081-exec-9] DEBUG o.s.security.web.FilterChainProxy - Securing POST /category/create MDC:[traceId=, spanId=]
2025-01-10 15:56:31 [http-nio-8081-exec-9] DEBUG o.s.security.web.FilterChainProxy - Secured POST /category/create MDC:[traceId=, spanId=]
2025-01-10 15:56:41 [http-nio-8081-exec-6] DEBUG o.s.security.web.FilterChainProxy - Securing POST /category/create MDC:[traceId=, spanId=]
2025-01-10 15:56:41 [http-nio-8081-exec-6] DEBUG o.s.security.web.FilterChainProxy - Secured POST /category/create MDC:[traceId=, spanId=]
2025-01-10 16:11:25 [http-nio-8081-exec-8] DEBUG o.s.security.web.FilterChainProxy - Securing POST /category/create MDC:[traceId=, spanId=]
2025-01-10 16:11:29 [http-nio-8081-exec-2] DEBUG o.s.security.web.FilterChainProxy - Securing POST /auth/login MDC:[traceId=, spanId=]
2025-01-10 16:11:29 [http-nio-8081-exec-2] DEBUG o.s.security.web.FilterChainProxy - Secured POST /auth/login MDC:[traceId=, spanId=]
2025-01-10 16:11:29 [http-nio-8081-exec-2] DEBUG o.s.s.w.a.AnonymousAuthenticationFilter - Set SecurityContextHolder to anonymous SecurityContext MDC:[traceId=, spanId=]
2025-01-10 16:11:37 [http-nio-8081-exec-10] DEBUG o.s.security.web.FilterChainProxy - Securing POST /category/create MDC:[traceId=, spanId=]
2025-01-10 16:11:37 [http-nio-8081-exec-10] DEBUG o.s.security.web.FilterChainProxy - Secured POST /category/create MDC:[traceId=, spanId=]
2025-01-10 16:24:22 [http-nio-8081-exec-4] DEBUG o.s.security.web.FilterChainProxy - Securing GET /category/get-all?pageNo=0&pageSize=12 MDC:[traceId=, spanId=]
2025-01-10 16:24:46 [http-nio-8081-exec-1] DEBUG o.s.security.web.FilterChainProxy - Securing POST /auth/login MDC:[traceId=, spanId=]
2025-01-10 16:24:56 [http-nio-8081-exec-3] DEBUG o.s.security.web.FilterChainProxy - Securing POST /auth/login MDC:[traceId=, spanId=]
2025-01-10 16:25:02 [http-nio-8081-exec-2] DEBUG o.s.security.web.FilterChainProxy - Securing POST /auth/login MDC:[traceId=, spanId=]
2025-01-10 16:25:02 [http-nio-8081-exec-2] DEBUG o.s.security.web.FilterChainProxy - Secured POST /auth/login MDC:[traceId=, spanId=]
2025-01-10 16:25:02 [http-nio-8081-exec-2] DEBUG o.s.s.w.a.AnonymousAuthenticationFilter - Set SecurityContextHolder to anonymous SecurityContext MDC:[traceId=, spanId=]
2025-01-10 16:25:21 [http-nio-8081-exec-7] DEBUG o.s.security.web.FilterChainProxy - Securing POST /auth/login MDC:[traceId=, spanId=]
2025-01-10 16:25:31 [http-nio-8081-exec-4] DEBUG o.s.security.web.FilterChainProxy - Securing POST /auth/login MDC:[traceId=, spanId=]
2025-01-10 16:25:52 [http-nio-8081-exec-9] DEBUG o.s.security.web.FilterChainProxy - Securing POST /auth/login MDC:[traceId=, spanId=]
2025-01-10 16:25:52 [http-nio-8081-exec-9] DEBUG o.s.security.web.FilterChainProxy - Secured POST /auth/login MDC:[traceId=, spanId=]
2025-01-10 16:25:52 [http-nio-8081-exec-9] DEBUG o.s.s.w.a.AnonymousAuthenticationFilter - Set SecurityContextHolder to anonymous SecurityContext MDC:[traceId=, spanId=]
2025-01-10 16:26:16 [http-nio-8081-exec-1] DEBUG o.s.security.web.FilterChainProxy - Securing GET /category/get-all?pageNo=0&pageSize=12 MDC:[traceId=, spanId=]
2025-01-10 16:26:23 [http-nio-8081-exec-5] DEBUG o.s.security.web.FilterChainProxy - Securing GET /category/get-all?pageNo=0&pageSize=12 MDC:[traceId=, spanId=]
2025-01-10 16:26:47 [http-nio-8081-exec-3] DEBUG o.s.security.web.FilterChainProxy - Securing GET /category/get-all?pageNo=0&pageSize=12 MDC:[traceId=, spanId=]
2025-01-10 16:26:47 [http-nio-8081-exec-3] DEBUG o.s.security.web.FilterChainProxy - Secured GET /category/get-all?pageNo=0&pageSize=12 MDC:[traceId=, spanId=]
2025-01-10 16:53:10 [main] INFO  o.s.s.c.a.a.c.InitializeUserDetailsBeanManagerConfigurer$InitializeUserDetailsManagerConfigurer - Global AuthenticationManager configured with UserDetailsService bean with name inMemoryUserDetailsManager MDC:[traceId=, spanId=]
2025-01-10 16:53:10 [main] DEBUG o.s.s.web.DefaultSecurityFilterChain - Will secure any request with filters: DisableEncodeUrlFilter, WebAsyncManagerIntegrationFilter, SecurityContextHolderFilter, HeaderWriterFilter, LogoutFilter, JwtFilterConfig$$SpringCGLIB$$0, RequestCacheAwareFilter, SecurityContextHolderAwareRequestFilter, AnonymousAuthenticationFilter, ExceptionTranslationFilter, AuthorizationFilter MDC:[traceId=, spanId=]
2025-01-10 16:53:16 [http-nio-8081-exec-2] DEBUG o.s.security.web.FilterChainProxy - Securing POST /auth/login MDC:[traceId=, spanId=]
2025-01-10 16:53:16 [http-nio-8081-exec-2] DEBUG o.s.security.web.FilterChainProxy - Secured POST /auth/login MDC:[traceId=, spanId=]
2025-01-10 16:53:17 [http-nio-8081-exec-2] DEBUG o.s.s.w.a.AnonymousAuthenticationFilter - Set SecurityContextHolder to anonymous SecurityContext MDC:[traceId=, spanId=]
2025-01-10 16:54:45 [main] INFO  o.s.s.c.a.a.c.InitializeUserDetailsBeanManagerConfigurer$InitializeUserDetailsManagerConfigurer - Global AuthenticationManager configured with UserDetailsService bean with name inMemoryUserDetailsManager MDC:[traceId=, spanId=]
2025-01-10 16:54:46 [main] DEBUG o.s.s.web.DefaultSecurityFilterChain - Will secure any request with filters: DisableEncodeUrlFilter, WebAsyncManagerIntegrationFilter, SecurityContextHolderFilter, HeaderWriterFilter, LogoutFilter, JwtFilterConfig$$SpringCGLIB$$0, RequestCacheAwareFilter, SecurityContextHolderAwareRequestFilter, AnonymousAuthenticationFilter, ExceptionTranslationFilter, AuthorizationFilter MDC:[traceId=, spanId=]
2025-01-10 16:54:51 [http-nio-8081-exec-1] DEBUG o.s.security.web.FilterChainProxy - Securing POST /auth/login MDC:[traceId=, spanId=]
2025-01-10 16:54:51 [http-nio-8081-exec-1] DEBUG o.s.security.web.FilterChainProxy - Secured POST /auth/login MDC:[traceId=, spanId=]
2025-01-10 16:54:52 [http-nio-8081-exec-1] DEBUG o.s.s.w.a.AnonymousAuthenticationFilter - Set SecurityContextHolder to anonymous SecurityContext MDC:[traceId=, spanId=]
2025-01-10 16:58:09 [main] INFO  o.s.s.c.a.a.c.InitializeUserDetailsBeanManagerConfigurer$InitializeUserDetailsManagerConfigurer - Global AuthenticationManager configured with UserDetailsService bean with name inMemoryUserDetailsManager MDC:[traceId=, spanId=]
2025-01-10 16:58:09 [main] DEBUG o.s.s.web.DefaultSecurityFilterChain - Will secure any request with filters: DisableEncodeUrlFilter, WebAsyncManagerIntegrationFilter, SecurityContextHolderFilter, HeaderWriterFilter, LogoutFilter, JwtFilterConfig$$SpringCGLIB$$0, RequestCacheAwareFilter, SecurityContextHolderAwareRequestFilter, AnonymousAuthenticationFilter, ExceptionTranslationFilter, AuthorizationFilter MDC:[traceId=, spanId=]
2025-01-10 16:58:15 [http-nio-8081-exec-2] DEBUG o.s.security.web.FilterChainProxy - Securing POST /auth/login MDC:[traceId=, spanId=]
2025-01-10 16:58:15 [http-nio-8081-exec-2] DEBUG o.s.security.web.FilterChainProxy - Secured POST /auth/login MDC:[traceId=, spanId=]
2025-01-10 16:58:16 [http-nio-8081-exec-2] DEBUG o.s.s.w.a.AnonymousAuthenticationFilter - Set SecurityContextHolder to anonymous SecurityContext MDC:[traceId=, spanId=]
2025-01-10 17:01:05 [main] INFO  o.s.s.c.a.a.c.InitializeUserDetailsBeanManagerConfigurer$InitializeUserDetailsManagerConfigurer - Global AuthenticationManager configured with UserDetailsService bean with name inMemoryUserDetailsManager MDC:[traceId=, spanId=]
2025-01-10 17:01:06 [main] DEBUG o.s.s.web.DefaultSecurityFilterChain - Will secure any request with filters: DisableEncodeUrlFilter, WebAsyncManagerIntegrationFilter, SecurityContextHolderFilter, HeaderWriterFilter, LogoutFilter, JwtFilterConfig$$SpringCGLIB$$0, RequestCacheAwareFilter, SecurityContextHolderAwareRequestFilter, AnonymousAuthenticationFilter, ExceptionTranslationFilter, AuthorizationFilter MDC:[traceId=, spanId=]
2025-01-10 17:01:10 [http-nio-8081-exec-2] DEBUG o.s.security.web.FilterChainProxy - Securing POST /auth/login MDC:[traceId=, spanId=]
2025-01-10 17:01:10 [http-nio-8081-exec-2] DEBUG o.s.security.web.FilterChainProxy - Secured POST /auth/login MDC:[traceId=, spanId=]
2025-01-10 17:01:11 [http-nio-8081-exec-2] DEBUG o.s.s.w.a.AnonymousAuthenticationFilter - Set SecurityContextHolder to anonymous SecurityContext MDC:[traceId=, spanId=]
2025-01-10 17:01:21 [http-nio-8081-exec-4] DEBUG o.s.security.web.FilterChainProxy - Securing POST /category/create MDC:[traceId=, spanId=]
2025-01-10 17:01:36 [http-nio-8081-exec-5] DEBUG o.s.security.web.FilterChainProxy - Securing POST /category/create MDC:[traceId=, spanId=]
2025-01-10 17:01:36 [http-nio-8081-exec-5] DEBUG o.s.security.web.FilterChainProxy - Secured POST /category/create MDC:[traceId=, spanId=]
2025-01-10 17:04:11 [main] INFO  o.s.s.c.a.a.c.InitializeUserDetailsBeanManagerConfigurer$InitializeUserDetailsManagerConfigurer - Global AuthenticationManager configured with UserDetailsService bean with name inMemoryUserDetailsManager MDC:[traceId=, spanId=]
2025-01-10 17:04:12 [main] DEBUG o.s.s.web.DefaultSecurityFilterChain - Will secure any request with filters: DisableEncodeUrlFilter, WebAsyncManagerIntegrationFilter, SecurityContextHolderFilter, HeaderWriterFilter, LogoutFilter, JwtFilterConfig$$SpringCGLIB$$0, RequestCacheAwareFilter, SecurityContextHolderAwareRequestFilter, AnonymousAuthenticationFilter, ExceptionTranslationFilter, AuthorizationFilter MDC:[traceId=, spanId=]
2025-01-10 17:04:16 [http-nio-8081-exec-1] DEBUG o.s.security.web.FilterChainProxy - Securing POST /category/create MDC:[traceId=, spanId=]
2025-01-10 17:04:17 [http-nio-8081-exec-1] DEBUG o.s.security.web.FilterChainProxy - Secured POST /category/create MDC:[traceId=, spanId=]
2025-01-10 17:05:19 [main] INFO  o.s.s.c.a.a.c.InitializeUserDetailsBeanManagerConfigurer$InitializeUserDetailsManagerConfigurer - Global AuthenticationManager configured with UserDetailsService bean with name inMemoryUserDetailsManager MDC:[traceId=, spanId=]
2025-01-10 17:05:20 [main] DEBUG o.s.s.web.DefaultSecurityFilterChain - Will secure any request with filters: DisableEncodeUrlFilter, WebAsyncManagerIntegrationFilter, SecurityContextHolderFilter, HeaderWriterFilter, LogoutFilter, JwtFilterConfig$$SpringCGLIB$$0, RequestCacheAwareFilter, SecurityContextHolderAwareRequestFilter, AnonymousAuthenticationFilter, ExceptionTranslationFilter, AuthorizationFilter MDC:[traceId=, spanId=]
2025-01-10 17:05:25 [http-nio-8081-exec-2] DEBUG o.s.security.web.FilterChainProxy - Securing POST /category/create MDC:[traceId=, spanId=]
2025-01-10 17:05:26 [http-nio-8081-exec-2] DEBUG o.s.security.web.FilterChainProxy - Secured POST /category/create MDC:[traceId=, spanId=]
2025-01-10 17:07:42 [main] INFO  o.s.s.c.a.a.c.InitializeUserDetailsBeanManagerConfigurer$InitializeUserDetailsManagerConfigurer - Global AuthenticationManager configured with UserDetailsService bean with name inMemoryUserDetailsManager MDC:[traceId=, spanId=]
2025-01-10 17:07:42 [main] DEBUG o.s.s.web.DefaultSecurityFilterChain - Will secure any request with filters: DisableEncodeUrlFilter, WebAsyncManagerIntegrationFilter, SecurityContextHolderFilter, HeaderWriterFilter, LogoutFilter, JwtFilterConfig$$SpringCGLIB$$0, RequestCacheAwareFilter, SecurityContextHolderAwareRequestFilter, AnonymousAuthenticationFilter, ExceptionTranslationFilter, AuthorizationFilter MDC:[traceId=, spanId=]
2025-01-10 17:07:48 [http-nio-8081-exec-3] DEBUG o.s.security.web.FilterChainProxy - Securing POST /category/create MDC:[traceId=, spanId=]
2025-01-10 17:07:49 [http-nio-8081-exec-3] DEBUG o.s.security.web.FilterChainProxy - Secured POST /category/create MDC:[traceId=, spanId=]
2025-01-10 17:11:29 [main] INFO  o.s.s.c.a.a.c.InitializeUserDetailsBeanManagerConfigurer$InitializeUserDetailsManagerConfigurer - Global AuthenticationManager configured with UserDetailsService bean with name inMemoryUserDetailsManager MDC:[traceId=, spanId=]
2025-01-10 17:11:30 [main] DEBUG o.s.s.web.DefaultSecurityFilterChain - Will secure any request with filters: DisableEncodeUrlFilter, WebAsyncManagerIntegrationFilter, SecurityContextHolderFilter, HeaderWriterFilter, LogoutFilter, JwtFilterConfig$$SpringCGLIB$$0, RequestCacheAwareFilter, SecurityContextHolderAwareRequestFilter, AnonymousAuthenticationFilter, ExceptionTranslationFilter, AuthorizationFilter MDC:[traceId=, spanId=]
2025-01-10 17:12:14 [http-nio-8081-exec-3] DEBUG o.s.security.web.FilterChainProxy - Securing POST /category/create MDC:[traceId=, spanId=]
2025-01-10 17:12:15 [http-nio-8081-exec-3] DEBUG o.s.security.web.FilterChainProxy - Secured POST /category/create MDC:[traceId=, spanId=]
2025-01-10 17:12:34 [http-nio-8081-exec-2] DEBUG o.s.security.web.FilterChainProxy - Securing POST /auth/login MDC:[traceId=, spanId=]
2025-01-10 17:12:34 [http-nio-8081-exec-2] DEBUG o.s.security.web.FilterChainProxy - Secured POST /auth/login MDC:[traceId=, spanId=]
2025-01-10 17:12:35 [http-nio-8081-exec-2] DEBUG o.s.s.w.a.AnonymousAuthenticationFilter - Set SecurityContextHolder to anonymous SecurityContext MDC:[traceId=, spanId=]
2025-01-10 17:13:20 [http-nio-8081-exec-4] DEBUG o.s.security.web.FilterChainProxy - Securing POST /auth/login MDC:[traceId=, spanId=]
2025-01-10 17:13:20 [http-nio-8081-exec-4] DEBUG o.s.security.web.FilterChainProxy - Secured POST /auth/login MDC:[traceId=, spanId=]
2025-01-10 17:13:20 [http-nio-8081-exec-4] DEBUG o.s.s.w.a.AnonymousAuthenticationFilter - Set SecurityContextHolder to anonymous SecurityContext MDC:[traceId=, spanId=]
2025-01-10 17:15:49 [main] INFO  o.s.s.c.a.a.c.InitializeUserDetailsBeanManagerConfigurer$InitializeUserDetailsManagerConfigurer - Global AuthenticationManager configured with UserDetailsService bean with name inMemoryUserDetailsManager MDC:[traceId=, spanId=]
2025-01-10 17:15:50 [main] DEBUG o.s.s.web.DefaultSecurityFilterChain - Will secure any request with filters: DisableEncodeUrlFilter, WebAsyncManagerIntegrationFilter, SecurityContextHolderFilter, HeaderWriterFilter, LogoutFilter, JwtFilterConfig$$SpringCGLIB$$0, RequestCacheAwareFilter, SecurityContextHolderAwareRequestFilter, AnonymousAuthenticationFilter, ExceptionTranslationFilter, AuthorizationFilter MDC:[traceId=, spanId=]
2025-01-10 17:15:59 [http-nio-8081-exec-1] DEBUG o.s.security.web.FilterChainProxy - Securing POST /auth/login MDC:[traceId=, spanId=]
2025-01-10 17:15:59 [http-nio-8081-exec-1] DEBUG o.s.security.web.FilterChainProxy - Secured POST /auth/login MDC:[traceId=, spanId=]
2025-01-10 17:16:01 [http-nio-8081-exec-1] DEBUG o.s.s.w.a.AnonymousAuthenticationFilter - Set SecurityContextHolder to anonymous SecurityContext MDC:[traceId=, spanId=]
2025-01-10 17:21:16 [http-nio-8081-exec-3] DEBUG o.s.security.web.FilterChainProxy - Securing POST /auth/login MDC:[traceId=, spanId=]
2025-01-10 17:21:16 [http-nio-8081-exec-3] DEBUG o.s.security.web.FilterChainProxy - Secured POST /auth/login MDC:[traceId=, spanId=]
2025-01-10 17:21:16 [http-nio-8081-exec-3] DEBUG o.s.s.w.a.AnonymousAuthenticationFilter - Set SecurityContextHolder to anonymous SecurityContext MDC:[traceId=, spanId=]
2025-01-10 17:21:40 [main] INFO  o.s.s.c.a.a.c.InitializeUserDetailsBeanManagerConfigurer$InitializeUserDetailsManagerConfigurer - Global AuthenticationManager configured with UserDetailsService bean with name inMemoryUserDetailsManager MDC:[traceId=, spanId=]
2025-01-10 17:21:41 [main] DEBUG o.s.s.web.DefaultSecurityFilterChain - Will secure any request with filters: DisableEncodeUrlFilter, WebAsyncManagerIntegrationFilter, SecurityContextHolderFilter, HeaderWriterFilter, LogoutFilter, JwtFilterConfig$$SpringCGLIB$$0, RequestCacheAwareFilter, SecurityContextHolderAwareRequestFilter, AnonymousAuthenticationFilter, ExceptionTranslationFilter, AuthorizationFilter MDC:[traceId=, spanId=]
2025-01-10 17:21:46 [http-nio-8081-exec-1] DEBUG o.s.security.web.FilterChainProxy - Securing POST /auth/login MDC:[traceId=, spanId=]
2025-01-10 17:21:46 [http-nio-8081-exec-1] DEBUG o.s.security.web.FilterChainProxy - Secured POST /auth/login MDC:[traceId=, spanId=]
2025-01-10 17:21:48 [http-nio-8081-exec-1] DEBUG o.s.s.w.a.AnonymousAuthenticationFilter - Set SecurityContextHolder to anonymous SecurityContext MDC:[traceId=, spanId=]
2025-01-10 17:23:07 [http-nio-8081-exec-5] DEBUG o.s.security.web.FilterChainProxy - Securing POST /auth/login MDC:[traceId=, spanId=]
2025-01-10 17:23:07 [http-nio-8081-exec-5] DEBUG o.s.security.web.FilterChainProxy - Secured POST /auth/login MDC:[traceId=, spanId=]
2025-01-10 17:23:07 [http-nio-8081-exec-5] DEBUG o.s.s.w.a.AnonymousAuthenticationFilter - Set SecurityContextHolder to anonymous SecurityContext MDC:[traceId=, spanId=]
2025-01-10 17:24:21 [http-nio-8081-exec-7] DEBUG o.s.security.web.FilterChainProxy - Securing POST /auth/login MDC:[traceId=, spanId=]
2025-01-10 17:24:21 [http-nio-8081-exec-7] DEBUG o.s.security.web.FilterChainProxy - Secured POST /auth/login MDC:[traceId=, spanId=]
2025-01-10 17:24:22 [http-nio-8081-exec-7] DEBUG o.s.s.w.a.AnonymousAuthenticationFilter - Set SecurityContextHolder to anonymous SecurityContext MDC:[traceId=, spanId=]
2025-01-10 17:25:44 [main] INFO  o.s.s.c.a.a.c.InitializeUserDetailsBeanManagerConfigurer$InitializeUserDetailsManagerConfigurer - Global AuthenticationManager configured with UserDetailsService bean with name inMemoryUserDetailsManager MDC:[traceId=, spanId=]
2025-01-10 17:25:44 [main] DEBUG o.s.s.web.DefaultSecurityFilterChain - Will secure any request with filters: DisableEncodeUrlFilter, WebAsyncManagerIntegrationFilter, SecurityContextHolderFilter, HeaderWriterFilter, LogoutFilter, JwtFilterConfig$$SpringCGLIB$$0, RequestCacheAwareFilter, SecurityContextHolderAwareRequestFilter, AnonymousAuthenticationFilter, ExceptionTranslationFilter, AuthorizationFilter MDC:[traceId=, spanId=]
2025-01-10 17:25:50 [http-nio-8081-exec-1] DEBUG o.s.security.web.FilterChainProxy - Securing POST /auth/login MDC:[traceId=, spanId=]
2025-01-10 17:25:50 [http-nio-8081-exec-1] DEBUG o.s.security.web.FilterChainProxy - Secured POST /auth/login MDC:[traceId=, spanId=]
2025-01-10 17:25:52 [http-nio-8081-exec-1] DEBUG o.s.s.w.a.AnonymousAuthenticationFilter - Set SecurityContextHolder to anonymous SecurityContext MDC:[traceId=, spanId=]
2025-01-10 17:28:05 [http-nio-8081-exec-6] DEBUG o.s.security.web.FilterChainProxy - Securing POST /auth/login MDC:[traceId=, spanId=]
2025-01-10 17:28:05 [http-nio-8081-exec-6] DEBUG o.s.security.web.FilterChainProxy - Secured POST /auth/login MDC:[traceId=, spanId=]
2025-01-10 17:28:05 [http-nio-8081-exec-6] DEBUG o.s.s.w.a.AnonymousAuthenticationFilter - Set SecurityContextHolder to anonymous SecurityContext MDC:[traceId=, spanId=]
2025-01-10 17:31:26 [http-nio-8081-exec-4] DEBUG o.s.security.web.FilterChainProxy - Securing POST /auth/login MDC:[traceId=, spanId=]
2025-01-10 17:31:26 [http-nio-8081-exec-4] DEBUG o.s.security.web.FilterChainProxy - Secured POST /auth/login MDC:[traceId=, spanId=]
2025-01-10 17:31:26 [http-nio-8081-exec-4] DEBUG o.s.s.w.a.AnonymousAuthenticationFilter - Set SecurityContextHolder to anonymous SecurityContext MDC:[traceId=, spanId=]
2025-01-10 17:34:28 [http-nio-8081-exec-2] DEBUG o.s.security.web.FilterChainProxy - Securing POST /auth/login MDC:[traceId=, spanId=]
2025-01-10 17:34:28 [http-nio-8081-exec-2] DEBUG o.s.security.web.FilterChainProxy - Secured POST /auth/login MDC:[traceId=, spanId=]
2025-01-10 17:34:28 [http-nio-8081-exec-2] DEBUG o.s.s.w.a.AnonymousAuthenticationFilter - Set SecurityContextHolder to anonymous SecurityContext MDC:[traceId=, spanId=]
2025-01-10 17:34:50 [http-nio-8081-exec-1] DEBUG o.s.security.web.FilterChainProxy - Securing POST /auth/login MDC:[traceId=, spanId=]
2025-01-10 17:34:50 [http-nio-8081-exec-1] DEBUG o.s.security.web.FilterChainProxy - Secured POST /auth/login MDC:[traceId=, spanId=]
2025-01-10 17:34:50 [http-nio-8081-exec-1] DEBUG o.s.s.w.a.AnonymousAuthenticationFilter - Set SecurityContextHolder to anonymous SecurityContext MDC:[traceId=, spanId=]
2025-01-10 17:54:59 [http-nio-8081-exec-6] DEBUG o.s.security.web.FilterChainProxy - Securing POST /auth/login MDC:[traceId=, spanId=]
2025-01-10 17:54:59 [http-nio-8081-exec-6] DEBUG o.s.security.web.FilterChainProxy - Secured POST /auth/login MDC:[traceId=, spanId=]
2025-01-10 17:54:59 [http-nio-8081-exec-6] DEBUG o.s.s.w.a.AnonymousAuthenticationFilter - Set SecurityContextHolder to anonymous SecurityContext MDC:[traceId=, spanId=]
